"region","year","site","burrow_name","prey_weeks","start_prey","end_prey","prey_week_range","prey_discrep","nest_succ"
"SS","2015","Amsterdam Bay","1",2,27,28,2,0,"N"
"SS","2015","Amsterdam Bay","2",3,28,31,4,1,"Y"
"SS","2015","Amsterdam Bay","3",1,28,28,1,0,"N"
"SS","2015","Big Fish Trap","A",4,27,30,4,0,"Y"
"SS","2015","Burfoot Park","2",1,33,33,1,0,"N"
"SS","2015","Burfoot Park","3",2,26,27,2,0,"N"
"SS","2015","Burfoot Park","4",3,26,28,3,0,"Y"
"SS","2015","Burfoot Park","5",4,29,32,4,0,"Y"
"SS","2015","Burfoot Park","6",4,27,31,5,1,"Y"
"SS","2015","Butterball North","2",1,31,31,1,0,"N"
"SS","2015","Cole Pt","1",5,26,31,6,1,"Y"
"SS","2015","Cole Pt","2",2,28,30,3,1,"Y"
"SS","2015","Cole Pt","3",3,29,32,4,1,"Y"
"SS","2015","Compass Rock","1",1,28,28,1,0,"N"
"SS","2015","Flapjack","B",2,27,28,2,0,"N"
"SS","2015","Higgins Cove","1",4,27,32,6,2,"Y"
"SS","2015","Higgins Cove","2",2,28,29,2,0,"N"
"SS","2015","Ketron SE","1",1,30,30,1,0,"N"
"SS","2015","Ketron SE","3",2,32,33,2,0,"N"
"SS","2015","Lyle Point","12",1,28,28,1,0,"N"
"SS","2015","Lyle Point","2",1,35,35,1,0,"N"
"SS","2015","Totten Elizan C","1",2,25,27,3,1,"Y"
"SS","2015","Totten Legacy","1",3,27,29,3,0,"Y"
"SS","2015","Walnut Rd A","1",2,28,30,3,1,"Y"
"SS","2015","Walnut Rd C","1",2,29,30,2,0,"N"
"SS","2015","Youngs Cove B","1",4,25,29,5,1,"Y"
"SS","2015","Youngs Cove B","3",4,26,29,4,0,"Y"
"SS","2015","Youngs Cove C","1",3,30,32,3,0,"Y"
"SS","2015","Youngs Cove D","1",3,26,30,5,2,"Y"
"SS","2015","Youngs Cove E","1",1,29,29,1,0,"N"
"SS","2015","Youngs Cove E","3",1,29,29,1,0,"N"
"SS","2015","Youngs Cove F","1 ",1,27,27,1,0,"N"
"SS","2015","Zangle Cove A","1",2,24,26,3,1,"Y"
"SS","2015","Zangle Cove A","4",4,26,30,5,1,"Y"
"SS","2015","Zittels Marina","1",1,27,27,1,0,"N"
"SS","2016","Briscoe Pt","1",3,23,26,4,1,"Y"
"SS","2016","Briscoe Pt","2",2,24,27,4,2,"Y"
"SS","2016","Briscoe Pt","3",2,25,26,2,0,"N"
"SS","2016","Briscoe Pt","4",3,25,27,3,0,"Y"
"SS","2016","Burfoot Park","1",2,26,27,2,0,"N"
"SS","2016","Burfoot Park","2",4,26,29,4,0,"Y"
"SS","2016","Burfoot Park","3",3,25,27,3,0,"Y"
"SS","2016","Butterball Cove South A","1",6,27,35,9,3,"Y"
"SS","2016","Butterball Cove South A","2",3,25,29,5,2,"Y"
"SS","2016","Butterball Cove South A","4",5,27,31,5,0,"Y"
"SS","2016","Cole Pt","1",3,24,28,5,2,"Y"
"SS","2016","Cole Pt","2",1,26,26,1,0,"N"
"SS","2016","Cole Pt","3",1,26,26,1,0,"N"
"SS","2016","Flapjack","1",3,26,30,5,2,"Y"
"SS","2016","Flapjack","2",1,30,30,1,0,"N"
"SS","2016","Flapjack","FB",1,27,27,1,0,"N"
"SS","2016","Gull Harbor","1",1,27,27,1,0,"N"
"SS","2016","Gull Harbor","8",1,27,27,1,0,"N"
"SS","2016","Higgins Cove","1",4,27,30,4,0,"Y"
"SS","2016","Higgins Cove","2",3,27,30,4,1,"Y"
"SS","2016","Lyle Point","1",2,26,28,3,1,"Y"
"SS","2016","Lyle Point","2",1,28,28,1,0,"N"
"SS","2016","Lyle Point","3",3,28,30,3,0,"Y"
"SS","2016","Lyle Point","4",1,26,26,1,0,"N"
"SS","2016","Mill Bight A","FB",4,26,29,4,0,"Y"
"SS","2016","Mill Bight B","1",1,32,32,1,0,"N"
"SS","2016","Mill Bight B","2",3,30,32,3,0,"Y"
"SS","2016","Totten Elizan A North","AN",1,33,33,1,0,"N"
"SS","2016","Totten Elizan C","1",3,23,26,4,1,"Y"
"SS","2016","Totten Legacy","1",3,26,29,4,1,"Y"
"SS","2016","Walnut Rd B","FB",1,28,28,1,0,"N"
"SS","2016","Walnut Rd C","1",2,28,29,2,0,"N"
"SS","2016","Youngs Cove A","1",3,28,31,4,1,"Y"
"SS","2016","Youngs Cove A","2",2,25,28,4,2,"Y"
"SS","2016","Youngs Cove B","1",2,23,25,3,1,"Y"
"SS","2016","Youngs Cove C","1",3,24,28,5,2,"Y"
"SS","2016","Youngs Cove D","1",2,27,28,2,0,"N"
"SS","2016","Youngs Cove E","1",1,25,25,1,0,"N"
"SS","2016","Youngs Cove E","2",1,30,30,1,0,"N"
"SS","2016","Zangle Cove A","1",3,24,28,5,2,"Y"
"SS","2017","Andys Marine Park South","1",6,27,32,6,0,"Y"
"SS","2017","Andys Marine Park South","2",2,26,28,3,1,"Y"
"SS","2017","Andys Marine Park South","3",4,27,32,6,2,"Y"
"SS","2017","Andys Marine Park West","1",3,28,30,3,0,"Y"
"SS","2017","Beachcrest","1",3,30,32,3,0,"Y"
"SS","2017","Briscoe Pt","10",2,26,29,4,2,"Y"
"SS","2017","Briscoe Pt","3",2,27,28,2,0,"N"
"SS","2017","Briscoe Pt","4",1,28,28,1,0,"N"
"SS","2017","Briscoe Pt","9",1,27,27,1,0,"N"
"SS","2017","Burfoot Extended","1",1,29,29,1,0,"N"
"SS","2017","Burfoot Extended","3",1,29,29,1,0,"N"
"SS","2017","Burfoot Park","1",4,27,30,4,0,"Y"
"SS","2017","Burfoot Park","2",4,24,28,5,1,"Y"
"SS","2017","Burfoot Park","3",4,25,28,4,0,"Y"
"SS","2017","Burfoot Park","5",1,28,28,1,0,"N"
"SS","2017","Butterball Cove South A","1",4,27,32,6,2,"Y"
"SS","2017","Butterball Cove South A","2",5,27,32,6,1,"Y"
"SS","2017","Butterball Cove South A","3",3,29,32,4,1,"Y"
"SS","2017","Butterball Cove South A","4",3,30,32,3,0,"Y"
"SS","2017","Butterball North","A",7,31,37,7,0,"Y"
"SS","2017","Butterball North","C",1,33,33,1,0,"N"
"SS","2017","Flapjack","1",4,25,28,4,0,"Y"
"SS","2017","Flapjack","2",1,28,28,1,0,"N"
"SS","2017","Gull Harbor","1",2,24,26,3,1,"Y"
"SS","2017","Gull Harbor","8",1,31,31,1,0,"N"
"SS","2017","Ketron SE","3",3,27,29,3,0,"Y"
"SS","2017","Ketron SW","3",1,29,29,1,0,"N"
"SS","2017","Ketron SW","4",1,28,28,1,0,"N"
"SS","2017","Lyle Point","1",1,28,28,1,0,"N"
"SS","2017","Lyle Point","2",2,28,29,2,0,"N"
"SS","2017","Lyle Point","4",1,29,29,1,0,"N"
"SS","2017","Mill Bight A","1",5,27,31,5,0,"Y"
"SS","2017","Mill Bight B","1",2,30,31,2,0,"N"
"SS","2017","Mill Bight B","2",3,30,32,3,0,"Y"
"SS","2017","Mill Bight B Extended","2",1,32,32,1,0,"N"
"SS","2017","Sandy Pt","1",6,25,30,6,0,"Y"
"SS","2017","Sandy Pt","2",6,26,32,7,1,"Y"
"SS","2017","Sandy Pt","3",2,27,30,4,2,"Y"
"SS","2017","Totten Elizan A Tower","tower",1,30,30,1,0,"N"
"SS","2017","Totten Legacy","2",1,30,30,1,0,"N"
"SS","2017","Totten Legacy","fb",3,27,31,5,2,"Y"
"SS","2017","Walnut Rd A","1",2,29,30,2,0,"N"
"SS","2017","Walnut Rd A","2",3,28,32,5,2,"Y"
"SS","2017","Walnut Rd A","3",1,28,28,1,0,"N"
"SS","2017","Walnut Rd B","3",1,30,30,1,0,"N"
"SS","2017","Walnut Rd C","1",1,27,27,1,0,"N"
"SS","2017","Youngs Cove A","3",3,28,30,3,0,"Y"
"SS","2017","Youngs Cove A","5",2,28,29,2,0,"N"
"SS","2017","Youngs Cove C","1",3,28,31,4,1,"Y"
"SS","2017","Youngs Cove E","1",4,25,28,4,0,"Y"
"SS","2017","Youngs Cove E","2",5,24,28,5,0,"Y"
"SS","2017","Zangle Cove A","1",3,31,35,5,2,"Y"
"Whidbey","2008","Cliffside","1",3,26,28,3,0,"Y"
"Whidbey","2008","Cliffside","10",1,28,28,1,0,"N"
"Whidbey","2008","Cliffside","11",1,28,28,1,0,"N"
"Whidbey","2008","Cliffside","2",1,28,28,1,0,"N"
"Whidbey","2008","Cliffside","3",1,28,28,1,0,"N"
"Whidbey","2008","Cliffside","4",1,28,28,1,0,"N"
"Whidbey","2008","Cliffside","5",2,27,28,2,0,"N"
"Whidbey","2008","Cliffside","6",1,27,27,1,0,"N"
"Whidbey","2008","Cliffside","8",1,28,28,1,0,"N"
"Whidbey","2008","Crescent Harbor","2",1,31,31,1,0,"N"
"Whidbey","2008","Crescent Harbor","3",3,27,31,5,2,"Y"
"Whidbey","2008","Crescent Harbor","5",2,27,29,3,1,"Y"
"Whidbey","2008","Crescent Harbor","8",1,29,29,1,0,"N"
"Whidbey","2008","Double Bluff North","1",1,31,31,1,0,"N"
"Whidbey","2008","Double Bluff North","10",1,27,27,1,0,"N"
"Whidbey","2008","Double Bluff North","15",1,28,28,1,0,"N"
"Whidbey","2008","Double Bluff North","16",3,28,31,4,1,"Y"
"Whidbey","2008","Double Bluff North","17",1,29,29,1,0,"N"
"Whidbey","2008","Double Bluff North","18",2,30,31,2,0,"N"
"Whidbey","2008","Double Bluff North","19",2,28,30,3,1,"Y"
"Whidbey","2008","Double Bluff North","2",1,28,28,1,0,"N"
"Whidbey","2008","Double Bluff North","20",2,30,32,3,1,"Y"
"Whidbey","2008","Double Bluff North","21",3,29,31,3,0,"Y"
"Whidbey","2008","Double Bluff North","23",2,30,33,4,2,"Y"
"Whidbey","2008","Double Bluff North","24",1,30,30,1,0,"N"
"Whidbey","2008","Double Bluff North","25",1,31,31,1,0,"N"
"Whidbey","2008","Double Bluff North","26",1,33,33,1,0,"N"
"Whidbey","2008","Double Bluff North","27",1,33,33,1,0,"N"
"Whidbey","2008","Double Bluff North","4",3,28,32,5,2,"Y"
"Whidbey","2008","Double Bluff North","8",2,27,28,2,0,"N"
"Whidbey","2008","Double Bluff North","9",4,27,31,5,1,"Y"
"Whidbey","2008","Forbes Point","1",1,32,32,1,0,"N"
"Whidbey","2008","Forbes Point","5",2,30,32,3,1,"Y"
"Whidbey","2008","Forbes Point","6",1,32,32,1,0,"N"
"Whidbey","2008","Forbes Point","7",1,32,32,1,0,"N"
"Whidbey","2008","Fort Casey","ART",2,27,30,4,2,"Y"
"Whidbey","2008","Fort Casey","CC",1,30,30,1,0,"N"
"Whidbey","2008","Fort Casey","LPC 1",1,30,30,1,0,"N"
"Whidbey","2008","Fort Casey","LPC 2",1,30,30,1,0,"N"
"Whidbey","2008","Fort Casey","SLC",1,28,28,1,0,"N"
"Whidbey","2008","Fort Casey","TSC",1,28,28,1,0,"N"
"Whidbey","2008","Hancock Lake","1",2,27,29,3,1,"Y"
"Whidbey","2008","Hancock Lake","12",2,30,31,2,0,"N"
"Whidbey","2008","Hancock Lake","15",1,31,31,1,0,"N"
"Whidbey","2008","Hancock Lake","2",2,27,32,6,4,"Y"
"Whidbey","2008","Hancock Lake","4",1,29,29,1,0,"N"
"Whidbey","2008","Hancock Lake","5",1,31,31,1,0,"N"
"Whidbey","2008","Hancock Lake","6",1,32,32,1,0,"N"
"Whidbey","2008","Hancock Lake","7",1,31,31,1,0,"N"
"Whidbey","2008","Hancock Lake","8",2,29,31,3,1,"Y"
"Whidbey","2008","Hancock Lake","9",1,29,29,1,0,"N"
"Whidbey","2008","Hancock Lake","C",1,31,31,1,0,"N"
"Whidbey","2008","Hancock Lake","H",1,31,31,1,0,"N"
"Whidbey","2008","Hancock Lake","J",1,28,28,1,0,"N"
"Whidbey","2008","Hancock Lake","L",1,31,31,1,0,"N"
"Whidbey","2008","Harrington North","1",2,29,30,2,0,"N"
"Whidbey","2008","Harrington North","2",2,28,30,3,1,"Y"
"Whidbey","2008","Harrington North","3",2,28,29,2,0,"N"
"Whidbey","2008","Harrington North","4",3,28,30,3,0,"Y"
"Whidbey","2008","Harrington North","5",2,29,30,2,0,"N"
"Whidbey","2008","Harrington North","6",1,30,30,1,0,"N"
"Whidbey","2008","Harrington North","7",2,29,30,2,0,"N"
"Whidbey","2008","Harrington North","A ",1,26,26,1,0,"N"
"Whidbey","2008","Harrington North","B",1,26,26,1,0,"N"
"Whidbey","2008","Harrington North","C",1,27,27,1,0,"N"
"Whidbey","2008","Harrington North","D",1,27,27,1,0,"N"
"Whidbey","2008","Harrington North","E",1,27,27,1,0,"N"
"Whidbey","2008","Harrington South","B",1,29,29,1,0,"N"
"Whidbey","2008","Harrington South","D",4,28,31,4,0,"Y"
"Whidbey","2008","Harrington South","G",1,29,29,1,0,"N"
"Whidbey","2008","Harrington South","H",3,26,29,4,1,"Y"
"Whidbey","2008","Harrington South","I",1,28,28,1,0,"N"
"Whidbey","2008","Harrington South","L",4,27,30,4,0,"Y"
"Whidbey","2008","Harrington South","N",3,28,31,4,1,"Y"
"Whidbey","2008","Hastie Lake","1",1,26,26,1,0,"N"
"Whidbey","2008","Hastie Lake","2",2,27,30,4,2,"Y"
"Whidbey","2008","Keystone","1",2,27,28,2,0,"N"
"Whidbey","2008","Keystone","2",5,26,31,6,1,"Y"
"Whidbey","2008","Keystone","3",6,27,33,7,1,"Y"
"Whidbey","2008","Keystone","4",4,27,32,6,2,"Y"
"Whidbey","2008","Keystone","5",1,28,28,1,0,"N"
"Whidbey","2008","Keystone","6",3,29,32,4,1,"Y"
"Whidbey","2008","Lagoon North #1","1",1,32,32,1,0,"N"
"Whidbey","2008","Lagoon North #1","2",3,26,31,6,3,"Y"
"Whidbey","2008","Lagoon North #1","4",1,31,31,1,0,"N"
"Whidbey","2008","Lagoon North #2","2",1,26,26,1,0,"N"
"Whidbey","2008","Lagoon North #3","1",1,30,30,1,0,"N"
"Whidbey","2008","Lagoon North #3","2",2,29,31,3,1,"Y"
"Whidbey","2008","Lagoon North #3","3",3,29,32,4,1,"Y"
"Whidbey","2008","Lagoon North #3","4",1,31,31,1,0,"N"
"Whidbey","2008","Lagoon North #3","6",2,30,32,3,1,"Y"
"Whidbey","2008","Lagoon South","A",2,29,30,2,0,"N"
"Whidbey","2008","Lagoon South","B",3,29,31,3,0,"Y"
"Whidbey","2008","Lagoon South","C",1,30,30,1,0,"N"
"Whidbey","2008","Lagoon South","D",4,29,32,4,0,"Y"
"Whidbey","2008","Lagoon South","E",4,29,32,4,0,"Y"
"Whidbey","2008","Lagoon South","F",1,30,30,1,0,"N"
"Whidbey","2008","Ledgewood","1",3,26,30,5,2,"Y"
"Whidbey","2008","Ledgewood","10",4,29,32,4,0,"Y"
"Whidbey","2008","Ledgewood","12",1,32,32,1,0,"N"
"Whidbey","2008","Ledgewood","13",2,31,32,2,0,"N"
"Whidbey","2008","Ledgewood","14",1,33,33,1,0,"N"
"Whidbey","2008","Ledgewood","2",4,29,32,4,0,"Y"
"Whidbey","2008","Ledgewood","3",4,28,32,5,1,"Y"
"Whidbey","2008","Ledgewood","4",4,29,32,4,0,"Y"
"Whidbey","2008","Ledgewood","6",1,28,28,1,0,"N"
"Whidbey","2008","Ledgewood","7",4,29,32,4,0,"Y"
"Whidbey","2008","Ledgewood","8",3,28,32,5,2,"Y"
"Whidbey","2008","Ledgewood","9",5,28,33,6,1,"Y"
"Whidbey","2008","Limpet Lane","1",5,28,32,5,0,"Y"
"Whidbey","2008","Limpet Lane","2",3,28,32,5,2,"Y"
"Whidbey","2008","Limpet Lane","3",2,30,32,3,1,"Y"
"Whidbey","2008","Limpet Lane","4",1,32,32,1,0,"N"
"Whidbey","2008","Limpet Lane","5",1,32,32,1,0,"N"
"Whidbey","2008","Limpet Lane","6",1,32,32,1,0,"N"
"Whidbey","2008","Malmo Bluff","13",1,32,32,1,0,"N"
"Whidbey","2008","Malmo Bluff","15",1,32,32,1,0,"N"
"Whidbey","2008","Malmo Bluff","16",1,32,32,1,0,"N"
"Whidbey","2008","Malmo Bluff","6",1,32,32,1,0,"N"
"Whidbey","2008","Maylor Point","2",2,27,29,3,1,"Y"
"Whidbey","2008","Maylor Point","2a",1,29,29,1,0,"N"
"Whidbey","2008","Maylor Point","3a",2,31,32,2,0,"N"
"Whidbey","2008","Maylor Point","3b",1,29,29,1,0,"N"
"Whidbey","2008","Maylor Point","3d",1,29,29,1,0,"N"
"Whidbey","2008","Maylor Point","4",2,29,31,3,1,"Y"
"Whidbey","2008","Monroe Landing","1",4,27,31,5,1,"Y"
"Whidbey","2008","Monroe Landing","2",2,27,29,3,1,"Y"
"Whidbey","2008","Mutiny Sands","1",3,28,30,3,0,"Y"
"Whidbey","2008","Mutiny Sands","2",1,30,30,1,0,"N"
"Whidbey","2008","Mutiny Sands","6",1,30,30,1,0,"N"
"Whidbey","2008","Mutiny Sands","7",1,29,29,1,0,"N"
"Whidbey","2008","Mutiny Sands","8",2,29,30,2,0,"N"
"Whidbey","2008","Mutiny Sands","9",1,30,30,1,0,"N"
"Whidbey","2008","Possession Point","E1",2,27,29,3,1,"Y"
"Whidbey","2008","Possession Point","E2",3,27,31,5,2,"Y"
"Whidbey","2008","Possession Point","P1",3,28,31,4,1,"Y"
"Whidbey","2008","Possession Point","S2",2,30,31,2,0,"N"
"Whidbey","2008","Possession Point","S8",3,28,31,4,1,"Y"
"Whidbey","2008","Possession Point","S9",1,30,30,1,0,"N"
"Whidbey","2008","Pratts Bluff","1",2,26,27,2,0,"N"
"Whidbey","2008","Pratts Bluff","11",1,29,29,1,0,"N"
"Whidbey","2008","Pratts Bluff","13",1,27,27,1,0,"N"
"Whidbey","2008","Pratts Bluff","15",1,30,30,1,0,"N"
"Whidbey","2008","Pratts Bluff","1A",1,27,27,1,0,"N"
"Whidbey","2008","Pratts Bluff","2",3,26,31,6,3,"Y"
"Whidbey","2008","Pratts Bluff","3",2,26,27,2,0,"N"
"Whidbey","2008","Pratts Bluff","6",1,29,29,1,0,"N"
"Whidbey","2008","Pratts Bluff","7",1,29,29,1,0,"N"
"Whidbey","2008","Pratts Bluff","8",1,30,30,1,0,"N"
"Whidbey","2008","Pratts Bluff","9",1,27,27,1,0,"N"
"Whidbey","2008","Rolling Hills #1","1",4,26,31,6,2,"Y"
"Whidbey","2008","Rolling Hills #1","11",1,31,31,1,0,"N"
"Whidbey","2008","Rolling Hills #1","12",1,31,31,1,0,"N"
"Whidbey","2008","Rolling Hills #1","2",3,27,29,3,0,"Y"
"Whidbey","2008","Rolling Hills #1","3",3,26,28,3,0,"Y"
"Whidbey","2008","Rolling Hills #1","4",3,26,28,3,0,"Y"
"Whidbey","2008","Rolling Hills #1","5",4,26,30,5,1,"Y"
"Whidbey","2008","Rolling Hills #1","6",3,26,28,3,0,"Y"
"Whidbey","2008","Rolling Hills #1","7",3,26,29,4,1,"Y"
"Whidbey","2008","Shore Meadows","5",2,29,31,3,1,"Y"
"Whidbey","2008","Shore Meadows","6",3,27,31,5,2,"Y"
"Whidbey","2008","Swantown","1",4,26,32,7,3,"Y"
"Whidbey","2008","Swantown","2",5,27,32,6,1,"Y"
"Whidbey","2008","Swantown","3",1,27,27,1,0,"N"
"Whidbey","2008","Swantown","4",1,27,27,1,0,"N"
"Whidbey","2008","Swantown","5",2,30,32,3,1,"Y"
"Whidbey","2008","Swantown","6",3,30,32,3,0,"Y"
"Whidbey","2009","Cliffside","1",3,28,32,5,2,"Y"
"Whidbey","2009","Cliffside","10",3,28,30,3,0,"Y"
"Whidbey","2009","Cliffside","11",2,28,29,2,0,"N"
"Whidbey","2009","Cliffside","12",1,32,32,1,0,"N"
"Whidbey","2009","Cliffside","2",1,32,32,1,0,"N"
"Whidbey","2009","Cliffside","3",2,26,29,4,2,"Y"
"Whidbey","2009","Cliffside","4",3,26,32,7,4,"Y"
"Whidbey","2009","Cliffside","5",2,28,29,2,0,"N"
"Whidbey","2009","Cliffside","6",3,26,29,4,1,"Y"
"Whidbey","2009","Cliffside","7",2,29,32,4,2,"Y"
"Whidbey","2009","Cliffside","8",1,33,33,1,0,"N"
"Whidbey","2009","Cliffside","9",2,28,29,2,0,"N"
"Whidbey","2009","Crescent Harbor","1",1,27,27,1,0,"N"
"Whidbey","2009","Crescent Harbor","2",1,31,31,1,0,"N"
"Whidbey","2009","Crescent Harbor","3",2,30,32,3,1,"Y"
"Whidbey","2009","Double Bluff North","A4",1,30,30,1,0,"N"
"Whidbey","2009","Double Bluff North","B1",2,27,30,4,2,"Y"
"Whidbey","2009","Double Bluff North","B11",2,29,30,2,0,"N"
"Whidbey","2009","Double Bluff North","C2",2,29,33,5,3,"Y"
"Whidbey","2009","Double Bluff North","C3",2,28,29,2,0,"N"
"Whidbey","2009","Double Bluff North","C4",2,28,29,2,0,"N"
"Whidbey","2009","Double Bluff North","C5",1,29,29,1,0,"N"
"Whidbey","2009","Double Bluff North","D10",1,32,32,1,0,"N"
"Whidbey","2009","Double Bluff North","D11",3,30,33,4,1,"Y"
"Whidbey","2009","Double Bluff North","D12",4,29,33,5,1,"Y"
"Whidbey","2009","Double Bluff North","D13",4,30,33,4,0,"Y"
"Whidbey","2009","Double Bluff North","D14",1,30,30,1,0,"N"
"Whidbey","2009","Double Bluff North","D15",1,30,30,1,0,"N"
"Whidbey","2009","Double Bluff North","D2",4,28,31,4,0,"Y"
"Whidbey","2009","Double Bluff North","D4",1,29,29,1,0,"N"
"Whidbey","2009","Double Bluff North","D5",2,28,29,2,0,"N"
"Whidbey","2009","Double Bluff South","1",4,29,32,4,0,"Y"
"Whidbey","2009","Double Bluff South","2",2,29,30,2,0,"N"
"Whidbey","2009","Double Bluff South","3",3,30,32,3,0,"Y"
"Whidbey","2009","Fort Casey","2",3,31,34,4,1,"Y"
"Whidbey","2009","Fort Casey","3",2,28,31,4,2,"Y"
"Whidbey","2009","Fort Casey","4",3,27,33,7,4,"Y"
"Whidbey","2009","Fort Casey","46",1,32,32,1,0,"N"
"Whidbey","2009","Fort Casey","7",3,29,33,5,2,"Y"
"Whidbey","2009","Fort Casey","B",2,29,31,3,1,"Y"
"Whidbey","2009","Fort Casey","X",1,29,29,1,0,"N"
"Whidbey","2009","Fort Casey","Y",1,33,33,1,0,"N"
"Whidbey","2009","Hancock Lake","1",3,29,31,3,0,"Y"
"Whidbey","2009","Hancock Lake","10",1,32,32,1,0,"N"
"Whidbey","2009","Hancock Lake","2",4,28,31,4,0,"Y"
"Whidbey","2009","Hancock Lake","3",3,28,32,5,2,"Y"
"Whidbey","2009","Hancock Lake","4",1,30,30,1,0,"N"
"Whidbey","2009","Hancock Lake","5",1,32,32,1,0,"N"
"Whidbey","2009","Hancock Lake","7",2,29,30,2,0,"N"
"Whidbey","2009","Hancock Lake","9",2,30,32,3,1,"Y"
"Whidbey","2009","Harrington North","11",3,26,28,3,0,"Y"
"Whidbey","2009","Harrington North","12",2,26,27,2,0,"N"
"Whidbey","2009","Harrington North","13",2,26,27,2,0,"N"
"Whidbey","2009","Harrington North","3",1,28,28,1,0,"N"
"Whidbey","2009","Harrington North","5",4,27,31,5,1,"Y"
"Whidbey","2009","Harrington North","8",1,29,29,1,0,"N"
"Whidbey","2009","Harrington North","9",2,29,31,3,1,"Y"
"Whidbey","2009","Harrington South","1",1,29,29,1,0,"N"
"Whidbey","2009","Harrington South","2",1,28,28,1,0,"N"
"Whidbey","2009","Harrington South","3",3,26,29,4,1,"Y"
"Whidbey","2009","Harrington South","4",2,27,29,3,1,"Y"
"Whidbey","2009","Harrington South","5",2,32,33,2,0,"N"
"Whidbey","2009","Harrington South","6A",2,27,28,2,0,"N"
"Whidbey","2009","Harrington South","6B",4,29,33,5,1,"Y"
"Whidbey","2009","Harrington South","7",1,31,31,1,0,"N"
"Whidbey","2009","Harrington South","8",1,31,31,1,0,"N"
"Whidbey","2009","Hastie Lake","5",1,29,29,1,0,"N"
"Whidbey","2009","Hastie Lake","6",1,30,30,1,0,"N"
"Whidbey","2009","Keystone","1",1,27,27,1,0,"N"
"Whidbey","2009","Keystone","2",2,28,29,2,0,"N"
"Whidbey","2009","Keystone","3",3,28,31,4,1,"Y"
"Whidbey","2009","Keystone","4",4,28,31,4,0,"Y"
"Whidbey","2009","Keystone","5",2,28,31,4,2,"Y"
"Whidbey","2009","Lagoon North #1","12",2,31,32,2,0,"N"
"Whidbey","2009","Lagoon North #1","1A1",1,29,29,1,0,"N"
"Whidbey","2009","Lagoon North #1","1A2",1,29,29,1,0,"N"
"Whidbey","2009","Lagoon North #1","2",3,29,32,4,1,"Y"
"Whidbey","2009","Lagoon North #1","3",1,26,26,1,0,"N"
"Whidbey","2009","Lagoon North #1","4",2,27,31,5,3,"Y"
"Whidbey","2009","Lagoon North #1","5",1,27,27,1,0,"N"
"Whidbey","2009","Lagoon North #1","6",1,32,32,1,0,"N"
"Whidbey","2009","Lagoon North #1","7",1,29,29,1,0,"N"
"Whidbey","2009","Lagoon North #1","8",1,29,29,1,0,"N"
"Whidbey","2009","Lagoon North #1","9",2,29,32,4,2,"Y"
"Whidbey","2009","Lagoon North #2","1",2,29,30,2,0,"N"
"Whidbey","2009","Lagoon North #2","2",4,29,32,4,0,"Y"
"Whidbey","2009","Lagoon North #2","3",3,30,32,3,0,"Y"
"Whidbey","2009","Lagoon North #3","1",2,31,32,2,0,"N"
"Whidbey","2009","Lagoon North #3","2",2,30,31,2,0,"N"
"Whidbey","2009","Lagoon North #3","3",2,30,31,2,0,"N"
"Whidbey","2009","Lagoon North #3","4",2,30,31,2,0,"N"
"Whidbey","2009","Lagoon North #3","5",2,31,32,2,0,"N"
"Whidbey","2009","Lagoon South","1",4,27,32,6,2,"Y"
"Whidbey","2009","Lagoon South","2",2,29,30,2,0,"N"
"Whidbey","2009","Lagoon South","3",1,33,33,1,0,"N"
"Whidbey","2009","Lagoon South","6",1,29,29,1,0,"N"
"Whidbey","2009","Lagoon South","A",1,29,29,1,0,"N"
"Whidbey","2009","Lagoon South","D",3,29,33,5,2,"Y"
"Whidbey","2009","Ledgewood","1",5,27,31,5,0,"Y"
"Whidbey","2009","Ledgewood","10",2,28,29,2,0,"N"
"Whidbey","2009","Ledgewood","12",3,28,31,4,1,"Y"
"Whidbey","2009","Ledgewood","13",2,28,30,3,1,"Y"
"Whidbey","2009","Ledgewood","15",5,31,35,5,0,"Y"
"Whidbey","2009","Ledgewood","2",3,29,33,5,2,"Y"
"Whidbey","2009","Ledgewood","3",3,27,29,3,0,"Y"
"Whidbey","2009","Ledgewood","4",2,27,30,4,2,"Y"
"Whidbey","2009","Ledgewood","7",2,31,33,3,1,"Y"
"Whidbey","2009","Limpet Lane","1",3,29,31,3,0,"Y"
"Whidbey","2009","Limpet Lane","2",3,29,31,3,0,"Y"
"Whidbey","2009","Limpet Lane","3",1,30,30,1,0,"N"
"Whidbey","2009","Malmo Bluff","1",3,28,31,4,1,"Y"
"Whidbey","2009","Malmo Bluff","10",1,32,32,1,0,"N"
"Whidbey","2009","Malmo Bluff","11",1,34,34,1,0,"N"
"Whidbey","2009","Malmo Bluff","12",1,32,32,1,0,"N"
"Whidbey","2009","Malmo Bluff","2",2,28,32,5,3,"Y"
"Whidbey","2009","Malmo Bluff","3",3,29,31,3,0,"Y"
"Whidbey","2009","Malmo Bluff","4",2,29,32,4,2,"Y"
"Whidbey","2009","Malmo Bluff","5",2,30,31,2,0,"N"
"Whidbey","2009","Malmo Bluff","6",2,30,31,2,0,"N"
"Whidbey","2009","Malmo Bluff","7",1,30,30,1,0,"N"
"Whidbey","2009","Malmo Bluff","8",1,30,30,1,0,"N"
"Whidbey","2009","Malmo Bluff","9",2,31,32,2,0,"N"
"Whidbey","2009","Maylor Point","1",1,29,29,1,0,"N"
"Whidbey","2009","Maylor Point","2",1,29,29,1,0,"N"
"Whidbey","2009","Maylor Point","3",1,29,29,1,0,"N"
"Whidbey","2009","Maylor Point","4",3,29,32,4,1,"Y"
"Whidbey","2009","Maylor Point","4a",2,31,32,2,0,"N"
"Whidbey","2009","Monroe Landing","1",1,28,28,1,0,"N"
"Whidbey","2009","Monroe Landing","2",2,29,30,2,0,"N"
"Whidbey","2009","Monroe Landing","3",3,29,32,4,1,"Y"
"Whidbey","2009","Monroe Landing","5",1,30,30,1,0,"N"
"Whidbey","2009","Mutiny Sands","1",1,31,31,1,0,"N"
"Whidbey","2009","Mutiny Sands","10",3,29,32,4,1,"Y"
"Whidbey","2009","Mutiny Sands","11",1,32,32,1,0,"N"
"Whidbey","2009","Mutiny Sands","2",1,29,29,1,0,"N"
"Whidbey","2009","Mutiny Sands","3",3,29,32,4,1,"Y"
"Whidbey","2009","Mutiny Sands","4",3,27,29,3,0,"Y"
"Whidbey","2009","Mutiny Sands","5",2,29,30,2,0,"N"
"Whidbey","2009","Mutiny Sands","7",1,29,29,1,0,"N"
"Whidbey","2009","Mutiny Sands","8",2,29,31,3,1,"Y"
"Whidbey","2009","Possession Point","E1",2,26,27,2,0,"N"
"Whidbey","2009","Possession Point","E2",2,31,33,3,1,"Y"
"Whidbey","2009","Possession Point","P1",2,26,27,2,0,"N"
"Whidbey","2009","Possession Point","S2",6,26,31,6,0,"Y"
"Whidbey","2009","Possession Point","S8",4,26,29,4,0,"Y"
"Whidbey","2009","Pratts Bluff","12",1,29,29,1,0,"N"
"Whidbey","2009","Pratts Bluff","13",1,28,28,1,0,"N"
"Whidbey","2009","Pratts Bluff","14",2,27,28,2,0,"N"
"Whidbey","2009","Pratts Bluff","15",2,27,30,4,2,"Y"
"Whidbey","2009","Pratts Bluff","4",1,30,30,1,0,"N"
"Whidbey","2009","Pratts Bluff","5",3,30,33,4,1,"Y"
"Whidbey","2009","Pratts Bluff","6",2,26,29,4,2,"Y"
"Whidbey","2009","Pratts Bluff","7",3,28,32,5,2,"Y"
"Whidbey","2009","Pratts Bluff","8",3,29,33,5,2,"Y"
"Whidbey","2009","Pratts Bluff","9",3,28,30,3,0,"Y"
"Whidbey","2009","Rolling Hills #1","10",1,30,30,1,0,"N"
"Whidbey","2009","Rolling Hills #1","2",2,28,30,3,1,"Y"
"Whidbey","2009","Rolling Hills #1","4",1,32,32,1,0,"N"
"Whidbey","2009","Rolling Hills #1","5",1,29,29,1,0,"N"
"Whidbey","2009","Rolling Hills #1","7",1,31,31,1,0,"N"
"Whidbey","2009","Rolling Hills #1","9",1,29,29,1,0,"N"
"Whidbey","2009","Rolling Hills #2","15",2,28,30,3,1,"Y"
"Whidbey","2009","Rolling Hills #2","19",3,27,30,4,1,"Y"
"Whidbey","2009","Rolling Hills #2","21",1,27,27,1,0,"N"
"Whidbey","2009","Rolling Hills #2","23",1,30,30,1,0,"N"
"Whidbey","2009","Rolling Hills #2","24",1,28,28,1,0,"N"
"Whidbey","2009","Rolling Hills #2","25",1,28,28,1,0,"N"
"Whidbey","2009","Rolling Hills #2","27",2,28,29,2,0,"N"
"Whidbey","2009","Rolling Hills #2","32",3,27,29,3,0,"Y"
"Whidbey","2009","Rolling Hills #2","35",1,30,30,1,0,"N"
"Whidbey","2009","Shore Meadows","10",5,27,33,7,2,"Y"
"Whidbey","2009","Shore Meadows","11",1,31,31,1,0,"N"
"Whidbey","2009","Shore Meadows","12",2,27,29,3,1,"Y"
"Whidbey","2009","Shore Meadows","15",2,29,32,4,2,"Y"
"Whidbey","2009","Shore Meadows","18",1,32,32,1,0,"N"
"Whidbey","2009","Shore Meadows","2",2,29,34,6,4,"Y"
"Whidbey","2009","Shore Meadows","23",1,29,29,1,0,"N"
"Whidbey","2009","Shore Meadows","3",2,27,29,3,1,"Y"
"Whidbey","2009","Shore Meadows","30",2,30,32,3,1,"Y"
"Whidbey","2009","Shore Meadows","31",1,34,34,1,0,"N"
"Whidbey","2009","Shore Meadows","5",2,33,34,2,0,"N"
"Whidbey","2009","Shore Meadows","8",3,29,31,3,0,"Y"
"Whidbey","2009","Shore Meadows","9",1,33,33,1,0,"N"
"Whidbey","2009","Swantown","1",4,27,32,6,2,"Y"
"Whidbey","2009","Swantown","2",2,27,30,4,2,"Y"
"Whidbey","2009","Swantown","4",4,29,32,4,0,"Y"
"Whidbey","2009","Swantown","5",1,31,31,1,0,"N"
"Whidbey","2009","Swantown","6",1,31,31,1,0,"N"
"Whidbey","2010","Cliffside","1",2,26,27,2,0,"N"
"Whidbey","2010","Cliffside","3",1,27,27,1,0,"N"
"Whidbey","2010","Cliffside","5",1,26,26,1,0,"N"
"Whidbey","2010","Cliffside","6",2,26,29,4,2,"Y"
"Whidbey","2010","Double Bluff South","A1",2,28,30,3,1,"Y"
"Whidbey","2010","Double Bluff South","A2",1,34,34,1,0,"N"
"Whidbey","2010","Double Bluff South","A3",1,31,31,1,0,"N"
"Whidbey","2010","Double Bluff South","A5",1,31,31,1,0,"N"
"Whidbey","2010","Double Bluff South","B1",3,26,29,4,1,"Y"
"Whidbey","2010","Double Bluff South","B2",4,27,31,5,1,"Y"
"Whidbey","2010","Double Bluff South","B3",2,27,30,4,2,"Y"
"Whidbey","2010","Double Bluff South","B6",1,30,30,1,0,"N"
"Whidbey","2010","Double Bluff South","B7",1,30,30,1,0,"N"
"Whidbey","2010","Double Bluff South","B8",1,28,28,1,0,"N"
"Whidbey","2010","Double Bluff South","B9",1,31,31,1,0,"N"
"Whidbey","2010","Double Bluff South","C1",1,29,29,1,0,"N"
"Whidbey","2010","Double Bluff South","C5",1,29,29,1,0,"N"
"Whidbey","2010","Double Bluff South","C6",2,28,30,3,1,"Y"
"Whidbey","2010","Double Bluff South","C7",4,28,31,4,0,"Y"
"Whidbey","2010","Double Bluff South","C9",1,33,33,1,0,"N"
"Whidbey","2010","Double Bluff South","D1",5,27,32,6,1,"Y"
"Whidbey","2010","Double Bluff South","D10",1,33,33,1,0,"N"
"Whidbey","2010","Double Bluff South","D11",1,33,33,1,0,"N"
"Whidbey","2010","Double Bluff South","D2",5,27,32,6,1,"Y"
"Whidbey","2010","Double Bluff South","D3",3,27,31,5,2,"Y"
"Whidbey","2010","Double Bluff South","D8",2,30,32,3,1,"Y"
"Whidbey","2010","Double Bluff South","D9",1,31,31,1,0,"N"
"Whidbey","2010","Forbes Point","1",3,30,34,5,2,"Y"
"Whidbey","2010","Forbes Point","2",1,32,32,1,0,"N"
"Whidbey","2010","Forbes Point","5",3,30,34,5,2,"Y"
"Whidbey","2010","Fort Casey","1",2,25,28,4,2,"Y"
"Whidbey","2010","Fort Casey","2",2,28,29,2,0,"N"
"Whidbey","2010","Fort Casey","3",2,27,28,2,0,"N"
"Whidbey","2010","Fort Casey","N1",1,29,29,1,0,"N"
"Whidbey","2010","Fort Casey","S1",1,29,29,1,0,"N"
"Whidbey","2010","Fort Casey","S2",2,27,29,3,1,"Y"
"Whidbey","2010","Hancock Lake","10",3,28,32,5,2,"Y"
"Whidbey","2010","Hancock Lake","16",2,29,31,3,1,"Y"
"Whidbey","2010","Hancock Lake","3",1,28,28,1,0,"N"
"Whidbey","2010","Harrington North","13",1,25,25,1,0,"N"
"Whidbey","2010","Harrington North","2",1,29,29,1,0,"N"
"Whidbey","2010","Harrington North","4",1,26,26,1,0,"N"
"Whidbey","2010","Harrington North","6",3,28,30,3,0,"Y"
"Whidbey","2010","Harrington North","6A",2,28,29,2,0,"N"
"Whidbey","2010","Harrington North","9",1,28,28,1,0,"N"
"Whidbey","2010","Harrington North","M",3,29,32,4,1,"Y"
"Whidbey","2010","Harrington North","RM",1,25,25,1,0,"N"
"Whidbey","2010","Harrington South","1",1,32,32,1,0,"N"
"Whidbey","2010","Harrington South","2",2,27,28,2,0,"N"
"Whidbey","2010","Harrington South","25",5,27,32,6,1,"Y"
"Whidbey","2010","Harrington South","3",3,26,29,4,1,"Y"
"Whidbey","2010","Harrington South","4",1,27,27,1,0,"N"
"Whidbey","2010","Harrington South","6a",5,27,31,5,0,"Y"
"Whidbey","2010","Harrington South","6a/6b",1,26,26,1,0,"N"
"Whidbey","2010","Harrington South","6b",1,27,27,1,0,"N"
"Whidbey","2010","Harrington South","RM",1,28,28,1,0,"N"
"Whidbey","2010","Hastie Lake","1",2,27,32,6,4,"Y"
"Whidbey","2010","Hastie Lake","1A",3,32,34,3,0,"Y"
"Whidbey","2010","Hastie Lake","2",1,31,31,1,0,"N"
"Whidbey","2010","Hastie Lake","4",2,29,31,3,1,"Y"
"Whidbey","2010","Hastie Lake","5",1,30,30,1,0,"N"
"Whidbey","2010","Hastie Lake","N1",3,27,32,6,3,"Y"
"Whidbey","2010","Hastie Lake","S2",1,31,31,1,0,"N"
"Whidbey","2010","Keystone","1",2,28,29,2,0,"N"
"Whidbey","2010","Keystone","2",2,30,32,3,1,"Y"
"Whidbey","2010","Keystone","3",3,28,30,3,0,"Y"
"Whidbey","2010","Keystone","4",1,28,28,1,0,"N"
"Whidbey","2010","Keystone","5",5,28,34,7,2,"Y"
"Whidbey","2010","Keystone","6",2,29,30,2,0,"N"
"Whidbey","2010","Keystone","7",1,29,29,1,0,"N"
"Whidbey","2010","Keystone","8",2,29,30,2,0,"N"
"Whidbey","2010","Lagoon North #1","11",2,29,32,4,2,"Y"
"Whidbey","2010","Lagoon North #1","2",1,29,29,1,0,"N"
"Whidbey","2010","Lagoon North #1","5",1,29,29,1,0,"N"
"Whidbey","2010","Lagoon North #2","1",6,26,31,6,0,"Y"
"Whidbey","2010","Lagoon North #2","2",3,27,30,4,1,"Y"
"Whidbey","2010","Lagoon North #3","1",2,31,32,2,0,"N"
"Whidbey","2010","Lagoon South","1",1,28,28,1,0,"N"
"Whidbey","2010","Lagoon South","2",5,28,33,6,1,"Y"
"Whidbey","2010","Lagoon South","3",2,28,29,2,0,"N"
"Whidbey","2010","Lagoon South","4",1,29,29,1,0,"N"
"Whidbey","2010","Lagoon South","5",2,29,31,3,1,"Y"
"Whidbey","2010","Lagoon South","6",2,31,33,3,1,"Y"
"Whidbey","2010","Lagoon South","7",1,33,33,1,0,"N"
"Whidbey","2010","Ledgewood","1",4,26,30,5,1,"Y"
"Whidbey","2010","Ledgewood","12",4,26,30,5,1,"Y"
"Whidbey","2010","Ledgewood","13",3,29,32,4,1,"Y"
"Whidbey","2010","Ledgewood","4",5,26,31,6,1,"Y"
"Whidbey","2010","Ledgewood","8",2,27,29,3,1,"Y"
"Whidbey","2010","Limpet Lane","1",2,28,30,3,1,"Y"
"Whidbey","2010","Limpet Lane","4",2,30,31,2,0,"N"
"Whidbey","2010","Limpet Lane","5",1,31,31,1,0,"N"
"Whidbey","2010","Malmo Bluff","1",2,32,34,3,1,"Y"
"Whidbey","2010","Malmo Bluff","10",2,30,31,2,0,"N"
"Whidbey","2010","Malmo Bluff","2",2,29,31,3,1,"Y"
"Whidbey","2010","Malmo Bluff","3",4,26,31,6,2,"Y"
"Whidbey","2010","Malmo Bluff","4",2,28,31,4,2,"Y"
"Whidbey","2010","Malmo Bluff","5",1,28,28,1,0,"N"
"Whidbey","2010","Malmo Bluff","6",1,29,29,1,0,"N"
"Whidbey","2010","Malmo Bluff","7",4,27,30,4,0,"Y"
"Whidbey","2010","Malmo Bluff","8",4,27,31,5,1,"Y"
"Whidbey","2010","Malmo Bluff","9",2,28,31,4,2,"Y"
"Whidbey","2010","Maylor Point","1",1,26,26,1,0,"N"
"Whidbey","2010","Maylor Point","3",3,27,31,5,2,"Y"
"Whidbey","2010","Maylor Point","4",2,26,30,5,3,"Y"
"Whidbey","2010","Maylor Point","5",2,26,27,2,0,"N"
"Whidbey","2010","Maylor Point","6",1,26,26,1,0,"N"
"Whidbey","2010","Maylor Point","7",3,31,33,3,0,"Y"
"Whidbey","2010","Monroe Landing","1",2,28,29,2,0,"N"
"Whidbey","2010","Monroe Landing","2",3,27,29,3,0,"Y"
"Whidbey","2010","Monroe Landing","3",2,27,29,3,1,"Y"
"Whidbey","2010","Mutiny Sands","1",1,28,28,1,0,"N"
"Whidbey","2010","Mutiny Sands","10",2,27,30,4,2,"Y"
"Whidbey","2010","Mutiny Sands","11",6,27,34,8,2,"Y"
"Whidbey","2010","Mutiny Sands","2",5,27,31,5,0,"Y"
"Whidbey","2010","Mutiny Sands","25",4,27,31,5,1,"Y"
"Whidbey","2010","Mutiny Sands","26",5,28,32,5,0,"Y"
"Whidbey","2010","Mutiny Sands","27",5,30,34,5,0,"Y"
"Whidbey","2010","Mutiny Sands","28",5,30,34,5,0,"Y"
"Whidbey","2010","Mutiny Sands","4",4,25,30,6,2,"Y"
"Whidbey","2010","Mutiny Sands","5",3,27,29,3,0,"Y"
"Whidbey","2010","Mutiny Sands","6a",5,26,30,5,0,"Y"
"Whidbey","2010","Mutiny Sands","7",3,27,29,3,0,"Y"
"Whidbey","2010","Mutiny Sands","8",1,27,27,1,0,"N"
"Whidbey","2010","Mutiny Sands","9",1,27,27,1,0,"N"
"Whidbey","2010","Mutiny Sands","A",7,26,32,7,0,"Y"
"Whidbey","2010","Possession Point","E1",2,26,29,4,2,"Y"
"Whidbey","2010","Possession Point","E2",2,28,29,2,0,"N"
"Whidbey","2010","Possession Point","P1",3,26,28,3,0,"Y"
"Whidbey","2010","Possession Point","S2",3,25,27,3,0,"Y"
"Whidbey","2010","Possession Point","S3",2,27,28,2,0,"N"
"Whidbey","2010","Pratts Bluff","1",2,26,29,4,2,"Y"
"Whidbey","2010","Pratts Bluff","2",5,26,32,7,2,"Y"
"Whidbey","2010","Pratts Bluff","3",5,26,32,7,2,"Y"
"Whidbey","2010","Pratts Bluff","4",7,26,32,7,0,"Y"
"Whidbey","2010","Pratts Bluff","5",3,26,29,4,1,"Y"
"Whidbey","2010","Pratts Bluff","6",3,26,30,5,2,"Y"
"Whidbey","2010","Pratts Bluff","7",2,29,30,2,0,"N"
"Whidbey","2010","Rolling Hills","1 or 2",3,30,32,3,0,"Y"
"Whidbey","2010","Rolling Hills","1 or2",1,29,29,1,0,"N"
"Whidbey","2010","Rolling Hills","1,2 or3",1,28,28,1,0,"N"
"Whidbey","2010","Rolling Hills","1,2,or3",2,28,31,4,2,"Y"
"Whidbey","2010","Rolling Hills","14",4,25,28,4,0,"Y"
"Whidbey","2010","Rolling Hills","15",6,25,30,6,0,"Y"
"Whidbey","2010","Rolling Hills","20",1,29,29,1,0,"N"
"Whidbey","2010","Rolling Hills","24",3,25,29,5,2,"Y"
"Whidbey","2010","Rolling Hills","25",1,28,28,1,0,"N"
"Whidbey","2010","Rolling Hills","3",2,29,31,3,1,"Y"
"Whidbey","2010","Rolling Hills","31",3,25,29,5,2,"Y"
"Whidbey","2010","Rolling Hills","32",4,26,29,4,0,"Y"
"Whidbey","2010","Rolling Hills","35",4,30,33,4,0,"Y"
"Whidbey","2010","Rolling Hills","36",2,25,28,4,2,"Y"
"Whidbey","2010","Rolling Hills","4",3,25,27,3,0,"Y"
"Whidbey","2010","Rolling Hills","5",1,26,26,1,0,"N"
"Whidbey","2010","Rolling Hills","7",1,27,27,1,0,"N"
"Whidbey","2010","Rolling Hills","8",3,25,28,4,1,"Y"
"Whidbey","2010","Rolling Hills","9",6,25,30,6,0,"Y"
"Whidbey","2010","Rolling Hills #1","1",1,27,27,1,0,"N"
"Whidbey","2010","Rolling Hills #1","14",3,25,28,4,1,"Y"
"Whidbey","2010","Rolling Hills #1","15",3,27,29,3,0,"Y"
"Whidbey","2010","Rolling Hills #1","2",5,28,32,5,0,"Y"
"Whidbey","2010","Rolling Hills #1","3",3,29,31,3,0,"Y"
"Whidbey","2010","Rolling Hills #1","7",1,26,26,1,0,"N"
"Whidbey","2010","Rolling Hills #1","8",1,28,28,1,0,"N"
"Whidbey","2010","Rolling Hills #1","9",4,27,30,4,0,"Y"
"Whidbey","2010","Rolling Hills #2","25",2,27,28,2,0,"N"
"Whidbey","2010","Rolling Hills #2","31",1,27,27,1,0,"N"
"Whidbey","2010","Rolling Hills #2","32",1,28,28,1,0,"N"
"Whidbey","2010","Rolling Hills #2","35",1,30,30,1,0,"N"
"Whidbey","2010","Shore Meadows","11",4,30,34,5,1,"Y"
"Whidbey","2010","Shore Meadows","12",2,26,27,2,0,"N"
"Whidbey","2010","Shore Meadows","3",4,29,32,4,0,"Y"
"Whidbey","2010","Shore Meadows","32",3,28,33,6,3,"Y"
"Whidbey","2010","Shore Meadows","33",2,32,34,3,1,"Y"
"Whidbey","2010","Shore Meadows","40",5,26,30,5,0,"Y"
"Whidbey","2010","Shore Meadows","42",4,26,30,5,1,"Y"
"Whidbey","2010","Shore Meadows","44",3,27,29,3,0,"Y"
"Whidbey","2010","Shore Meadows","49",3,28,30,3,0,"Y"
"Whidbey","2010","Shore Meadows","50",3,27,29,3,0,"Y"
"Whidbey","2010","Shore Meadows","51",4,27,30,4,0,"Y"
"Whidbey","2010","Shore Meadows","54",1,31,31,1,0,"N"
"Whidbey","2011","Cliffside","1",2,29,31,3,1,"Y"
"Whidbey","2011","Cliffside","2",1,31,31,1,0,"N"
"Whidbey","2011","Cliffside","3",1,31,31,1,0,"N"
"Whidbey","2011","Cliffside","4",2,31,33,3,1,"Y"
"Whidbey","2011","Cliffside","5",1,31,31,1,0,"N"
"Whidbey","2011","Cliffside","6",1,31,31,1,0,"N"
"Whidbey","2011","Cliffside","7",1,31,31,1,0,"N"
"Whidbey","2011","Double Bluff North","A1",2,29,31,3,1,"Y"
"Whidbey","2011","Double Bluff North","A3",1,31,31,1,0,"N"
"Whidbey","2011","Double Bluff North","A4",1,31,31,1,0,"N"
"Whidbey","2011","Double Bluff North","B2",2,29,30,2,0,"N"
"Whidbey","2011","Double Bluff North","B3",2,29,30,2,0,"N"
"Whidbey","2011","Double Bluff North","C2",1,29,29,1,0,"N"
"Whidbey","2011","Double Bluff North","C4",2,29,32,4,2,"Y"
"Whidbey","2011","Double Bluff North","C8",4,29,33,5,1,"Y"
"Whidbey","2011","Double Bluff North","C9",4,29,32,4,0,"Y"
"Whidbey","2011","Double Bluff North","D1",4,26,31,6,2,"Y"
"Whidbey","2011","Double Bluff North","D2",2,29,30,2,0,"N"
"Whidbey","2011","Double Bluff North","D3",1,30,30,1,0,"N"
"Whidbey","2011","Double Bluff North","D4",4,29,32,4,0,"Y"
"Whidbey","2011","Double Bluff North","D5",2,29,31,3,1,"Y"
"Whidbey","2011","Double Bluff North","D6",1,29,29,1,0,"N"
"Whidbey","2011","Double Bluff North","D7",1,29,29,1,0,"N"
"Whidbey","2011","Double Bluff North","D8",3,29,34,6,3,"Y"
"Whidbey","2011","Double Bluff North","D9",1,29,29,1,0,"N"
"Whidbey","2011","Double Bluff South","1",1,27,27,1,0,"N"
"Whidbey","2011","Double Bluff South","2",1,27,27,1,0,"N"
"Whidbey","2011","Forbes Point","1",1,29,29,1,0,"N"
"Whidbey","2011","Forbes Point","2",3,27,31,5,2,"Y"
"Whidbey","2011","Forbes Point","3",1,31,31,1,0,"N"
"Whidbey","2011","Forbes Point","7",1,31,31,1,0,"N"
"Whidbey","2011","Fort Casey","1",2,29,31,3,1,"Y"
"Whidbey","2011","Fort Casey","2",3,26,31,6,3,"Y"
"Whidbey","2011","Fort Casey","4",3,29,33,5,2,"Y"
"Whidbey","2011","Fort Casey","5",1,29,29,1,0,"N"
"Whidbey","2011","Fort Casey","6",2,30,33,4,2,"Y"
"Whidbey","2011","Hancock Lake","1",2,27,28,2,0,"N"
"Whidbey","2011","Hancock Lake","10",1,30,30,1,0,"N"
"Whidbey","2011","Hancock Lake","1S",1,27,27,1,0,"N"
"Whidbey","2011","Hancock Lake","2",4,28,32,5,1,"Y"
"Whidbey","2011","Hancock Lake","2S",3,29,32,4,1,"Y"
"Whidbey","2011","Hancock Lake","3",3,28,30,3,0,"Y"
"Whidbey","2011","Hancock Lake","4",4,28,32,5,1,"Y"
"Whidbey","2011","Hancock Lake","5",3,28,30,3,0,"Y"
"Whidbey","2011","Hancock Lake","6",2,29,30,2,0,"N"
"Whidbey","2011","Hancock Lake","8",2,30,32,3,1,"Y"
"Whidbey","2011","Harrington North","4",1,26,26,1,0,"N"
"Whidbey","2011","Harrington North","7",3,28,30,3,0,"Y"
"Whidbey","2011","Harrington North","M",2,29,30,2,0,"N"
"Whidbey","2011","Harrington South","29",1,28,28,1,0,"N"
"Whidbey","2011","Harrington South","6A",2,27,29,3,1,"Y"
"Whidbey","2011","Harrington South","6B",1,26,26,1,0,"N"
"Whidbey","2011","Hastie Lake","1",5,29,33,5,0,"Y"
"Whidbey","2011","Hastie Lake","2",4,28,31,4,0,"Y"
"Whidbey","2011","Keystone","1",7,25,33,9,2,"Y"
"Whidbey","2011","Keystone","10",1,32,32,1,0,"N"
"Whidbey","2011","Keystone","2",2,27,29,3,1,"Y"
"Whidbey","2011","Keystone","3",3,27,30,4,1,"Y"
"Whidbey","2011","Keystone","4",2,28,32,5,3,"Y"
"Whidbey","2011","Keystone","5",4,28,34,7,3,"Y"
"Whidbey","2011","Keystone","6",1,29,29,1,0,"N"
"Whidbey","2011","Keystone","7",2,29,32,4,2,"Y"
"Whidbey","2011","Keystone","8",1,30,30,1,0,"N"
"Whidbey","2011","Keystone","9",3,31,33,3,0,"Y"
"Whidbey","2011","Lagoon North #1","1",1,29,29,1,0,"N"
"Whidbey","2011","Lagoon North #1","1A",1,29,29,1,0,"N"
"Whidbey","2011","Lagoon North #1","1B",1,29,29,1,0,"N"
"Whidbey","2011","Lagoon North #1","1C",1,29,29,1,0,"N"
"Whidbey","2011","Lagoon North #1","1n",5,27,32,6,1,"Y"
"Whidbey","2011","Lagoon North #1","1s",4,27,32,6,2,"Y"
"Whidbey","2011","Lagoon North #1","2",1,29,29,1,0,"N"
"Whidbey","2011","Lagoon North #1","2n",4,27,32,6,2,"Y"
"Whidbey","2011","Lagoon North #1","2s",4,27,32,6,2,"Y"
"Whidbey","2011","Lagoon North #1","3s",4,27,32,6,2,"Y"
"Whidbey","2011","Lagoon North #1","4s",2,31,32,2,0,"N"
"Whidbey","2011","Lagoon North #1","5s",1,31,31,1,0,"N"
"Whidbey","2011","Lagoon North #1","D",1,29,29,1,0,"N"
"Whidbey","2011","Lagoon North #2","1",4,27,30,4,0,"Y"
"Whidbey","2011","Lagoon North #2","2",4,28,32,5,1,"Y"
"Whidbey","2011","Lagoon South","1",4,28,32,5,1,"Y"
"Whidbey","2011","Lagoon South","2",1,30,30,1,0,"N"
"Whidbey","2011","Lagoon South","4",1,30,30,1,0,"N"
"Whidbey","2011","Lagoon South","5",3,29,32,4,1,"Y"
"Whidbey","2011","Lagoon South","6",2,30,32,3,1,"Y"
"Whidbey","2011","Lagoon South","9",2,31,35,5,3,"Y"
"Whidbey","2011","Lagoon South","D",1,32,32,1,0,"N"
"Whidbey","2011","Lagoon South","E",1,30,30,1,0,"N"
"Whidbey","2011","Lagoon South","F",1,34,34,1,0,"N"
"Whidbey","2011","Lagoon South","G",2,31,32,2,0,"N"
"Whidbey","2011","Lagoon South","H",1,34,34,1,0,"N"
"Whidbey","2011","Ledgewood","1",4,25,29,5,1,"Y"
"Whidbey","2011","Ledgewood","12",4,26,29,4,0,"Y"
"Whidbey","2011","Limpet Lane","1",2,28,29,2,0,"N"
"Whidbey","2011","Limpet Lane","2",2,28,29,2,0,"N"
"Whidbey","2011","Limpet Lane","3",3,31,33,3,0,"Y"
"Whidbey","2011","Limpet Lane","4",1,31,31,1,0,"N"
"Whidbey","2011","Limpet Lane","5",2,31,32,2,0,"N"
"Whidbey","2011","Limpet Lane","6",1,33,33,1,0,"N"
"Whidbey","2011","Malmo Bluff","1",2,26,29,4,2,"Y"
"Whidbey","2011","Malmo Bluff","11",2,27,28,2,0,"N"
"Whidbey","2011","Malmo Bluff","12",1,27,27,1,0,"N"
"Whidbey","2011","Malmo Bluff","15",1,27,27,1,0,"N"
"Whidbey","2011","Malmo Bluff","2",4,26,30,5,1,"Y"
"Whidbey","2011","Malmo Bluff","3",3,27,29,3,0,"Y"
"Whidbey","2011","Malmo Bluff","4",1,28,28,1,0,"N"
"Whidbey","2011","Malmo Bluff","5",5,26,31,6,1,"Y"
"Whidbey","2011","Malmo Bluff","6",4,28,31,4,0,"Y"
"Whidbey","2011","Malmo Bluff","7",2,28,29,2,0,"N"
"Whidbey","2011","Malmo Bluff","8",1,31,31,1,0,"N"
"Whidbey","2011","Malmo Bluff","9",1,28,28,1,0,"N"
"Whidbey","2011","Maylor Point","1",4,26,29,4,0,"Y"
"Whidbey","2011","Maylor Point","2",5,28,33,6,1,"Y"
"Whidbey","2011","Maylor Point","3",2,29,30,2,0,"N"
"Whidbey","2011","Maylor Point","4",3,27,30,4,1,"Y"
"Whidbey","2011","Maylor Point","8",1,32,32,1,0,"N"
"Whidbey","2011","Monroe Landing","1",5,28,34,7,2,"Y"
"Whidbey","2011","Monroe Landing","2",3,29,34,6,3,"Y"
"Whidbey","2011","Monroe Landing","3",2,32,34,3,1,"Y"
"Whidbey","2011","Mutiny Sands","1",3,27,31,5,2,"Y"
"Whidbey","2011","Mutiny Sands","16",3,27,30,4,1,"Y"
"Whidbey","2011","Mutiny Sands","2",5,27,31,5,0,"Y"
"Whidbey","2011","Mutiny Sands","25",2,27,28,2,0,"N"
"Whidbey","2011","Mutiny Sands","26",5,29,33,5,0,"Y"
"Whidbey","2011","Mutiny Sands","3",5,27,31,5,0,"Y"
"Whidbey","2011","Mutiny Sands","6",5,29,33,5,0,"Y"
"Whidbey","2011","Mutiny Sands","6a",6,27,32,6,0,"Y"
"Whidbey","2011","Mutiny Sands","6A",3,27,31,5,2,"Y"
"Whidbey","2011","Mutiny Sands","7",4,28,32,5,1,"Y"
"Whidbey","2011","Mutiny Sands","8a",5,28,32,5,0,"Y"
"Whidbey","2011","Mutiny Sands","8A",3,31,33,3,0,"Y"
"Whidbey","2011","Mutiny Sands","9",1,33,33,1,0,"N"
"Whidbey","2011","Mutiny Sands","A",1,27,27,1,0,"N"
"Whidbey","2011","Possession Point","E1",4,26,29,4,0,"Y"
"Whidbey","2011","Possession Point","E2",4,29,32,4,0,"Y"
"Whidbey","2011","Possession Point","P1",1,31,31,1,0,"N"
"Whidbey","2011","Possession Point","S2",5,26,31,6,1,"Y"
"Whidbey","2011","Possession Point","S6",2,29,31,3,1,"Y"
"Whidbey","2011","Pratts Bluff","1",3,26,30,5,2,"Y"
"Whidbey","2011","Pratts Bluff","14",1,31,31,1,0,"N"
"Whidbey","2011","Pratts Bluff","2",3,28,32,5,2,"Y"
"Whidbey","2011","Pratts Bluff","3",2,26,31,6,4,"Y"
"Whidbey","2011","Pratts Bluff","4",2,28,31,4,2,"Y"
"Whidbey","2011","Pratts Bluff","5",1,31,31,1,0,"N"
"Whidbey","2011","Pratts Bluff","6",1,28,28,1,0,"N"
"Whidbey","2011","Pratts Bluff","7",2,29,31,3,1,"Y"
"Whidbey","2011","Rolling Hills","1 or 2",2,30,31,2,0,"N"
"Whidbey","2011","Rolling Hills","1,2,or3",2,29,31,3,1,"Y"
"Whidbey","2011","Rolling Hills","14",4,27,32,6,2,"Y"
"Whidbey","2011","Rolling Hills","14b",5,29,33,5,0,"Y"
"Whidbey","2011","Rolling Hills","15",5,26,30,5,0,"Y"
"Whidbey","2011","Rolling Hills","24",6,24,29,6,0,"Y"
"Whidbey","2011","Rolling Hills","28",1,25,25,1,0,"N"
"Whidbey","2011","Rolling Hills","3",4,29,32,4,0,"Y"
"Whidbey","2011","Rolling Hills","32",4,25,28,4,0,"Y"
"Whidbey","2011","Rolling Hills","32a",3,28,30,3,0,"Y"
"Whidbey","2011","Rolling Hills","4",5,25,29,5,0,"Y"
"Whidbey","2011","Rolling Hills","5",6,24,29,6,0,"Y"
"Whidbey","2011","Rolling Hills","8",5,24,29,6,1,"Y"
"Whidbey","2011","Rolling Hills #1","14",3,28,31,4,1,"Y"
"Whidbey","2011","Rolling Hills #1","14b",5,29,33,5,0,"Y"
"Whidbey","2011","Rolling Hills #1","15",2,28,29,2,0,"N"
"Whidbey","2011","Rolling Hills #1","2",4,27,30,4,0,"Y"
"Whidbey","2011","Rolling Hills #1","3",4,28,32,5,1,"Y"
"Whidbey","2011","Rolling Hills #1","4",2,25,29,5,3,"Y"
"Whidbey","2011","Rolling Hills #1","5",4,27,32,6,2,"Y"
"Whidbey","2011","Rolling Hills #1","7",2,26,28,3,1,"Y"
"Whidbey","2011","Rolling Hills #1","8",1,29,29,1,0,"N"
"Whidbey","2011","Rolling Hills #1","S",1,27,27,1,0,"N"
"Whidbey","2011","Rolling Hills #2","24",3,27,29,3,0,"Y"
"Whidbey","2011","Rolling Hills #2","32",4,26,29,4,0,"Y"
"Whidbey","2011","Rolling Hills #2","35",1,27,27,1,0,"N"
"Whidbey","2011","Rolling Hills #2","50",5,27,31,5,0,"Y"
"Whidbey","2011","Rolling Hills #2","51",2,27,28,2,0,"N"
"Whidbey","2011","Rolling Hills #2","52",3,30,32,3,0,"Y"
"Whidbey","2011","Shore Meadows","21",3,27,30,4,1,"Y"
"Whidbey","2011","Shore Meadows","22",3,30,32,3,0,"Y"
"Whidbey","2011","Shore Meadows","23",2,28,30,3,1,"Y"
"Whidbey","2011","Shore Meadows","24",1,30,30,1,0,"N"
"Whidbey","2011","Shore Meadows","27",1,27,27,1,0,"N"
"Whidbey","2011","Shore Meadows","29",1,31,31,1,0,"N"
"Whidbey","2011","Shore Meadows","4",3,30,32,3,0,"Y"
"Whidbey","2011","Shore Meadows","54",1,28,28,1,0,"N"
"Whidbey","2011","Shore Meadows","55",1,28,28,1,0,"N"
"Whidbey","2011","Shore Meadows","60",1,31,31,1,0,"N"
"Whidbey","2011","Shore Meadows","61",1,30,30,1,0,"N"
"Whidbey","2011","Shore Meadows","66",1,30,30,1,0,"N"
"Whidbey","2011","Shore Meadows","8",3,30,32,3,0,"Y"
"Whidbey","2011","Swantown","1",1,33,33,1,0,"N"
"Whidbey","2011","Swantown","2",2,33,34,2,0,"N"
"Whidbey","2012","Cliffside","4",2,30,33,4,2,"Y"
"Whidbey","2012","Double Bluff North","C1",1,29,29,1,0,"N"
"Whidbey","2012","Double Bluff North","C2",4,28,31,4,0,"Y"
"Whidbey","2012","Double Bluff North","C3",2,29,30,2,0,"N"
"Whidbey","2012","Double Bluff North","C4",2,31,34,4,2,"Y"
"Whidbey","2012","Double Bluff North","D1",2,31,34,4,2,"Y"
"Whidbey","2012","Double Bluff North","D2",2,28,29,2,0,"N"
"Whidbey","2012","Double Bluff North","D3",3,28,30,3,0,"Y"
"Whidbey","2012","Double Bluff North","D4",2,29,31,3,1,"Y"
"Whidbey","2012","Double Bluff North","E2",1,28,28,1,0,"N"
"Whidbey","2012","Double Bluff South","1",1,30,30,1,0,"N"
"Whidbey","2012","Forbes Point","1",3,26,29,4,1,"Y"
"Whidbey","2012","Forbes Point","3",1,28,28,1,0,"N"
"Whidbey","2012","Forbes Point","4",3,27,29,3,0,"Y"
"Whidbey","2012","Forbes Point","5",3,27,31,5,2,"Y"
"Whidbey","2012","Fort Casey","11",1,30,30,1,0,"N"
"Whidbey","2012","Fort Casey","12",1,30,30,1,0,"N"
"Whidbey","2012","Fort Casey","3",1,30,30,1,0,"N"
"Whidbey","2012","Fort Casey","4 S",1,27,27,1,0,"N"
"Whidbey","2012","Fort Casey","5",2,28,31,4,2,"Y"
"Whidbey","2012","Fort Casey","6",2,28,31,4,2,"Y"
"Whidbey","2012","Fort Casey","7",1,28,28,1,0,"N"
"Whidbey","2012","Fort Casey","9",1,28,28,1,0,"N"
"Whidbey","2012","Hancock Lake","11",4,29,32,4,0,"Y"
"Whidbey","2012","Hancock Lake","17",1,31,31,1,0,"N"
"Whidbey","2012","Hancock Lake","18",2,30,31,2,0,"N"
"Whidbey","2012","Hancock Lake","19",2,28,32,5,3,"Y"
"Whidbey","2012","Hancock Lake","2",3,28,30,3,0,"Y"
"Whidbey","2012","Hancock Lake","27",2,33,34,2,0,"N"
"Whidbey","2012","Hancock Lake","3",3,27,29,3,0,"Y"
"Whidbey","2012","Hancock Lake","4",3,29,31,3,0,"Y"
"Whidbey","2012","Hancock Lake","5",2,30,31,2,0,"N"
"Whidbey","2012","Hancock Lake","6",5,29,33,5,0,"Y"
"Whidbey","2012","Hancock Lake","7",3,30,32,3,0,"Y"
"Whidbey","2012","Harrington North","11",1,26,26,1,0,"N"
"Whidbey","2012","Harrington North","12",5,27,31,5,0,"Y"
"Whidbey","2012","Harrington North","4",1,26,26,1,0,"N"
"Whidbey","2012","Harrington North","7",3,27,31,5,2,"Y"
"Whidbey","2012","Harrington North","RM",3,27,30,4,1,"Y"
"Whidbey","2012","Harrington South","25",3,27,29,3,0,"Y"
"Whidbey","2012","Harrington South","29",1,31,31,1,0,"N"
"Whidbey","2012","Harrington South","3",1,25,25,1,0,"N"
"Whidbey","2012","Harrington South","30",1,25,25,1,0,"N"
"Whidbey","2012","Harrington South","6a",3,25,29,5,2,"Y"
"Whidbey","2012","Hastie Lake","2",3,27,29,3,0,"Y"
"Whidbey","2012","Hastie Lake","3",1,27,27,1,0,"N"
"Whidbey","2012","Hastie Lake","4",3,27,29,3,0,"Y"
"Whidbey","2012","Hastie Lake","5",5,29,35,7,2,"Y"
"Whidbey","2012","Hastie Lake North","1",1,31,31,1,0,"N"
"Whidbey","2012","Hastie Lake North","3",1,32,32,1,0,"N"
"Whidbey","2012","Hastie Lake North","4",1,32,32,1,0,"N"
"Whidbey","2012","Keystone","1",4,26,32,7,3,"Y"
"Whidbey","2012","Keystone","2",4,27,30,4,0,"Y"
"Whidbey","2012","Keystone","3",5,27,32,6,1,"Y"
"Whidbey","2012","Keystone","4",3,27,29,3,0,"Y"
"Whidbey","2012","Keystone","5",3,28,30,3,0,"Y"
"Whidbey","2012","Keystone","6",2,29,30,2,0,"N"
"Whidbey","2012","Keystone","7",3,29,33,5,2,"Y"
"Whidbey","2012","Lagoon North #1","1",2,27,32,6,4,"Y"
"Whidbey","2012","Lagoon North #1","1A",2,32,33,2,0,"N"
"Whidbey","2012","Lagoon North #1","1B",1,33,33,1,0,"N"
"Whidbey","2012","Lagoon North #1","2",1,32,32,1,0,"N"
"Whidbey","2012","Lagoon North #1","4",2,30,32,3,1,"Y"
"Whidbey","2012","Lagoon North #1","5",2,30,32,3,1,"Y"
"Whidbey","2012","Lagoon North #1","7",2,30,32,3,1,"Y"
"Whidbey","2012","Lagoon North #1","A",2,32,33,2,0,"N"
"Whidbey","2012","Lagoon North #2","1",1,30,30,1,0,"N"
"Whidbey","2012","Lagoon North #2","2",4,26,32,7,3,"Y"
"Whidbey","2012","Lagoon North #3","5",1,31,31,1,0,"N"
"Whidbey","2012","Lagoon South","1",1,31,31,1,0,"N"
"Whidbey","2012","Lagoon South","2",4,27,30,4,0,"Y"
"Whidbey","2012","Lagoon South","3",3,27,30,4,1,"Y"
"Whidbey","2012","Lagoon South","4",3,28,31,4,1,"Y"
"Whidbey","2012","Lagoon South","5",1,31,31,1,0,"N"
"Whidbey","2012","Lagoon South","6",4,28,32,5,1,"Y"
"Whidbey","2012","Lagoon South","8",2,29,30,2,0,"N"
"Whidbey","2012","Lagoon South","A",2,28,32,5,3,"Y"
"Whidbey","2012","Lagoon South","E",1,32,32,1,0,"N"
"Whidbey","2012","Lagoon South","G",1,30,30,1,0,"N"
"Whidbey","2012","Ledgewood","1",3,26,29,4,1,"Y"
"Whidbey","2012","Ledgewood","12",2,27,28,2,0,"N"
"Whidbey","2012","Ledgewood","13",1,26,26,1,0,"N"
"Whidbey","2012","Ledgewood","15",2,31,32,2,0,"N"
"Whidbey","2012","Ledgewood","8",2,31,32,2,0,"N"
"Whidbey","2012","Ledgewood","9",1,31,31,1,0,"N"
"Whidbey","2012","Ledgewood","9b",1,30,30,1,0,"N"
"Whidbey","2012","Limpet Lane","2",2,30,32,3,1,"Y"
"Whidbey","2012","Limpet Lane","3",1,32,32,1,0,"N"
"Whidbey","2012","Limpet Lane","4",3,30,32,3,0,"Y"
"Whidbey","2012","Limpet Lane","5",1,32,32,1,0,"N"
"Whidbey","2012","Limpet Lane","6",1,32,32,1,0,"N"
"Whidbey","2012","Limpet Lane","7",1,32,32,1,0,"N"
"Whidbey","2012","Limpet Lane","8",1,32,32,1,0,"N"
"Whidbey","2012","Malmo Bluff","1",1,26,26,1,0,"N"
"Whidbey","2012","Malmo Bluff","15",1,27,27,1,0,"N"
"Whidbey","2012","Malmo Bluff","2",2,26,28,3,1,"Y"
"Whidbey","2012","Malmo Bluff","3",1,26,26,1,0,"N"
"Whidbey","2012","Malmo Bluff","4",1,27,27,1,0,"N"
"Whidbey","2012","Malmo Bluff","5",1,27,27,1,0,"N"
"Whidbey","2012","Malmo Bluff","7",1,28,28,1,0,"N"
"Whidbey","2012","Monroe Landing","4",6,28,33,6,0,"Y"
"Whidbey","2012","Mutiny Sands","1",1,29,29,1,0,"N"
"Whidbey","2012","Mutiny Sands","10",3,27,33,7,4,"Y"
"Whidbey","2012","Mutiny Sands","11",2,29,30,2,0,"N"
"Whidbey","2012","Mutiny Sands","12",4,27,30,4,0,"Y"
"Whidbey","2012","Mutiny Sands","13",1,29,29,1,0,"N"
"Whidbey","2012","Mutiny Sands","16",6,27,32,6,0,"Y"
"Whidbey","2012","Mutiny Sands","17",1,29,29,1,0,"N"
"Whidbey","2012","Mutiny Sands","18",4,30,33,4,0,"Y"
"Whidbey","2012","Mutiny Sands","3",5,27,31,5,0,"Y"
"Whidbey","2012","Mutiny Sands","9",7,26,33,8,1,"Y"
"Whidbey","2012","Possession Point","E1",4,27,31,5,1,"Y"
"Whidbey","2012","Possession Point","E2",2,29,31,3,1,"Y"
"Whidbey","2012","Possession Point","P1",1,31,31,1,0,"N"
"Whidbey","2012","Possession Point","S2",4,26,29,4,0,"Y"
"Whidbey","2012","Possession Point","S7",3,27,31,5,2,"Y"
"Whidbey","2012","Possession Point","S8",1,31,31,1,0,"N"
"Whidbey","2012","Pratts Bluff","1",2,28,29,2,0,"N"
"Whidbey","2012","Pratts Bluff","10",3,27,29,3,0,"Y"
"Whidbey","2012","Pratts Bluff","11",2,29,31,3,1,"Y"
"Whidbey","2012","Pratts Bluff","2",2,26,29,4,2,"Y"
"Whidbey","2012","Pratts Bluff","3",5,26,32,7,2,"Y"
"Whidbey","2012","Pratts Bluff","4",3,27,29,3,0,"Y"
"Whidbey","2012","Pratts Bluff","5",2,27,28,2,0,"N"
"Whidbey","2012","Pratts Bluff","7",1,28,28,1,0,"N"
"Whidbey","2012","Pratts Bluff","9",3,28,31,4,1,"Y"
"Whidbey","2012","Rolling Hills","10",6,26,31,6,0,"Y"
"Whidbey","2012","Rolling Hills","11",2,28,29,2,0,"N"
"Whidbey","2012","Rolling Hills","15",7,27,33,7,0,"Y"
"Whidbey","2012","Rolling Hills","17",5,27,31,5,0,"Y"
"Whidbey","2012","Rolling Hills","18",7,26,32,7,0,"Y"
"Whidbey","2012","Rolling Hills","2",3,29,31,3,0,"Y"
"Whidbey","2012","Rolling Hills","2 or 3",2,26,27,2,0,"N"
"Whidbey","2012","Rolling Hills","3",3,28,30,3,0,"Y"
"Whidbey","2012","Rolling Hills","32",1,28,28,1,0,"N"
"Whidbey","2012","Rolling Hills","33",4,26,29,4,0,"Y"
"Whidbey","2012","Rolling Hills","4",5,26,30,5,0,"Y"
"Whidbey","2012","Rolling Hills","5",5,26,30,5,0,"Y"
"Whidbey","2012","Rolling Hills","8",5,26,30,5,0,"Y"
"Whidbey","2012","Rolling Hills","9",1,28,28,1,0,"N"
"Whidbey","2012","Rolling Hills #1","10",4,27,30,4,0,"Y"
"Whidbey","2012","Rolling Hills #1","11",1,29,29,1,0,"N"
"Whidbey","2012","Rolling Hills #1","15",4,29,32,4,0,"Y"
"Whidbey","2012","Rolling Hills #1","17",4,27,31,5,1,"Y"
"Whidbey","2012","Rolling Hills #1","18",4,27,32,6,2,"Y"
"Whidbey","2012","Rolling Hills #1","2",4,27,30,4,0,"Y"
"Whidbey","2012","Rolling Hills #1","3",5,26,31,6,1,"Y"
"Whidbey","2012","Rolling Hills #1","4",2,26,28,3,1,"Y"
"Whidbey","2012","Rolling Hills #1","5",5,26,30,5,0,"Y"
"Whidbey","2012","Rolling Hills #1","8",2,26,28,3,1,"Y"
"Whidbey","2012","Rolling Hills #1","9",1,28,28,1,0,"N"
"Whidbey","2012","Rolling Hills #2","33",4,26,29,4,0,"Y"
"Whidbey","2012","Shore Meadows","1",1,26,26,1,0,"N"
"Whidbey","2012","Shore Meadows","101",3,28,33,6,3,"Y"
"Whidbey","2012","Shore Meadows","102",1,28,28,1,0,"N"
"Whidbey","2012","Shore Meadows","103",3,28,30,3,0,"Y"
"Whidbey","2012","Shore Meadows","104",2,28,30,3,1,"Y"
"Whidbey","2012","Shore Meadows","12",2,29,30,2,0,"N"
"Whidbey","2012","Shore Meadows","13",2,29,30,2,0,"N"
"Whidbey","2012","Shore Meadows","27",1,29,29,1,0,"N"
"Whidbey","2012","Shore Meadows","29",1,31,31,1,0,"N"
"Whidbey","2012","Shore Meadows","3",1,26,26,1,0,"N"
"Whidbey","2012","Shore Meadows","32",1,30,30,1,0,"N"
"Whidbey","2012","Shore Meadows","42",1,31,31,1,0,"N"
"Whidbey","2012","Swantown","1",1,28,28,1,0,"N"
"Whidbey","2012","Swantown","2",3,29,31,3,0,"Y"
"Whidbey","2012","Swantown","3",2,32,33,2,0,"N"
"Whidbey","2013","Cliffside","1",1,33,33,1,0,"N"
"Whidbey","2013","Cliffside","2",1,31,31,1,0,"N"
"Whidbey","2013","Cliffside","3",1,33,33,1,0,"N"
"Whidbey","2013","Cliffside","4",2,31,35,5,3,"Y"
"Whidbey","2013","Cliffside","6",4,30,35,6,2,"Y"
"Whidbey","2013","Cliffside","7",3,32,34,3,0,"Y"
"Whidbey","2013","Coupeville Wharf","1",2,27,31,5,3,"Y"
"Whidbey","2013","Coupeville Wharf","3",1,29,29,1,0,"N"
"Whidbey","2013","Double Bluff North","B1",1,26,26,1,0,"N"
"Whidbey","2013","Double Bluff North","B2",4,27,31,5,1,"Y"
"Whidbey","2013","Double Bluff North","C2",1,27,27,1,0,"N"
"Whidbey","2013","Double Bluff North","C3",1,28,28,1,0,"N"
"Whidbey","2013","Double Bluff North","C4",2,28,29,2,0,"N"
"Whidbey","2013","Double Bluff North","D1",3,27,30,4,1,"Y"
"Whidbey","2013","Double Bluff North","D2",2,27,29,3,1,"Y"
"Whidbey","2013","Double Bluff North","D3",3,27,29,3,0,"Y"
"Whidbey","2013","Double Bluff North","D4",5,27,32,6,1,"Y"
"Whidbey","2013","Double Bluff North","D5",2,27,28,2,0,"N"
"Whidbey","2013","Double Bluff North","D6",1,28,28,1,0,"N"
"Whidbey","2013","Double Bluff North","D7",2,28,29,2,0,"N"
"Whidbey","2013","Double Bluff North","D8",2,29,30,2,0,"N"
"Whidbey","2013","Double Bluff North","E1",1,29,29,1,0,"N"
"Whidbey","2013","Double Bluff North","E2",3,27,29,3,0,"Y"
"Whidbey","2013","Double Bluff North","E3",3,27,29,3,0,"Y"
"Whidbey","2013","Double Bluff North","E5",2,28,31,4,2,"Y"
"Whidbey","2013","Double Bluff South","3",1,29,29,1,0,"N"
"Whidbey","2013","Forbes Point","1",2,28,32,5,3,"Y"
"Whidbey","2013","Forbes Point","2",3,28,31,4,1,"Y"
"Whidbey","2013","Forbes Point","3",2,28,30,3,1,"Y"
"Whidbey","2013","Fort Casey","1",1,29,29,1,0,"N"
"Whidbey","2013","Fort Casey","2",1,26,26,1,0,"N"
"Whidbey","2013","Fort Casey","3",2,28,31,4,2,"Y"
"Whidbey","2013","Fort Casey","5",1,29,29,1,0,"N"
"Whidbey","2013","Fort Casey","6",1,29,29,1,0,"N"
"Whidbey","2013","Fort Casey","7",2,32,33,2,0,"N"
"Whidbey","2013","Fort Casey","8",1,34,34,1,0,"N"
"Whidbey","2013","Hancock Lake","1",5,27,31,5,0,"Y"
"Whidbey","2013","Hancock Lake","10",3,29,33,5,2,"Y"
"Whidbey","2013","Hancock Lake","11",1,35,35,1,0,"N"
"Whidbey","2013","Hancock Lake","12",2,32,34,3,1,"Y"
"Whidbey","2013","Hancock Lake","14",1,31,31,1,0,"N"
"Whidbey","2013","Hancock Lake","16",4,30,33,4,0,"Y"
"Whidbey","2013","Hancock Lake","19",1,31,31,1,0,"N"
"Whidbey","2013","Hancock Lake","2",3,27,31,5,2,"Y"
"Whidbey","2013","Hancock Lake","22",2,33,35,3,1,"Y"
"Whidbey","2013","Hancock Lake","23",2,34,35,2,0,"N"
"Whidbey","2013","Hancock Lake","3",3,30,32,3,0,"Y"
"Whidbey","2013","Hancock Lake","5",5,29,34,6,1,"Y"
"Whidbey","2013","Hancock Lake","6",3,29,31,3,0,"Y"
"Whidbey","2013","Hancock Lake","7",4,30,34,5,1,"Y"
"Whidbey","2013","Hancock Lake","8",6,31,36,6,0,"Y"
"Whidbey","2013","Hancock Lake","9",1,33,33,1,0,"N"
"Whidbey","2013","Harrington North","7",4,26,30,5,1,"Y"
"Whidbey","2013","Harrington North","RM",4,26,31,6,2,"Y"
"Whidbey","2013","Harrington South","25",4,27,32,6,2,"Y"
"Whidbey","2013","Harrington South","6A",1,30,30,1,0,"N"
"Whidbey","2013","Hastie Lake","1",4,26,29,4,0,"Y"
"Whidbey","2013","Hastie Lake","3",1,30,30,1,0,"N"
"Whidbey","2013","Hastie Lake","4",1,27,27,1,0,"N"
"Whidbey","2013","Hastie Lake","5",3,29,31,3,0,"Y"
"Whidbey","2013","Hastie Lake","6",2,28,33,6,4,"Y"
"Whidbey","2013","Hastie Lake","7",2,31,33,3,1,"Y"
"Whidbey","2013","Hastie Lake","8",2,33,35,3,1,"Y"
"Whidbey","2013","Hastie Lake North","1",2,30,32,3,1,"Y"
"Whidbey","2013","Hastie Lake North","2",2,30,32,3,1,"Y"
"Whidbey","2013","Hastie Lake North","3",1,28,28,1,0,"N"
"Whidbey","2013","Keystone","1",2,28,31,4,2,"Y"
"Whidbey","2013","Keystone","2",3,28,31,4,1,"Y"
"Whidbey","2013","Keystone","3",3,28,31,4,1,"Y"
"Whidbey","2013","Keystone","4",2,29,30,2,0,"N"
"Whidbey","2013","Keystone","5",2,29,31,3,1,"Y"
"Whidbey","2013","Keystone","6",1,31,31,1,0,"N"
"Whidbey","2013","Keystone","7",1,31,31,1,0,"N"
"Whidbey","2013","Lagoon North #1","1",1,30,30,1,0,"N"
"Whidbey","2013","Lagoon North #1","1A",2,28,31,4,2,"Y"
"Whidbey","2013","Lagoon North #1","1AB",1,33,33,1,0,"N"
"Whidbey","2013","Lagoon North #1","1E",1,31,31,1,0,"N"
"Whidbey","2013","Lagoon North #1","2",1,28,28,1,0,"N"
"Whidbey","2013","Lagoon North #1","4",1,28,28,1,0,"N"
"Whidbey","2013","Lagoon North #1","7",2,27,28,2,0,"N"
"Whidbey","2013","Lagoon North #1","C",1,34,34,1,0,"N"
"Whidbey","2013","Lagoon North #2","1",5,28,32,5,0,"Y"
"Whidbey","2013","Lagoon North #2","2",5,27,31,5,0,"Y"
"Whidbey","2013","Lagoon North #3","1",1,26,26,1,0,"N"
"Whidbey","2013","Lagoon South","1",3,27,29,3,0,"Y"
"Whidbey","2013","Lagoon South","3",1,31,31,1,0,"N"
"Whidbey","2013","Lagoon South","4",4,29,32,4,0,"Y"
"Whidbey","2013","Lagoon South","E",3,31,33,3,0,"Y"
"Whidbey","2013","Ledgewood","1",3,33,35,3,0,"Y"
"Whidbey","2013","Ledgewood","10",3,27,30,4,1,"Y"
"Whidbey","2013","Ledgewood","12",5,28,32,5,0,"Y"
"Whidbey","2013","Ledgewood","16",1,33,33,1,0,"N"
"Whidbey","2013","Ledgewood","4",5,30,35,6,1,"Y"
"Whidbey","2013","Ledgewood","7",1,29,29,1,0,"N"
"Whidbey","2013","Ledgewood","8",2,29,30,2,0,"N"
"Whidbey","2013","Limpet Lane","1",2,27,28,2,0,"N"
"Whidbey","2013","Limpet Lane","2",1,30,30,1,0,"N"
"Whidbey","2013","Limpet Lane","4",1,30,30,1,0,"N"
"Whidbey","2013","Malmo Bluff","1",1,26,26,1,0,"N"
"Whidbey","2013","Malmo Bluff","2",4,26,29,4,0,"Y"
"Whidbey","2013","Malmo Bluff","21",1,27,27,1,0,"N"
"Whidbey","2013","Malmo Bluff","3",1,27,27,1,0,"N"
"Whidbey","2013","Malmo Bluff","40",1,26,26,1,0,"N"
"Whidbey","2013","Malmo Bluff","42",4,26,31,6,2,"Y"
"Whidbey","2013","Malmo Bluff","44",3,29,31,3,0,"Y"
"Whidbey","2013","Malmo Bluff","45",1,26,26,1,0,"N"
"Whidbey","2013","Malmo Bluff","47",6,28,34,7,1,"Y"
"Whidbey","2013","Malmo Bluff","5",3,29,31,3,0,"Y"
"Whidbey","2013","Maylor Point","1",2,28,29,2,0,"N"
"Whidbey","2013","Maylor Point","2",2,27,28,2,0,"N"
"Whidbey","2013","Maylor Point","3",1,29,29,1,0,"N"
"Whidbey","2013","Monroe Landing","12",3,27,29,3,0,"Y"
"Whidbey","2013","Monroe Landing","4",5,27,31,5,0,"Y"
"Whidbey","2013","Mutiny Sands","10",2,28,30,3,1,"Y"
"Whidbey","2013","Mutiny Sands","11",2,28,30,3,1,"Y"
"Whidbey","2013","Mutiny Sands","12",4,30,33,4,0,"Y"
"Whidbey","2013","Mutiny Sands","13",1,31,31,1,0,"N"
"Whidbey","2013","Mutiny Sands","15",1,29,29,1,0,"N"
"Whidbey","2013","Mutiny Sands","16",4,29,32,4,0,"Y"
"Whidbey","2013","Mutiny Sands","3",2,29,31,3,1,"Y"
"Whidbey","2013","Mutiny Sands","4",1,33,33,1,0,"N"
"Whidbey","2013","Mutiny Sands","6",1,31,31,1,0,"N"
"Whidbey","2013","Mutiny Sands","9",4,28,33,6,2,"Y"
"Whidbey","2013","Possession Point","E1",3,25,29,5,2,"Y"
"Whidbey","2013","Possession Point","S2",3,29,31,3,0,"Y"
"Whidbey","2013","Possession Point","S8",2,30,31,2,0,"N"
"Whidbey","2013","Pratts Bluff","0",1,30,30,1,0,"N"
"Whidbey","2013","Pratts Bluff","1",1,30,30,1,0,"N"
"Whidbey","2013","Pratts Bluff","10",2,26,28,3,1,"Y"
"Whidbey","2013","Pratts Bluff","12",4,27,31,5,1,"Y"
"Whidbey","2013","Pratts Bluff","13",1,27,27,1,0,"N"
"Whidbey","2013","Pratts Bluff","14",2,27,28,2,0,"N"
"Whidbey","2013","Pratts Bluff","15",3,28,30,3,0,"Y"
"Whidbey","2013","Pratts Bluff","16",2,29,31,3,1,"Y"
"Whidbey","2013","Pratts Bluff","17",1,29,29,1,0,"N"
"Whidbey","2013","Pratts Bluff","2",1,28,28,1,0,"N"
"Whidbey","2013","Pratts Bluff","3",3,26,29,4,1,"Y"
"Whidbey","2013","Pratts Bluff","4",1,26,26,1,0,"N"
"Whidbey","2013","Pratts Bluff","5",1,28,28,1,0,"N"
"Whidbey","2013","Pratts Bluff","7",1,27,27,1,0,"N"
"Whidbey","2013","Pratts Bluff","9",2,26,28,3,1,"Y"
"Whidbey","2013","Rolling Hills #1","11",2,31,32,2,0,"N"
"Whidbey","2013","Rolling Hills #1","15",5,27,32,6,1,"Y"
"Whidbey","2013","Rolling Hills #1","17",1,29,29,1,0,"N"
"Whidbey","2013","Rolling Hills #1","18",2,27,31,5,3,"Y"
"Whidbey","2013","Rolling Hills #1","2",4,31,34,4,0,"Y"
"Whidbey","2013","Rolling Hills #1","3",4,26,31,6,2,"Y"
"Whidbey","2013","Rolling Hills #1","4",1,28,28,1,0,"N"
"Whidbey","2013","Rolling Hills #1","5",3,26,30,5,2,"Y"
"Whidbey","2013","Rolling Hills #1","8",3,28,30,3,0,"Y"
"Whidbey","2013","Rolling Hills #1","9",2,31,32,2,0,"N"
"Whidbey","2013","Rolling Hills #2","24",1,33,33,1,0,"N"
"Whidbey","2013","Rolling Hills #2","25",5,30,35,6,1,"Y"
"Whidbey","2013","Rolling Hills #2","26",1,34,34,1,0,"N"
"Whidbey","2013","Rolling Hills #2","32",4,27,30,4,0,"Y"
"Whidbey","2013","Rolling Hills #2","33",3,26,29,4,1,"Y"
"Whidbey","2013","Rolling Hills #2","50",4,27,30,4,0,"Y"
"Whidbey","2013","Rolling Hills #2","51",3,28,31,4,1,"Y"
"Whidbey","2013","Rolling Hills #2","52",3,27,31,5,2,"Y"
"Whidbey","2013","Shore Meadows","1",2,31,32,2,0,"N"
"Whidbey","2013","Shore Meadows","2",2,29,30,2,0,"N"
"Whidbey","2013","Shore Meadows","20",1,29,29,1,0,"N"
"Whidbey","2013","Shore Meadows","3",3,32,35,4,1,"Y"
"Whidbey","2013","Shore Meadows","31",1,29,29,1,0,"N"
"Whidbey","2013","Shore Meadows","4",1,27,27,1,0,"N"
"Whidbey","2013","Shore Meadows","40",3,29,32,4,1,"Y"
"Whidbey","2013","Shore Meadows","43",3,29,31,3,0,"Y"
"Whidbey","2013","Shore Meadows","48",1,28,28,1,0,"N"
"Whidbey","2013","Shore Meadows","5",1,30,30,1,0,"N"
"Whidbey","2013","Shore Meadows","50",3,29,31,3,0,"Y"
"Whidbey","2013","Shore Meadows","52",1,29,29,1,0,"N"
"Whidbey","2013","Shore Meadows","6",5,29,33,5,0,"Y"
"Whidbey","2013","Shore Meadows","7",1,30,30,1,0,"N"
"Whidbey","2013","Swantown","2",3,28,33,6,3,"Y"
"Whidbey","2013","Swantown","3",3,28,32,5,2,"Y"
"Whidbey","2013","Swantown","4",2,30,32,3,1,"Y"
"Whidbey","2014","Cliffside","1",2,28,29,2,0,"N"
"Whidbey","2014","Cliffside","2",1,32,32,1,0,"N"
"Whidbey","2014","Cliffside","3",2,29,33,5,3,"Y"
"Whidbey","2014","Cliffside","4",2,28,30,3,1,"Y"
"Whidbey","2014","Cliffside","5",2,29,31,3,1,"Y"
"Whidbey","2014","Cliffside","6",1,28,28,1,0,"N"
"Whidbey","2014","Double Bluff North","B1",2,27,29,3,1,"Y"
"Whidbey","2014","Double Bluff North","B2",2,27,29,3,1,"Y"
"Whidbey","2014","Double Bluff North","B4",1,29,29,1,0,"N"
"Whidbey","2014","Double Bluff North","D2",2,27,30,4,2,"Y"
"Whidbey","2014","Double Bluff North","D4",5,27,32,6,1,"Y"
"Whidbey","2014","Double Bluff North","D6",2,27,29,3,1,"Y"
"Whidbey","2014","Double Bluff North","D7",1,32,32,1,0,"N"
"Whidbey","2014","Double Bluff North","E1",1,27,27,1,0,"N"
"Whidbey","2014","Double Bluff North","E2",3,27,31,5,2,"Y"
"Whidbey","2014","Double Bluff North","E3",3,26,31,6,3,"Y"
"Whidbey","2014","Double Bluff North","E5",2,26,30,5,3,"Y"
"Whidbey","2014","Double Bluff South","1",5,27,32,6,1,"Y"
"Whidbey","2014","Double Bluff South","3",2,30,31,2,0,"N"
"Whidbey","2014","Forbes Point","10",1,31,31,1,0,"N"
"Whidbey","2014","Forbes Point","3",1,31,31,1,0,"N"
"Whidbey","2014","Forbes Point","4",1,31,31,1,0,"N"
"Whidbey","2014","Forbes Point","5",1,30,30,1,0,"N"
"Whidbey","2014","Fort Casey","1",3,26,28,3,0,"Y"
"Whidbey","2014","Fort Casey","10",1,30,30,1,0,"N"
"Whidbey","2014","Fort Casey","12",1,32,32,1,0,"N"
"Whidbey","2014","Fort Casey","14",1,32,32,1,0,"N"
"Whidbey","2014","Fort Casey","2",3,27,32,6,3,"Y"
"Whidbey","2014","Fort Casey","3",5,27,31,5,0,"Y"
"Whidbey","2014","Fort Casey","4",1,28,28,1,0,"N"
"Whidbey","2014","Fort Casey","5",2,28,30,3,1,"Y"
"Whidbey","2014","Fort Casey","9",2,30,31,2,0,"N"
"Whidbey","2014","Hancock Lake","1",2,28,29,2,0,"N"
"Whidbey","2014","Hancock Lake","13",1,30,30,1,0,"N"
"Whidbey","2014","Hancock Lake","2",2,29,30,2,0,"N"
"Whidbey","2014","Hancock Lake","3",1,30,30,1,0,"N"
"Whidbey","2014","Hancock Lake","4",3,29,31,3,0,"Y"
"Whidbey","2014","Hancock Lake","8",1,30,30,1,0,"N"
"Whidbey","2014","Hancock Lake","9",1,30,30,1,0,"N"
"Whidbey","2014","Harrington North","7",4,28,32,5,1,"Y"
"Whidbey","2014","Harrington North","RM",1,28,28,1,0,"N"
"Whidbey","2014","Harrington South","8",3,27,31,5,2,"Y"
"Whidbey","2014","Hastie Lake","10",2,29,30,2,0,"N"
"Whidbey","2014","Hastie Lake","11",3,30,32,3,0,"Y"
"Whidbey","2014","Hastie Lake","2",1,27,27,1,0,"N"
"Whidbey","2014","Hastie Lake","3",5,26,30,5,0,"Y"
"Whidbey","2014","Hastie Lake","4",2,29,30,2,0,"N"
"Whidbey","2014","Hastie Lake","5",4,28,32,5,1,"Y"
"Whidbey","2014","Hastie Lake","6",5,29,33,5,0,"Y"
"Whidbey","2014","Hastie Lake","7",1,28,28,1,0,"N"
"Whidbey","2014","Hastie Lake","9",4,29,32,4,0,"Y"
"Whidbey","2014","Keystone","1",2,26,30,5,3,"Y"
"Whidbey","2014","Keystone","2",3,28,33,6,3,"Y"
"Whidbey","2014","Keystone","3",5,29,34,6,1,"Y"
"Whidbey","2014","Keystone","4",3,29,31,3,0,"Y"
"Whidbey","2014","Keystone","5",2,33,35,3,1,"Y"
"Whidbey","2014","Lagoon North #1","1",1,26,26,1,0,"N"
"Whidbey","2014","Lagoon North #1","1B",1,31,31,1,0,"N"
"Whidbey","2014","Lagoon North #1","1E",1,29,29,1,0,"N"
"Whidbey","2014","Lagoon North #1","8",2,29,31,3,1,"Y"
"Whidbey","2014","Lagoon North #2","2",1,27,27,1,0,"N"
"Whidbey","2014","Lagoon North #3","1B",1,30,30,1,0,"N"
"Whidbey","2014","Lagoon North #3","2",3,26,30,5,2,"Y"
"Whidbey","2014","Lagoon South","1A",3,26,30,5,2,"Y"
"Whidbey","2014","Lagoon South","2D",3,28,31,4,1,"Y"
"Whidbey","2014","Lagoon South","2H",1,27,27,1,0,"N"
"Whidbey","2014","Ledgewood","1",2,26,29,4,2,"Y"
"Whidbey","2014","Ledgewood","10",4,26,31,6,2,"Y"
"Whidbey","2014","Ledgewood","12",3,27,29,3,0,"Y"
"Whidbey","2014","Ledgewood","13",1,32,32,1,0,"N"
"Whidbey","2014","Ledgewood","16",3,28,31,4,1,"Y"
"Whidbey","2014","Ledgewood","2",4,27,30,4,0,"Y"
"Whidbey","2014","Malmo Bluff","1",1,25,25,1,0,"N"
"Whidbey","2014","Malmo Bluff","11",1,25,25,1,0,"N"
"Whidbey","2014","Malmo Bluff","12",1,25,25,1,0,"N"
"Whidbey","2014","Malmo Bluff","13",1,26,26,1,0,"N"
"Whidbey","2014","Malmo Bluff","14",2,27,28,2,0,"N"
"Whidbey","2014","Malmo Bluff","2",5,27,31,5,0,"Y"
"Whidbey","2014","Malmo Bluff","21",1,27,27,1,0,"N"
"Whidbey","2014","Malmo Bluff","25",2,28,29,2,0,"N"
"Whidbey","2014","Malmo Bluff","27",1,29,29,1,0,"N"
"Whidbey","2014","Malmo Bluff","3",2,31,33,3,1,"Y"
"Whidbey","2014","Malmo Bluff","4",2,26,28,3,1,"Y"
"Whidbey","2014","Malmo Bluff","5",1,31,31,1,0,"N"
"Whidbey","2014","Maylor Point","1",1,26,26,1,0,"N"
"Whidbey","2014","Maylor Point","2",4,26,31,6,2,"Y"
"Whidbey","2014","Maylor Point","3",4,26,31,6,2,"Y"
"Whidbey","2014","Maylor Point","6",1,32,32,1,0,"N"
"Whidbey","2014","Monroe Landing","1",3,28,31,4,1,"Y"
"Whidbey","2014","Mutiny Sands","10",5,26,32,7,2,"Y"
"Whidbey","2014","Mutiny Sands","12",1,29,29,1,0,"N"
"Whidbey","2014","Mutiny Sands","15",1,29,29,1,0,"N"
"Whidbey","2014","Mutiny Sands","16",2,29,30,2,0,"N"
"Whidbey","2014","Mutiny Sands","2",2,29,31,3,1,"Y"
"Whidbey","2014","Mutiny Sands","3",1,29,29,1,0,"N"
"Whidbey","2014","Mutiny Sands","4",1,31,31,1,0,"N"
"Whidbey","2014","Mutiny Sands","5",2,29,30,2,0,"N"
"Whidbey","2014","Mutiny Sands","6",3,30,33,4,1,"Y"
"Whidbey","2014","Mutiny Sands","9",4,28,33,6,2,"Y"
"Whidbey","2014","Possession Point","E1",4,28,31,4,0,"Y"
"Whidbey","2014","Possession Point","S2",4,29,35,7,3,"Y"
"Whidbey","2014","Pratts Bluff","1",3,25,29,5,2,"Y"
"Whidbey","2014","Pratts Bluff","10",2,28,30,3,1,"Y"
"Whidbey","2014","Pratts Bluff","12",2,27,28,2,0,"N"
"Whidbey","2014","Pratts Bluff","15",2,27,30,4,2,"Y"
"Whidbey","2014","Pratts Bluff","2",4,25,30,6,2,"Y"
"Whidbey","2014","Pratts Bluff","3",1,29,29,1,0,"N"
"Whidbey","2014","Pratts Bluff","4",3,29,31,3,0,"Y"
"Whidbey","2014","Pratts Bluff","5",1,29,29,1,0,"N"
"Whidbey","2014","Pratts Bluff","6",1,29,29,1,0,"N"
"Whidbey","2014","Pratts Bluff","8",1,27,27,1,0,"N"
"Whidbey","2014","Pratts Bluff","9",1,28,28,1,0,"N"
"Whidbey","2014","Rolling Hills #1","10",4,29,34,6,2,"Y"
"Whidbey","2014","Rolling Hills #1","11",4,27,32,6,2,"Y"
"Whidbey","2014","Rolling Hills #1","13",1,28,28,1,0,"N"
"Whidbey","2014","Rolling Hills #1","15",1,30,30,1,0,"N"
"Whidbey","2014","Rolling Hills #1","17",5,27,31,5,0,"Y"
"Whidbey","2014","Rolling Hills #1","18",2,30,31,2,0,"N"
"Whidbey","2014","Rolling Hills #1","2",1,30,30,1,0,"N"
"Whidbey","2014","Rolling Hills #1","3",1,29,29,1,0,"N"
"Whidbey","2014","Rolling Hills #1","4",4,28,31,4,0,"Y"
"Whidbey","2014","Rolling Hills #1","5",2,25,27,3,1,"Y"
"Whidbey","2014","Rolling Hills #1","8",2,25,28,4,2,"Y"
"Whidbey","2014","Rolling Hills #1","9",1,27,27,1,0,"N"
"Whidbey","2014","Rolling Hills #2","26",1,30,30,1,0,"N"
"Whidbey","2014","Rolling Hills #2","27a",3,31,34,4,1,"Y"
"Whidbey","2014","Rolling Hills #2","28",3,30,34,5,2,"Y"
"Whidbey","2014","Rolling Hills #2","32",3,29,31,3,0,"Y"
"Whidbey","2014","Rolling Hills #2","33",3,27,29,3,0,"Y"
"Whidbey","2014","Rolling Hills #3","50",2,26,29,4,2,"Y"
"Whidbey","2014","Rolling Hills #3","51",2,27,29,3,1,"Y"
"Whidbey","2014","Rolling Hills #3","52",4,27,30,4,0,"Y"
"Whidbey","2014","Shore Meadows","1",1,30,30,1,0,"N"
"Whidbey","2014","Shore Meadows","17",1,32,32,1,0,"N"
"Whidbey","2014","Shore Meadows","18",2,31,32,2,0,"N"
"Whidbey","2014","Shore Meadows","3",1,31,31,1,0,"N"
"Whidbey","2014","Shore Meadows","31",3,30,33,4,1,"Y"
"Whidbey","2014","Shore Meadows","32",3,33,35,3,0,"Y"
"Whidbey","2014","Shore Meadows","38",2,29,30,2,0,"N"
"Whidbey","2014","Shore Meadows","4",1,31,31,1,0,"N"
"Whidbey","2014","Shore Meadows","41",1,31,31,1,0,"N"
"Whidbey","2014","Shore Meadows","50",1,32,32,1,0,"N"
"Whidbey","2014","Shore Meadows","9",1,30,30,1,0,"N"
"Whidbey","2014","Swantown","1",2,27,28,2,0,"N"
"Whidbey","2014","Swantown","2",3,27,30,4,1,"Y"
"Whidbey","2014","Swantown","3",3,27,31,5,2,"Y"
"Whidbey","2014","Swantown","4",4,28,31,4,0,"Y"
"Whidbey","2014","Swantown","5",2,32,34,3,1,"Y"
"Whidbey","2014","Swantown","6",3,32,35,4,1,"Y"
"Whidbey","2014","Swantown","7",2,34,35,2,0,"N"
"Whidbey","2015","Cliffside","1",2,30,31,2,0,"N"
"Whidbey","2015","Cliffside","3",3,28,30,3,0,"Y"
"Whidbey","2015","Cliffside","4",1,33,33,1,0,"N"
"Whidbey","2015","Cliffside","5a",1,31,31,1,0,"N"
"Whidbey","2015","Cliffside","6",1,29,29,1,0,"N"
"Whidbey","2015","Double Bluff North","B1",2,26,30,5,3,"Y"
"Whidbey","2015","Double Bluff North","B2",1,30,30,1,0,"N"
"Whidbey","2015","Double Bluff North","C1",2,29,30,2,0,"N"
"Whidbey","2015","Double Bluff North","C3",1,31,31,1,0,"N"
"Whidbey","2015","Double Bluff North","D1",1,26,26,1,0,"N"
"Whidbey","2015","Double Bluff North","D2",1,30,30,1,0,"N"
"Whidbey","2015","Double Bluff North","D3",1,26,26,1,0,"N"
"Whidbey","2015","Double Bluff North","D4",1,26,26,1,0,"N"
"Whidbey","2015","Double Bluff North","D5",1,30,30,1,0,"N"
"Whidbey","2015","Double Bluff North","E1",1,27,27,1,0,"N"
"Whidbey","2015","Double Bluff North","E2",3,27,30,4,1,"Y"
"Whidbey","2015","Double Bluff North","E3",1,31,31,1,0,"N"
"Whidbey","2015","Double Bluff South","1",4,26,30,5,1,"Y"
"Whidbey","2015","Double Bluff South","2",1,28,28,1,0,"N"
"Whidbey","2015","Forbes Point","1",2,27,28,2,0,"N"
"Whidbey","2015","Forbes Point","2",1,34,34,1,0,"N"
"Whidbey","2015","Fort Casey North","1",1,26,26,1,0,"N"
"Whidbey","2015","Fort Casey North","1.5",3,27,30,4,1,"Y"
"Whidbey","2015","Fort Casey North","10",3,29,31,3,0,"Y"
"Whidbey","2015","Fort Casey North","11",2,29,30,2,0,"N"
"Whidbey","2015","Fort Casey North","12",3,30,33,4,1,"Y"
"Whidbey","2015","Fort Casey North","13",1,32,32,1,0,"N"
"Whidbey","2015","Fort Casey North","14",2,30,31,2,0,"N"
"Whidbey","2015","Fort Casey North","2",1,29,29,1,0,"N"
"Whidbey","2015","Fort Casey North","3",2,27,28,2,0,"N"
"Whidbey","2015","Fort Casey North","4",2,27,28,2,0,"N"
"Whidbey","2015","Fort Casey North","6",3,28,30,3,0,"Y"
"Whidbey","2015","Fort Casey North","7",5,28,32,5,0,"Y"
"Whidbey","2015","Fort Casey North","8",1,28,28,1,0,"N"
"Whidbey","2015","Fort Casey North","9",2,28,29,2,0,"N"
"Whidbey","2015","Harrington North","4",3,32,34,3,0,"Y"
"Whidbey","2015","Harrington North","7",4,29,33,5,1,"Y"
"Whidbey","2015","Harrington North","RM",3,28,31,4,1,"Y"
"Whidbey","2015","Harrington South","8",2,29,31,3,1,"Y"
"Whidbey","2015","Hastie Lake","1",1,27,27,1,0,"N"
"Whidbey","2015","Hastie Lake","3",1,30,30,1,0,"N"
"Whidbey","2015","Hastie Lake","4",4,30,34,5,1,"Y"
"Whidbey","2015","Hastie Lake","5",5,33,38,6,1,"Y"
"Whidbey","2015","Hastie Lake","6",2,27,28,2,0,"N"
"Whidbey","2015","Hastie Lake","7",2,27,30,4,2,"Y"
"Whidbey","2015","Lagoon North #0","1A",2,29,30,2,0,"N"
"Whidbey","2015","Lagoon North #0","1B",2,29,30,2,0,"N"
"Whidbey","2015","Lagoon North #0","2",1,29,29,1,0,"N"
"Whidbey","2015","Lagoon North #1","1A",3,29,33,5,2,"Y"
"Whidbey","2015","Lagoon North #1","1B",1,32,32,1,0,"N"
"Whidbey","2015","Lagoon North #1","1C",1,30,30,1,0,"N"
"Whidbey","2015","Lagoon North #1","3",1,29,29,1,0,"N"
"Whidbey","2015","Lagoon North #1","3A",1,33,33,1,0,"N"
"Whidbey","2015","Lagoon North #1","A",3,29,32,4,1,"Y"
"Whidbey","2015","Lagoon North #1","B",1,29,29,1,0,"N"
"Whidbey","2015","Lagoon South","2B",3,28,33,6,3,"Y"
"Whidbey","2015","Lagoon South","2C",2,27,31,5,3,"Y"
"Whidbey","2015","Lagoon South","2D",2,28,31,4,2,"Y"
"Whidbey","2015","Lagoon South","3A",1,33,33,1,0,"N"
"Whidbey","2015","Lagoon South","3B",1,29,29,1,0,"N"
"Whidbey","2015","Ledgewood","1",1,28,28,1,0,"N"
"Whidbey","2015","Ledgewood","10",2,31,32,2,0,"N"
"Whidbey","2015","Ledgewood","11",1,32,32,1,0,"N"
"Whidbey","2015","Ledgewood","12",4,26,29,4,0,"Y"
"Whidbey","2015","Ledgewood","13",2,30,31,2,0,"N"
"Whidbey","2015","Ledgewood","16",1,26,26,1,0,"N"
"Whidbey","2015","Ledgewood","18",2,28,29,2,0,"N"
"Whidbey","2015","Ledgewood","2",5,27,32,6,1,"Y"
"Whidbey","2015","Ledgewood","3",3,27,30,4,1,"Y"
"Whidbey","2015","Ledgewood","5A",3,30,32,3,0,"Y"
"Whidbey","2015","Libby North","2",2,29,30,2,0,"N"
"Whidbey","2015","Libby North","2North of Sierra Beach Access",1,28,28,1,0,"N"
"Whidbey","2015","Malmo Bluff","1",1,32,32,1,0,"N"
"Whidbey","2015","Malmo Bluff","14",3,27,30,4,1,"Y"
"Whidbey","2015","Malmo Bluff","17",1,32,32,1,0,"N"
"Whidbey","2015","Malmo Bluff","2",2,28,30,3,1,"Y"
"Whidbey","2015","Malmo Bluff","21",1,30,30,1,0,"N"
"Whidbey","2015","Malmo Bluff","24",1,27,27,1,0,"N"
"Whidbey","2015","Malmo Bluff","3",3,28,32,5,2,"Y"
"Whidbey","2015","Malmo Bluff","4",2,30,32,3,1,"Y"
"Whidbey","2015","Malmo Bluff","5",1,29,29,1,0,"N"
"Whidbey","2015","Malmo Bluff","6",2,29,34,6,4,"Y"
"Whidbey","2015","Maylor Point","1",3,26,29,4,1,"Y"
"Whidbey","2015","Monroe Landing","#3",3,28,32,5,2,"Y"
"Whidbey","2015","Mutiny Sands","1",2,29,31,3,1,"Y"
"Whidbey","2015","Mutiny Sands","2",2,30,31,2,0,"N"
"Whidbey","2015","Mutiny Sands","4",1,28,28,1,0,"N"
"Whidbey","2015","Mutiny Sands","5A",3,26,28,3,0,"Y"
"Whidbey","2015","Mutiny Sands","6A",2,28,29,2,0,"N"
"Whidbey","2015","Mutiny Sands","7A",2,29,30,2,0,"N"
"Whidbey","2015","Mutiny Sands","7C",3,27,29,3,0,"Y"
"Whidbey","2015","Possession Point","E1",1,29,29,1,0,"N"
"Whidbey","2015","Possession Point","p1",1,31,31,1,0,"N"
"Whidbey","2015","Possession Point","S1",1,28,28,1,0,"N"
"Whidbey","2015","Possession Point","s7",1,32,32,1,0,"N"
"Whidbey","2015","Pratts Bluff","1",1,27,27,1,0,"N"
"Whidbey","2015","Pratts Bluff","12",2,27,31,5,3,"Y"
"Whidbey","2015","Pratts Bluff","12B",1,29,29,1,0,"N"
"Whidbey","2015","Pratts Bluff","13",4,27,31,5,1,"Y"
"Whidbey","2015","Pratts Bluff","14",3,28,30,3,0,"Y"
"Whidbey","2015","Pratts Bluff","15",1,31,31,1,0,"N"
"Whidbey","2015","Pratts Bluff","18",1,27,27,1,0,"N"
"Whidbey","2015","Rolling Hills #1","11",1,27,27,1,0,"N"
"Whidbey","2015","Rolling Hills #1","15",3,26,28,3,0,"Y"
"Whidbey","2015","Rolling Hills #1","17",4,28,31,4,0,"Y"
"Whidbey","2015","Rolling Hills #1","18",2,28,29,2,0,"N"
"Whidbey","2015","Rolling Hills #1","19",1,26,26,1,0,"N"
"Whidbey","2015","Rolling Hills #1","2",4,26,29,4,0,"Y"
"Whidbey","2015","Rolling Hills #1","3",4,26,30,5,1,"Y"
"Whidbey","2015","Rolling Hills #1","31a",2,27,29,3,1,"Y"
"Whidbey","2015","Rolling Hills #1","33",2,26,30,5,3,"Y"
"Whidbey","2015","Rolling Hills #1","4",2,26,28,3,1,"Y"
"Whidbey","2015","Rolling Hills #1","5",4,26,29,4,0,"Y"
"Whidbey","2015","Rolling Hills #1","8",1,27,27,1,0,"N"
"Whidbey","2015","Rolling Hills #2","31a",2,27,29,3,1,"Y"
"Whidbey","2015","Rolling Hills #2","33",2,26,30,5,3,"Y"
"Whidbey","2015","Rolling Hills #3","51",4,26,30,5,1,"Y"
"Whidbey","2015","Rolling Hills #3","52",2,28,30,3,1,"Y"
"Whidbey","2015","Shore Meadows","12",1,30,30,1,0,"N"
"Whidbey","2015","Shore Meadows","2",1,30,30,1,0,"N"
"Whidbey","2015","Shore Meadows","3",1,30,30,1,0,"N"
"Whidbey","2015","Shore Meadows","33",4,29,32,4,0,"Y"
"Whidbey","2015","Shore Meadows","34",1,32,32,1,0,"N"
"Whidbey","2015","Shore Meadows","36",2,28,30,3,1,"Y"
"Whidbey","2015","Shore Meadows","38",1,28,28,1,0,"N"
"Whidbey","2015","Shore Meadows","39",1,32,32,1,0,"N"
"Whidbey","2015","Shore Meadows","42",4,31,35,5,1,"Y"
"Whidbey","2015","Shore Meadows","43",1,31,31,1,0,"N"
"Whidbey","2015","Shore Meadows","44",1,35,35,1,0,"N"
"Whidbey","2015","Shore Meadows","5",2,29,30,2,0,"N"
"Whidbey","2015","Shore Meadows","62",2,29,31,3,1,"Y"
"Whidbey","2015","Shore Meadows","65",1,30,30,1,0,"N"
"Whidbey","2015","Shore Meadows","8",1,28,28,1,0,"N"
"Whidbey","2015","Swantown","1",5,27,31,5,0,"Y"
"Whidbey","2015","Swantown","10",2,31,32,2,0,"N"
"Whidbey","2015","Swantown","2",7,27,33,7,0,"Y"
"Whidbey","2015","Swantown","3",3,28,32,5,2,"Y"
"Whidbey","2015","Swantown","4",5,28,36,9,4,"Y"
"Whidbey","2015","Swantown","7",1,30,30,1,0,"N"
"Whidbey","2015","Swantown","8",3,32,36,5,2,"Y"
"Whidbey","2015","Swantown","9",3,30,33,4,1,"Y"
"Whidbey","2016","Bush Point Dock","1",3,27,33,7,4,"Y"
"Whidbey","2016","Cliffside","0837",1,28,28,1,0,"N"
"Whidbey","2016","Cliffside","1",2,28,32,5,3,"Y"
"Whidbey","2016","Cliffside","5",2,28,30,3,1,"Y"
"Whidbey","2016","Clinton Ferry Dock","1",2,24,32,9,7,"Y"
"Whidbey","2016","Double Bluff North","A1",1,29,29,1,0,"N"
"Whidbey","2016","Double Bluff North","B1",5,26,31,6,1,"Y"
"Whidbey","2016","Double Bluff North","B3",1,27,27,1,0,"N"
"Whidbey","2016","Double Bluff North","C1",3,25,27,3,0,"Y"
"Whidbey","2016","Double Bluff North","C2",1,26,26,1,0,"N"
"Whidbey","2016","Double Bluff North","C3",1,29,29,1,0,"N"
"Whidbey","2016","Double Bluff North","D1",5,25,31,7,2,"Y"
"Whidbey","2016","Double Bluff North","D2",3,25,31,7,4,"Y"
"Whidbey","2016","Double Bluff North","D3",2,25,27,3,1,"Y"
"Whidbey","2016","Double Bluff North","D4",3,27,31,5,2,"Y"
"Whidbey","2016","Double Bluff North","D5",3,27,30,4,1,"Y"
"Whidbey","2016","Double Bluff North","D6",1,29,29,1,0,"N"
"Whidbey","2016","Double Bluff North","E1",2,25,29,5,3,"Y"
"Whidbey","2016","Double Bluff North","E2",1,27,27,1,0,"N"
"Whidbey","2016","Double Bluff South","1",4,25,34,10,6,"Y"
"Whidbey","2016","Forbes Point","1",4,25,30,6,2,"Y"
"Whidbey","2016","Forbes Point","3",2,27,29,3,1,"Y"
"Whidbey","2016","Forbes Point","4",3,27,30,4,1,"Y"
"Whidbey","2016","Fort Casey North","1",1,26,26,1,0,"N"
"Whidbey","2016","Fort Casey North","10",1,29,29,1,0,"N"
"Whidbey","2016","Fort Casey North","11",1,30,30,1,0,"N"
"Whidbey","2016","Fort Casey North","12",2,30,31,2,0,"N"
"Whidbey","2016","Fort Casey North","15",1,28,28,1,0,"N"
"Whidbey","2016","Fort Casey North","16",2,28,29,2,0,"N"
"Whidbey","2016","Fort Casey North","18",2,29,31,3,1,"Y"
"Whidbey","2016","Fort Casey North","2",1,26,26,1,0,"N"
"Whidbey","2016","Fort Casey North","4",4,26,30,5,1,"Y"
"Whidbey","2016","Fort Casey North","5",3,27,29,3,0,"Y"
"Whidbey","2016","Fort Casey North","6",1,27,27,1,0,"N"
"Whidbey","2016","Fort Casey North","7",1,28,28,1,0,"N"
"Whidbey","2016","Hancock Lake","10",3,25,29,5,2,"Y"
"Whidbey","2016","Hancock Lake","11",1,28,28,1,0,"N"
"Whidbey","2016","Hancock Lake","12",2,28,32,5,3,"Y"
"Whidbey","2016","Hancock Lake","13",1,32,32,1,0,"N"
"Whidbey","2016","Hancock Lake","14",3,29,32,4,1,"Y"
"Whidbey","2016","Hancock Lake","17",4,29,32,4,0,"Y"
"Whidbey","2016","Hancock Lake","2",2,30,32,3,1,"Y"
"Whidbey","2016","Hancock Lake","4",5,28,32,5,0,"Y"
"Whidbey","2016","Hancock Lake","8",5,28,32,5,0,"Y"
"Whidbey","2016","Hancock Lake","S3",1,27,27,1,0,"N"
"Whidbey","2016","Hancock Lake","S4",1,30,30,1,0,"N"
"Whidbey","2016","Hancock Lake","S7",4,24,29,6,2,"Y"
"Whidbey","2016","Hancock Lake","S8",4,29,32,4,0,"Y"
"Whidbey","2016","Hancock Lake","S9",2,31,32,2,0,"N"
"Whidbey","2016","Harrington North","4",5,29,34,6,1,"Y"
"Whidbey","2016","Harrington North","7",4,29,32,4,0,"Y"
"Whidbey","2016","Harrington North","RM",3,27,34,8,5,"Y"
"Whidbey","2016","Harrington South","1",2,30,31,2,0,"N"
"Whidbey","2016","Harrington South","3",3,29,33,5,2,"Y"
"Whidbey","2016","Hastie Lake","1",3,26,28,3,0,"Y"
"Whidbey","2016","Hastie Lake","2",4,30,34,5,1,"Y"
"Whidbey","2016","Hastie Lake","3",1,28,28,1,0,"N"
"Whidbey","2016","Hastie Lake","4",3,28,30,3,0,"Y"
"Whidbey","2016","Hastie Lake","5",3,31,34,4,1,"Y"
"Whidbey","2016","Hastie Lake","6",3,28,32,5,2,"Y"
"Whidbey","2016","Hastie Lake","9",4,28,32,5,1,"Y"
"Whidbey","2016","Keystone","1",2,28,30,3,1,"Y"
"Whidbey","2016","Keystone","2",1,30,30,1,0,"N"
"Whidbey","2016","Keystone","3",5,27,32,6,1,"Y"
"Whidbey","2016","Lagoon North #0","0",2,26,32,7,5,"Y"
"Whidbey","2016","Lagoon North #0","1",3,25,27,3,0,"Y"
"Whidbey","2016","Lagoon North #0","2",1,26,26,1,0,"N"
"Whidbey","2016","Lagoon North #0","3",1,27,27,1,0,"N"
"Whidbey","2016","Lagoon North #0","4",1,26,26,1,0,"N"
"Whidbey","2016","Lagoon North #0","5",2,29,32,4,2,"Y"
"Whidbey","2016","Lagoon North #1","1",2,27,28,2,0,"N"
"Whidbey","2016","Lagoon North #1","1B",1,33,33,1,0,"N"
"Whidbey","2016","Lagoon North #1","1D",1,29,29,1,0,"N"
"Whidbey","2016","Lagoon North #1","2A",1,28,28,1,0,"N"
"Whidbey","2016","Lagoon North #1","7",1,28,28,1,0,"N"
"Whidbey","2016","Lagoon South","3A",1,29,29,1,0,"N"
"Whidbey","2016","Lagoon South","3B",3,26,28,3,0,"Y"
"Whidbey","2016","Lagoon South","3C",5,25,30,6,1,"Y"
"Whidbey","2016","Lagoon South","3E",2,29,30,2,0,"N"
"Whidbey","2016","Lagoon South","3F",2,29,30,2,0,"N"
"Whidbey","2016","Lagoon South","3G",1,29,29,1,0,"N"
"Whidbey","2016","Lagoon South","3H",4,27,32,6,2,"Y"
"Whidbey","2016","Lagoon South","4A",3,28,32,5,2,"Y"
"Whidbey","2016","Lagoon South","4B",1,27,27,1,0,"N"
"Whidbey","2016","Lagoon South","4C",1,30,30,1,0,"N"
"Whidbey","2016","Lagoon South","4D",2,27,30,4,2,"Y"
"Whidbey","2016","Langley Marina","1",4,28,32,5,1,"Y"
"Whidbey","2016","Ledgewood","1",3,26,30,5,2,"Y"
"Whidbey","2016","Ledgewood","10",1,28,28,1,0,"N"
"Whidbey","2016","Ledgewood","12",3,30,39,10,7,"Y"
"Whidbey","2016","Ledgewood","3",3,27,30,4,1,"Y"
"Whidbey","2016","Limpet Lane","1",2,26,30,5,3,"Y"
"Whidbey","2016","Limpet Lane","2",1,30,30,1,0,"N"
"Whidbey","2016","Limpet Lane","6",1,28,28,1,0,"N"
"Whidbey","2016","Limpet Lane","A",1,27,27,1,0,"N"
"Whidbey","2016","Limpet Lane","C",2,27,28,2,0,"N"
"Whidbey","2016","Malmo Bluff","0",2,29,31,3,1,"Y"
"Whidbey","2016","Malmo Bluff","1",1,28,28,1,0,"N"
"Whidbey","2016","Malmo Bluff","12",1,26,26,1,0,"N"
"Whidbey","2016","Malmo Bluff","13",1,25,25,1,0,"N"
"Whidbey","2016","Malmo Bluff","14",3,26,28,3,0,"Y"
"Whidbey","2016","Malmo Bluff","16",1,27,27,1,0,"N"
"Whidbey","2016","Malmo Bluff","17",3,26,28,3,0,"Y"
"Whidbey","2016","Malmo Bluff","2",2,28,30,3,1,"Y"
"Whidbey","2016","Malmo Bluff","24",2,25,29,5,3,"Y"
"Whidbey","2016","Malmo Bluff","26",1,25,25,1,0,"N"
"Whidbey","2016","Malmo Bluff","3",1,27,27,1,0,"N"
"Whidbey","2016","Malmo Bluff","4",4,24,28,5,1,"Y"
"Whidbey","2016","Malmo Bluff","9",1,27,27,1,0,"N"
"Whidbey","2016","Maylor Point","CB",4,26,32,7,3,"Y"
"Whidbey","2016","Maylor Point","NB",3,28,31,4,1,"Y"
"Whidbey","2016","Maylor Point","PB",3,29,31,3,0,"Y"
"Whidbey","2016","Monroe Landing","1",5,26,30,5,0,"Y"
"Whidbey","2016","Mutiny Sands","10",3,25,29,5,2,"Y"
"Whidbey","2016","Mutiny Sands","19",3,28,31,4,1,"Y"
"Whidbey","2016","Mutiny Sands","2",4,26,29,4,0,"Y"
"Whidbey","2016","Mutiny Sands","20",1,29,29,1,0,"N"
"Whidbey","2016","Mutiny Sands","4",2,26,29,4,2,"Y"
"Whidbey","2016","Mutiny Sands","5",2,28,29,2,0,"N"
"Whidbey","2016","Mutiny Sands","6",1,28,28,1,0,"N"
"Whidbey","2016","Mutiny Sands","7",3,28,31,4,1,"Y"
"Whidbey","2016","Possession Point","E1",3,27,31,5,2,"Y"
"Whidbey","2016","Possession Point","S6",3,26,29,4,1,"Y"
"Whidbey","2016","Pratts Bluff","12",1,26,26,1,0,"N"
"Whidbey","2016","Pratts Bluff","12a",1,29,29,1,0,"N"
"Whidbey","2016","Pratts Bluff","13",5,24,28,5,0,"Y"
"Whidbey","2016","Pratts Bluff","14",3,25,28,4,1,"Y"
"Whidbey","2016","Pratts Bluff","15",1,25,25,1,0,"N"
"Whidbey","2016","Pratts Bluff","16.5",1,25,25,1,0,"N"
"Whidbey","2016","Pratts Bluff","18",3,24,26,3,0,"Y"
"Whidbey","2016","Pratts Bluff","2",2,27,30,4,2,"Y"
"Whidbey","2016","Pratts Bluff","21",1,25,25,1,0,"N"
"Whidbey","2016","Pratts Bluff","4",5,24,29,6,1,"Y"
"Whidbey","2016","Pratts Bluff","5",3,24,28,5,2,"Y"
"Whidbey","2016","Rolling Hills #1","13",1,25,25,1,0,"N"
"Whidbey","2016","Rolling Hills #1","15",2,24,25,2,0,"N"
"Whidbey","2016","Rolling Hills #1","19",5,23,27,5,0,"Y"
"Whidbey","2016","Rolling Hills #1","2",1,27,27,1,0,"N"
"Whidbey","2016","Rolling Hills #1","20",1,25,25,1,0,"N"
"Whidbey","2016","Rolling Hills #1","25",3,23,25,3,0,"Y"
"Whidbey","2016","Rolling Hills #1","27a",2,26,27,2,0,"N"
"Whidbey","2016","Rolling Hills #1","28",3,23,25,3,0,"Y"
"Whidbey","2016","Rolling Hills #1","3",4,25,29,5,1,"Y"
"Whidbey","2016","Rolling Hills #1","31a",2,25,27,3,1,"Y"
"Whidbey","2016","Rolling Hills #1","32",2,31,32,2,0,"N"
"Whidbey","2016","Rolling Hills #1","33",4,25,28,4,0,"Y"
"Whidbey","2016","Rolling Hills #1","5",4,25,28,4,0,"Y"
"Whidbey","2016","Rolling Hills #1","8",5,23,27,5,0,"Y"
"Whidbey","2016","Rolling Hills #1","9",6,26,32,7,1,"Y"
"Whidbey","2016","Rolling Hills #3","50",5,29,33,5,0,"Y"
"Whidbey","2016","Rolling Hills #3","51",7,24,30,7,0,"Y"
"Whidbey","2016","Rolling Hills #3","52",4,25,29,5,1,"Y"
"Whidbey","2016","Shore Meadows","1",3,25,28,4,1,"Y"
"Whidbey","2016","Shore Meadows","32",1,27,27,1,0,"N"
"Whidbey","2016","Shore Meadows","34",2,27,28,2,0,"N"
"Whidbey","2016","Shore Meadows","35",1,28,28,1,0,"N"
"Whidbey","2016","Shore Meadows","37",3,29,31,3,0,"Y"
"Whidbey","2016","Shore Meadows","5",3,26,29,4,1,"Y"
"Whidbey","2016","Shore Meadows","8",2,25,29,5,3,"Y"
"Whidbey","2016","Swantown","4",2,29,31,3,1,"Y"
"Whidbey","2017","Cliffside","1",2,28,30,3,1,"Y"
"Whidbey","2017","Cliffside","11",3,27,29,3,0,"Y"
"Whidbey","2017","Cliffside","1A",1,29,29,1,0,"N"
"Whidbey","2017","Cliffside","3",2,30,32,3,1,"Y"
"Whidbey","2017","Cliffside","5",4,31,35,5,1,"Y"
"Whidbey","2017","Cliffside","6",3,32,34,3,0,"Y"
"Whidbey","2017","Clinton Ferry Dock","2",2,28,29,2,0,"N"
"Whidbey","2017","Clinton Ferry Dock","4",1,29,29,1,0,"N"
"Whidbey","2017","Coupeville Wharf","3",3,28,32,5,2,"Y"
"Whidbey","2017","Double Bluff North","B1",2,32,34,3,1,"Y"
"Whidbey","2017","Double Bluff North","B2",1,26,26,1,0,"N"
"Whidbey","2017","Double Bluff North","B4",3,28,33,6,3,"Y"
"Whidbey","2017","Double Bluff North","D1",1,30,30,1,0,"N"
"Whidbey","2017","Double Bluff North","D4",1,26,26,1,0,"N"
"Whidbey","2017","Double Bluff North","D5",2,28,30,3,1,"Y"
"Whidbey","2017","Double Bluff North","D6",1,28,28,1,0,"N"
"Whidbey","2017","Double Bluff North","D7",2,30,31,2,0,"N"
"Whidbey","2017","Double Bluff North","E3",3,28,31,4,1,"Y"
"Whidbey","2017","Double Bluff North","E7",1,32,32,1,0,"N"
"Whidbey","2017","Double Bluff South","1",1,30,30,1,0,"N"
"Whidbey","2017","Double Bluff South","2",2,33,34,2,0,"N"
"Whidbey","2017","Forbes Point","1",3,27,30,4,1,"Y"
"Whidbey","2017","Forbes Point","4",2,31,32,2,0,"N"
"Whidbey","2017","Fort Casey North","10",4,28,31,4,0,"Y"
"Whidbey","2017","Fort Casey North","2",4,26,31,6,2,"Y"
"Whidbey","2017","Fort Casey North","3",3,26,29,4,1,"Y"
"Whidbey","2017","Fort Casey North","5",3,28,30,3,0,"Y"
"Whidbey","2017","Fort Casey North","6",2,29,30,2,0,"N"
"Whidbey","2017","Fort Casey North","7",1,30,30,1,0,"N"
"Whidbey","2017","Hancock Lake","10",3,30,32,3,0,"Y"
"Whidbey","2017","Hancock Lake","11",5,28,32,5,0,"Y"
"Whidbey","2017","Hancock Lake","12",1,30,30,1,0,"N"
"Whidbey","2017","Hancock Lake","2",3,29,31,3,0,"Y"
"Whidbey","2017","Hancock Lake","20",1,31,31,1,0,"N"
"Whidbey","2017","Hancock Lake","3",3,29,31,3,0,"Y"
"Whidbey","2017","Hancock Lake","4",2,30,32,3,1,"Y"
"Whidbey","2017","Hancock Lake","S7",5,27,32,6,1,"Y"
"Whidbey","2017","Harrington North","7",4,27,31,5,1,"Y"
"Whidbey","2017","Harrington South","2",4,27,31,5,1,"Y"
"Whidbey","2017","Harrington South","4",3,28,30,3,0,"Y"
"Whidbey","2017","Hastie Lake","1",3,26,30,5,2,"Y"
"Whidbey","2017","Hastie Lake","12",3,29,31,3,0,"Y"
"Whidbey","2017","Hastie Lake","13",1,31,31,1,0,"N"
"Whidbey","2017","Hastie Lake","2",2,25,26,2,0,"N"
"Whidbey","2017","Hastie Lake","3",3,27,29,3,0,"Y"
"Whidbey","2017","Hastie Lake","4",3,28,32,5,2,"Y"
"Whidbey","2017","Hastie Lake","6",1,28,28,1,0,"N"
"Whidbey","2017","Hastie Lake","9",2,27,29,3,1,"Y"
"Whidbey","2017","Keystone","1",3,26,31,6,3,"Y"
"Whidbey","2017","Keystone","2",5,27,31,5,0,"Y"
"Whidbey","2017","Keystone","3",4,27,31,5,1,"Y"
"Whidbey","2017","Keystone","4",4,28,31,4,0,"Y"
"Whidbey","2017","Keystone","5",5,28,32,5,0,"Y"
"Whidbey","2017","Keystone","6",4,29,32,4,0,"Y"
"Whidbey","2017","Keystone","7",1,31,31,1,0,"N"
"Whidbey","2017","Keystone","8",2,31,32,2,0,"N"
"Whidbey","2017","Lagoon North #0","1",1,28,28,1,0,"N"
"Whidbey","2017","Lagoon North #0","2",1,29,29,1,0,"N"
"Whidbey","2017","Lagoon North #0","2B",1,28,28,1,0,"N"
"Whidbey","2017","Lagoon North #0","3",2,29,30,2,0,"N"
"Whidbey","2017","Lagoon North #0","6",1,28,28,1,0,"N"
"Whidbey","2017","Lagoon North #1","1",1,29,29,1,0,"N"
"Whidbey","2017","Lagoon North #1","2",2,28,30,3,1,"Y"
"Whidbey","2017","Lagoon North #1","4",1,29,29,1,0,"N"
"Whidbey","2017","Lagoon South","2A",5,28,32,5,0,"Y"
"Whidbey","2017","Lagoon South","3A",5,26,31,6,1,"Y"
"Whidbey","2017","Lagoon South","3B",1,28,28,1,0,"N"
"Whidbey","2017","Lagoon South","4A",1,32,32,1,0,"N"
"Whidbey","2017","Lagoon South","4B",2,32,33,2,0,"N"
"Whidbey","2017","Lagoon South","4G",1,31,31,1,0,"N"
"Whidbey","2017","Langley Marina","1",4,27,31,5,1,"Y"
"Whidbey","2017","Ledgewood","1",3,29,31,3,0,"Y"
"Whidbey","2017","Ledgewood","4",4,28,31,4,0,"Y"
"Whidbey","2017","Ledgewood","5A",2,30,31,2,0,"N"
"Whidbey","2017","Ledgewood","7A",2,29,31,3,1,"Y"
"Whidbey","2017","Ledgewood","7B",1,29,29,1,0,"N"
"Whidbey","2017","Ledgewood","SC1",3,29,32,4,1,"Y"
"Whidbey","2017","Limpet Lane","B2",2,32,33,2,0,"N"
"Whidbey","2017","Limpet Lane","BB",3,28,30,3,0,"Y"
"Whidbey","2017","Limpet Lane","M",1,29,29,1,0,"N"
"Whidbey","2017","Limpet Lane","MRT",5,28,32,5,0,"Y"
"Whidbey","2017","Limpet Lane","RT",5,28,32,5,0,"Y"
"Whidbey","2017","Malmo Bluff","1",3,26,29,4,1,"Y"
"Whidbey","2017","Malmo Bluff","12",1,29,29,1,0,"N"
"Whidbey","2017","Malmo Bluff","13",1,29,29,1,0,"N"
"Whidbey","2017","Malmo Bluff","14",1,31,31,1,0,"N"
"Whidbey","2017","Malmo Bluff","17",2,31,32,2,0,"N"
"Whidbey","2017","Malmo Bluff","19",3,31,33,3,0,"Y"
"Whidbey","2017","Malmo Bluff","2",3,26,33,8,5,"Y"
"Whidbey","2017","Malmo Bluff","21",2,26,29,4,2,"Y"
"Whidbey","2017","Malmo Bluff","24",1,29,29,1,0,"N"
"Whidbey","2017","Malmo Bluff","3",4,27,31,5,1,"Y"
"Whidbey","2017","Malmo Bluff","4",1,30,30,1,0,"N"
"Whidbey","2017","Mutiny Sands","10",1,28,28,1,0,"N"
"Whidbey","2017","Mutiny Sands","16",2,29,30,2,0,"N"
"Whidbey","2017","Mutiny Sands","17",2,26,32,7,5,"Y"
"Whidbey","2017","Mutiny Sands","18",3,29,32,4,1,"Y"
"Whidbey","2017","Mutiny Sands","22",3,29,31,3,0,"Y"
"Whidbey","2017","Mutiny Sands","23",1,30,30,1,0,"N"
"Whidbey","2017","Mutiny Sands","24",2,31,32,2,0,"N"
"Whidbey","2017","Mutiny Sands","25",3,33,36,4,1,"Y"
"Whidbey","2017","Mutiny Sands","4",4,28,32,5,1,"Y"
"Whidbey","2017","Mutiny Sands","5",3,27,30,4,1,"Y"
"Whidbey","2017","Possession Point","e1",4,29,32,4,0,"Y"
"Whidbey","2017","Pratts Bluff","12",1,27,27,1,0,"N"
"Whidbey","2017","Pratts Bluff","13",1,29,29,1,0,"N"
"Whidbey","2017","Pratts Bluff","14",2,30,32,3,1,"Y"
"Whidbey","2017","Pratts Bluff","16",2,30,31,2,0,"N"
"Whidbey","2017","Pratts Bluff","16a",1,27,27,1,0,"N"
"Whidbey","2017","Pratts Bluff","17",1,28,28,1,0,"N"
"Whidbey","2017","Pratts Bluff","18",1,26,26,1,0,"N"
"Whidbey","2017","Pratts Bluff","20",1,28,28,1,0,"N"
"Whidbey","2017","Pratts Bluff","4",3,28,30,3,0,"Y"
"Whidbey","2017","Rolling Hills #1","15",2,26,27,2,0,"N"
"Whidbey","2017","Rolling Hills #1","19",5,24,28,5,0,"Y"
"Whidbey","2017","Rolling Hills #1","26",1,26,26,1,0,"N"
"Whidbey","2017","Rolling Hills #1","27a",2,27,28,2,0,"N"
"Whidbey","2017","Rolling Hills #1","3",3,26,29,4,1,"Y"
"Whidbey","2017","Rolling Hills #1","31a",1,28,28,1,0,"N"
"Whidbey","2017","Rolling Hills #1","32",3,25,29,5,2,"Y"
"Whidbey","2017","Rolling Hills #1","33",2,26,28,3,1,"Y"
"Whidbey","2017","Rolling Hills #1","4",2,24,26,3,1,"Y"
"Whidbey","2017","Rolling Hills #1","5",3,27,29,3,0,"Y"
"Whidbey","2017","Rolling Hills #1","6a",3,28,31,4,1,"Y"
"Whidbey","2017","Rolling Hills #1","8",5,25,29,5,0,"Y"
"Whidbey","2017","Rolling Hills #3","50",1,28,28,1,0,"N"
"Whidbey","2017","Rolling Hills #3","51",4,27,30,4,0,"Y"
"Whidbey","2017","Shore Meadows","1",2,26,27,2,0,"N"
"Whidbey","2017","Shore Meadows","11",4,27,30,4,0,"Y"
"Whidbey","2017","Shore Meadows","12",1,30,30,1,0,"N"
"Whidbey","2017","Shore Meadows","14",1,29,29,1,0,"N"
"Whidbey","2017","Shore Meadows","15",1,27,27,1,0,"N"
"Whidbey","2017","Shore Meadows","17",1,31,31,1,0,"N"
"Whidbey","2017","Shore Meadows","18PK",1,32,32,1,0,"N"
"Whidbey","2017","Shore Meadows","33",3,27,30,4,1,"Y"
"Whidbey","2017","Shore Meadows","40",1,32,32,1,0,"N"
"Whidbey","2017","Shore Meadows","CV1",3,29,32,4,1,"Y"
"Whidbey","2017","Shore Meadows","CV2",3,29,32,4,1,"Y"
"Whidbey","2017","Shore Meadows","L20",1,29,29,1,0,"N"
"Whidbey","2017","Shore Meadows","U20",1,29,29,1,0,"N"
"Whidbey","2017","Swantown","1",2,25,27,3,1,"Y"
"Whidbey","2017","Swantown","2",6,27,33,7,1,"Y"
"Whidbey","2017","Swantown","3",5,29,33,5,0,"Y"
