"year","site","week","PG_count","region"
2008,"Cliffside",26,47,"Whidbey"
2008,"Cliffside",28,41,"Whidbey"
2008,"Cliffside",30,51,"Whidbey"
2008,"Crescent Harbor",26,14,"Whidbey"
2008,"Crescent Harbor",27,11,"Whidbey"
2008,"Crescent Harbor",29,12,"Whidbey"
2008,"Crescent Harbor",29,8,"Whidbey"
2008,"Crescent Harbor",31,10,"Whidbey"
2008,"Crescent Harbor",32,12,"Whidbey"
2008,"Double Bluff North",26,66,"Whidbey"
2008,"Double Bluff North",28,101,"Whidbey"
2008,"Double Bluff North",29,67,"Whidbey"
2008,"Double Bluff North",30,95,"Whidbey"
2008,"Double Bluff North",31,84,"Whidbey"
2008,"Double Bluff North",32,93,"Whidbey"
2008,"Double Bluff South",26,20,"Whidbey"
2008,"Double Bluff South",28,23,"Whidbey"
2008,"Double Bluff South",29,16,"Whidbey"
2008,"Double Bluff South",30,24,"Whidbey"
2008,"Forbes Point",26,18,"Whidbey"
2008,"Forbes Point",28,17,"Whidbey"
2008,"Forbes Point",30,16,"Whidbey"
2008,"Forbes Point",32,28,"Whidbey"
2008,"Forbes Point",32,21,"Whidbey"
2008,"Fort Casey",26,30,"Whidbey"
2008,"Fort Casey",28,25,"Whidbey"
2008,"Fort Casey",30,48,"Whidbey"
2008,"Fort Casey",30,30,"Whidbey"
2008,"Hancock Lake",26,44,"Whidbey"
2008,"Hancock Lake",27,46,"Whidbey"
2008,"Hancock Lake",28,32,"Whidbey"
2008,"Hancock Lake",29,32,"Whidbey"
2008,"Hancock Lake",30,29,"Whidbey"
2008,"Hancock Lake",32,50,"Whidbey"
2008,"Harrington North",27,21,"Whidbey"
2008,"Harrington North",28,30,"Whidbey"
2008,"Harrington North",29,25,"Whidbey"
2008,"Harrington North",30,40,"Whidbey"
2008,"Harrington South",30,33,"Whidbey"
2008,"Harrington South",31,38,"Whidbey"
2008,"Hastie Lake",26,29,"Whidbey"
2008,"Hastie Lake",27,30,"Whidbey"
2008,"Hastie Lake",28,31,"Whidbey"
2008,"Hastie Lake",29,26,"Whidbey"
2008,"Hastie Lake",30,31,"Whidbey"
2008,"Hastie Lake",32,16,"Whidbey"
2008,"Keystone",25,32,"Whidbey"
2008,"Keystone",27,41,"Whidbey"
2008,"Keystone",30,22,"Whidbey"
2008,"Keystone",31,28,"Whidbey"
2008,"Keystone",33,35,"Whidbey"
2008,"Lagoon North #1",26,55,"Whidbey"
2008,"Lagoon North #1",29,58,"Whidbey"
2008,"Lagoon North #1",29,54,"Whidbey"
2008,"Lagoon North #1",30,44,"Whidbey"
2008,"Lagoon North #1",31,70,"Whidbey"
2008,"Lagoon North #1",32,44,"Whidbey"
2008,"Lagoon North #2",26,38,"Whidbey"
2008,"Lagoon North #2",29,54,"Whidbey"
2008,"Lagoon North #2",32,42,"Whidbey"
2008,"Lagoon North #3",29,26,"Whidbey"
2008,"Lagoon North #3",30,26,"Whidbey"
2008,"Lagoon North #3",31,26,"Whidbey"
2008,"Lagoon North #3",32,18,"Whidbey"
2008,"Lagoon South",26,35,"Whidbey"
2008,"Lagoon South",28,38,"Whidbey"
2008,"Lagoon South",29,35,"Whidbey"
2008,"Lagoon South",30,41,"Whidbey"
2008,"Lagoon South",31,45,"Whidbey"
2008,"Lagoon South",32,42,"Whidbey"
2008,"Ledgewood",26,18,"Whidbey"
2008,"Ledgewood",27,22,"Whidbey"
2008,"Ledgewood",24,28,"Whidbey"
2008,"Ledgewood",29,23,"Whidbey"
2008,"Ledgewood",30,30,"Whidbey"
2008,"Ledgewood",31,29,"Whidbey"
2008,"Ledgewood",31,25,"Whidbey"
2008,"Ledgewood",32,27,"Whidbey"
2008,"Ledgewood",33,28,"Whidbey"
2008,"Limpet Lane",26,38,"Whidbey"
2008,"Limpet Lane",30,45,"Whidbey"
2008,"Limpet Lane",32,37,"Whidbey"
2008,"Malmo Bluff",26,26,"Whidbey"
2008,"Malmo Bluff",28,22,"Whidbey"
2008,"Malmo Bluff",29,22,"Whidbey"
2008,"Malmo Bluff",30,18,"Whidbey"
2008,"Malmo Bluff",32,16,"Whidbey"
2008,"Maylor Point",26,15,"Whidbey"
2008,"Maylor Point",29,17,"Whidbey"
2008,"Maylor Point",29,15,"Whidbey"
2008,"Maylor Point",31,17,"Whidbey"
2008,"Maylor Point",32,19,"Whidbey"
2008,"Monroe Landing",26,9,"Whidbey"
2008,"Monroe Landing",27,11,"Whidbey"
2008,"Monroe Landing",28,13,"Whidbey"
2008,"Monroe Landing",29,10,"Whidbey"
2008,"Monroe Landing",31,11,"Whidbey"
2008,"Monroe Landing",32,7,"Whidbey"
2008,"Mutiny Sands",26,40,"Whidbey"
2008,"Mutiny Sands",28,40,"Whidbey"
2008,"Mutiny Sands",29,33,"Whidbey"
2008,"Mutiny Sands",30,50,"Whidbey"
2008,"Possession Point",26,18,"Whidbey"
2008,"Possession Point",28,22,"Whidbey"
2008,"Possession Point",29,21,"Whidbey"
2008,"Possession Point",30,20,"Whidbey"
2008,"Possession Point",32,24,"Whidbey"
2008,"Pratts Bluff",26,18,"Whidbey"
2008,"Pratts Bluff",27,17,"Whidbey"
2008,"Pratts Bluff",27,30,"Whidbey"
2008,"Pratts Bluff",29,21,"Whidbey"
2008,"Pratts Bluff",30,15,"Whidbey"
2008,"Pratts Bluff",31,19,"Whidbey"
2008,"Rolling Hills",28,61,"Whidbey"
2008,"Rolling Hills",30,69,"Whidbey"
2008,"Shore Meadows",26,81,"Whidbey"
2008,"Shore Meadows",27,52,"Whidbey"
2008,"Shore Meadows",28,46,"Whidbey"
2008,"Shore Meadows",30,47,"Whidbey"
2008,"Shore Meadows",31,53,"Whidbey"
2008,"Swantown",28,30,"Whidbey"
2008,"Swantown",30,34,"Whidbey"
2008,"Swantown",31,27,"Whidbey"
2008,"Swantown",32,39,"Whidbey"
2009,"Cliffside",26,35,"Whidbey"
2009,"Cliffside",29,41,"Whidbey"
2009,"Cliffside",30,30,"Whidbey"
2009,"Cliffside",33,48,"Whidbey"
2009,"Crescent Harbor",27,10,"Whidbey"
2009,"Crescent Harbor",29,18,"Whidbey"
2009,"Crescent Harbor",30,10,"Whidbey"
2009,"Crescent Harbor",31,15,"Whidbey"
2009,"Crescent Harbor",34,9,"Whidbey"
2009,"Double Bluff North",27,72,"Whidbey"
2009,"Double Bluff North",28,93,"Whidbey"
2009,"Double Bluff North",29,117,"Whidbey"
2009,"Double Bluff North",30,65,"Whidbey"
2009,"Double Bluff North",31,110,"Whidbey"
2009,"Double Bluff North",33,118,"Whidbey"
2009,"Double Bluff South",29,15,"Whidbey"
2009,"Double Bluff South",30,18,"Whidbey"
2009,"Double Bluff South",31,20,"Whidbey"
2009,"Double Bluff South",32,18,"Whidbey"
2009,"Fort Casey",27,30,"Whidbey"
2009,"Fort Casey",28,35,"Whidbey"
2009,"Fort Casey",29,30,"Whidbey"
2009,"Fort Casey",31,32,"Whidbey"
2009,"Fort Casey",32,44,"Whidbey"
2009,"Fort Casey",33,55,"Whidbey"
2009,"Hancock Lake",27,65,"Whidbey"
2009,"Hancock Lake",28,69,"Whidbey"
2009,"Hancock Lake",29,42,"Whidbey"
2009,"Hancock Lake",30,63,"Whidbey"
2009,"Hancock Lake",31,50,"Whidbey"
2009,"Hancock Lake",32,73,"Whidbey"
2009,"Hastie Lake",27,36,"Whidbey"
2009,"Hastie Lake",29,26,"Whidbey"
2009,"Hastie Lake",30,30,"Whidbey"
2009,"Hastie Lake",31,33,"Whidbey"
2009,"Hastie Lake",33,39,"Whidbey"
2009,"Keystone",27,27,"Whidbey"
2009,"Keystone",28,28,"Whidbey"
2009,"Keystone",30,39,"Whidbey"
2009,"Keystone",31,34,"Whidbey"
2009,"Keystone",32,32,"Whidbey"
2009,"Keystone",34,28,"Whidbey"
2009,"Lagoon North #1",26,46,"Whidbey"
2009,"Lagoon North #1",27,40,"Whidbey"
2009,"Lagoon North #1",29,36,"Whidbey"
2009,"Lagoon North #1",29,42,"Whidbey"
2009,"Lagoon North #1",30,57,"Whidbey"
2009,"Lagoon North #1",31,37,"Whidbey"
2009,"Lagoon North #1",32,64,"Whidbey"
2009,"Lagoon North #2",29,14,"Whidbey"
2009,"Lagoon North #2",31,15,"Whidbey"
2009,"Lagoon North #2",32,18,"Whidbey"
2009,"Lagoon North #3",30,26,"Whidbey"
2009,"Lagoon North #3",31,16,"Whidbey"
2009,"Lagoon North #3",31,22,"Whidbey"
2009,"Lagoon North #3",32,26,"Whidbey"
2009,"Lagoon South",31,35,"Whidbey"
2009,"Lagoon South",29,46,"Whidbey"
2009,"Lagoon South",27,35,"Whidbey"
2009,"Lagoon South",27,57,"Whidbey"
2009,"Lagoon South",28,52,"Whidbey"
2009,"Lagoon South",33,43,"Whidbey"
2009,"Lagoon South",31,33,"Whidbey"
2009,"Lagoon South",30,56,"Whidbey"
2009,"Lagoon South",32,45,"Whidbey"
2009,"Ledgewood",27,26,"Whidbey"
2009,"Ledgewood",28,25,"Whidbey"
2009,"Ledgewood",29,39,"Whidbey"
2009,"Ledgewood",30,38,"Whidbey"
2009,"Ledgewood",31,36,"Whidbey"
2009,"Ledgewood",32,36,"Whidbey"
2009,"Ledgewood",33,26,"Whidbey"
2009,"Ledgewood",34,20,"Whidbey"
2009,"Limpet Lane",29,32,"Whidbey"
2009,"Limpet Lane",31,23,"Whidbey"
2009,"Malmo Bluff",28,22,"Whidbey"
2009,"Malmo Bluff",29,30,"Whidbey"
2009,"Malmo Bluff",30,16,"Whidbey"
2009,"Malmo Bluff",31,25,"Whidbey"
2009,"Malmo Bluff",32,20,"Whidbey"
2009,"Malmo Bluff",33,18,"Whidbey"
2009,"Maylor Point",29,21,"Whidbey"
2009,"Maylor Point",31,20,"Whidbey"
2009,"Maylor Point",33,24,"Whidbey"
2009,"Monroe Landing",28,13,"Whidbey"
2009,"Monroe Landing",30,13,"Whidbey"
2009,"Monroe Landing",33,26,"Whidbey"
2009,"Mutiny Sands",28,34,"Whidbey"
2009,"Mutiny Sands",29,45,"Whidbey"
2009,"Mutiny Sands",30,29,"Whidbey"
2009,"Mutiny Sands",31,40,"Whidbey"
2009,"Mutiny Sands",32,41,"Whidbey"
2009,"Possession Point",26,21,"Whidbey"
2009,"Possession Point",27,18,"Whidbey"
2009,"Possession Point",28,22,"Whidbey"
2009,"Possession Point",29,20,"Whidbey"
2009,"Possession Point",30,26,"Whidbey"
2009,"Possession Point",31,16,"Whidbey"
2009,"Possession Point",33,15,"Whidbey"
2009,"Pratts Bluff",26,18,"Whidbey"
2009,"Pratts Bluff",27,15,"Whidbey"
2009,"Pratts Bluff",28,22,"Whidbey"
2009,"Pratts Bluff",29,30,"Whidbey"
2009,"Pratts Bluff",31,18,"Whidbey"
2009,"Pratts Bluff",32,16,"Whidbey"
2009,"Rolling Hills",27,52,"Whidbey"
2009,"Rolling Hills",28,55,"Whidbey"
2009,"Rolling Hills",29,50,"Whidbey"
2009,"Rolling Hills",30,74,"Whidbey"
2009,"Rolling Hills",31,61,"Whidbey"
2009,"Rolling Hills",32,58,"Whidbey"
2009,"Rolling Hills",33,75,"Whidbey"
2009,"Shore Meadows",26,56,"Whidbey"
2009,"Shore Meadows",30,65,"Whidbey"
2009,"Shore Meadows",27,73,"Whidbey"
2009,"Shore Meadows",28,71,"Whidbey"
2009,"Shore Meadows",29,67,"Whidbey"
2009,"Shore Meadows",33,57,"Whidbey"
2009,"Shore Meadows",31,82,"Whidbey"
2009,"Shore Meadows",31,44,"Whidbey"
2009,"Shore Meadows",32,63,"Whidbey"
2009,"Shore Meadows",35,74,"Whidbey"
2009,"Swantown",27,20,"Whidbey"
2009,"Swantown",28,26,"Whidbey"
2009,"Swantown",29,25,"Whidbey"
2009,"Swantown",30,24,"Whidbey"
2009,"Swantown",31,24,"Whidbey"
2009,"Swantown",32,22,"Whidbey"
2009,"Swantown",33,20,"Whidbey"
2010,"Cliffside",26,23,"Whidbey"
2010,"Cliffside",27,38,"Whidbey"
2010,"Double Bluff North",26,99,"Whidbey"
2010,"Double Bluff North",28,79,"Whidbey"
2010,"Double Bluff North",29,72,"Whidbey"
2010,"Double Bluff North",30,105,"Whidbey"
2010,"Double Bluff North",31,99,"Whidbey"
2010,"Double Bluff North",32,63,"Whidbey"
2010,"Forbes Point",26,18,"Whidbey"
2010,"Forbes Point",27,17,"Whidbey"
2010,"Forbes Point",28,20,"Whidbey"
2010,"Forbes Point",28,16,"Whidbey"
2010,"Forbes Point",30,18,"Whidbey"
2010,"Forbes Point",31,17,"Whidbey"
2010,"Forbes Point",31,13,"Whidbey"
2010,"Forbes Point",33,22,"Whidbey"
2010,"Fort Casey",25,50,"Whidbey"
2010,"Fort Casey",28,50,"Whidbey"
2010,"Fort Casey",29,40,"Whidbey"
2010,"Fort Casey",31,43,"Whidbey"
2010,"Fort Casey",30,50,"Whidbey"
2010,"Hancock Lake",28,66,"Whidbey"
2010,"Hancock Lake",29,65,"Whidbey"
2010,"Hancock Lake",29,47,"Whidbey"
2010,"Hancock Lake",32,42,"Whidbey"
2010,"Hancock Lake",25,69,"Whidbey"
2010,"Hancock Lake",27,59,"Whidbey"
2010,"Harrington North",26,27,"Whidbey"
2010,"Harrington North",27,32,"Whidbey"
2010,"Harrington North",30,25,"Whidbey"
2010,"Harrington North",28,22,"Whidbey"
2010,"Harrington North",29,24,"Whidbey"
2010,"Harrington North",31,19,"Whidbey"
2010,"Harrington North",32,37,"Whidbey"
2010,"Harrington South",25,21,"Whidbey"
2010,"Harrington South",28,16,"Whidbey"
2010,"Harrington South",29,13,"Whidbey"
2010,"Harrington South",30,18,"Whidbey"
2010,"Harrington South",31,12,"Whidbey"
2010,"Harrington South",32,17,"Whidbey"
2010,"Hastie Lake",25,23,"Whidbey"
2010,"Hastie Lake",27,41,"Whidbey"
2010,"Hastie Lake",29,29,"Whidbey"
2010,"Hastie Lake",30,32,"Whidbey"
2010,"Keystone",26,45,"Whidbey"
2010,"Keystone",27,25,"Whidbey"
2010,"Keystone",28,24,"Whidbey"
2010,"Keystone",29,24,"Whidbey"
2010,"Keystone",30,25,"Whidbey"
2010,"Lagoon North #1",26,38,"Whidbey"
2010,"Lagoon North #1",27,53,"Whidbey"
2010,"Lagoon North #1",28,45,"Whidbey"
2010,"Lagoon North #1",29,49,"Whidbey"
2010,"Lagoon North #1",32,49,"Whidbey"
2010,"Lagoon North #2",26,8,"Whidbey"
2010,"Lagoon North #2",27,9,"Whidbey"
2010,"Lagoon North #2",28,9,"Whidbey"
2010,"Lagoon North #2",29,14,"Whidbey"
2010,"Lagoon North #2",30,12,"Whidbey"
2010,"Lagoon North #2",31,9,"Whidbey"
2010,"Lagoon North #3",26,18,"Whidbey"
2010,"Lagoon North #3",27,23,"Whidbey"
2010,"Lagoon North #3",28,28,"Whidbey"
2010,"Lagoon North #3",29,23,"Whidbey"
2010,"Lagoon North #3",30,15,"Whidbey"
2010,"Lagoon North #3",32,14,"Whidbey"
2010,"Lagoon South",26,37,"Whidbey"
2010,"Lagoon South",28,28,"Whidbey"
2010,"Lagoon South",31,24,"Whidbey"
2010,"Lagoon South",32,44,"Whidbey"
2010,"Ledgewood",26,37,"Whidbey"
2010,"Ledgewood",27,31,"Whidbey"
2010,"Ledgewood",28,29,"Whidbey"
2010,"Ledgewood",29,36,"Whidbey"
2010,"Ledgewood",30,41,"Whidbey"
2010,"Ledgewood",31,33,"Whidbey"
2010,"Ledgewood",27,33,"Whidbey"
2010,"Limpet Lane",26,28,"Whidbey"
2010,"Limpet Lane",28,28,"Whidbey"
2010,"Limpet Lane",29,18,"Whidbey"
2010,"Limpet Lane",30,35,"Whidbey"
2010,"Limpet Lane",32,25,"Whidbey"
2010,"Malmo Bluff",26,32,"Whidbey"
2010,"Malmo Bluff",28,33,"Whidbey"
2010,"Malmo Bluff",29,25,"Whidbey"
2010,"Malmo Bluff",30,29,"Whidbey"
2010,"Malmo Bluff",32,40,"Whidbey"
2010,"Maylor Point",31,127,"Whidbey"
2010,"Monroe Landing",26,12,"Whidbey"
2010,"Monroe Landing",27,10,"Whidbey"
2010,"Monroe Landing",28,14,"Whidbey"
2010,"Monroe Landing",31,15,"Whidbey"
2010,"Mutiny Sands",26,32,"Whidbey"
2010,"Mutiny Sands",27,24,"Whidbey"
2010,"Mutiny Sands",28,24,"Whidbey"
2010,"Mutiny Sands",30,26,"Whidbey"
2010,"Mutiny Sands",31,32,"Whidbey"
2010,"Mutiny Sands",32,17,"Whidbey"
2010,"Possession Point",25,24,"Whidbey"
2010,"Possession Point",26,20,"Whidbey"
2010,"Possession Point",27,15,"Whidbey"
2010,"Possession Point",28,20,"Whidbey"
2010,"Possession Point",30,25,"Whidbey"
2010,"Possession Point",32,17,"Whidbey"
2010,"Pratts Bluff",26,37,"Whidbey"
2010,"Pratts Bluff",27,20,"Whidbey"
2010,"Pratts Bluff",28,30,"Whidbey"
2010,"Pratts Bluff",30,27,"Whidbey"
2010,"Pratts Bluff",32,24,"Whidbey"
2010,"Rolling Hills",26,69,"Whidbey"
2010,"Rolling Hills",27,84,"Whidbey"
2010,"Rolling Hills",28,105,"Whidbey"
2010,"Rolling Hills",29,86,"Whidbey"
2010,"Rolling Hills",30,108,"Whidbey"
2010,"Rolling Hills",31,97,"Whidbey"
2010,"Shore Meadows",27,47,"Whidbey"
2010,"Shore Meadows",26,71,"Whidbey"
2010,"Shore Meadows",28,75,"Whidbey"
2010,"Shore Meadows",29,48,"Whidbey"
2010,"Shore Meadows",30,60,"Whidbey"
2010,"Shore Meadows",31,43,"Whidbey"
2010,"Shore Meadows",27,57,"Whidbey"
2010,"Shore Meadows",28,61,"Whidbey"
2010,"Shore Meadows",29,72,"Whidbey"
2010,"Shore Meadows",29,41,"Whidbey"
2010,"Shore Meadows",31,81,"Whidbey"
2010,"Shore Meadows",32,56,"Whidbey"
2010,"Shore Meadows",32,55,"Whidbey"
2010,"Shore Meadows",33,76,"Whidbey"
2010,"Swantown",26,27,"Whidbey"
2010,"Swantown",28,21,"Whidbey"
2010,"Swantown",29,15,"Whidbey"
2010,"Swantown",30,29,"Whidbey"
2010,"Swantown",31,22,"Whidbey"
2010,"Swantown",32,23,"Whidbey"
2011,"Cliffside",26,23,"Whidbey"
2011,"Cliffside",27,18,"Whidbey"
2011,"Cliffside",28,23,"Whidbey"
2011,"Cliffside",31,33,"Whidbey"
2011,"Cliffside",33,22,"Whidbey"
2011,"Crescent Harbor",26,15,"Whidbey"
2011,"Crescent Harbor",27,12,"Whidbey"
2011,"Double Bluff North",27,90,"Whidbey"
2011,"Double Bluff North",28,64,"Whidbey"
2011,"Double Bluff North",29,87,"Whidbey"
2011,"Double Bluff North",30,78,"Whidbey"
2011,"Double Bluff North",31,89,"Whidbey"
2011,"Double Bluff North",33,101,"Whidbey"
2011,"Double Bluff South",26,12,"Whidbey"
2011,"Double Bluff South",27,17,"Whidbey"
2011,"Double Bluff South",28,15,"Whidbey"
2011,"Double Bluff South",29,18,"Whidbey"
2011,"Double Bluff South",30,10,"Whidbey"
2011,"Double Bluff South",31,13,"Whidbey"
2011,"Double Bluff South",32,18,"Whidbey"
2011,"Forbes Point",27,27,"Whidbey"
2011,"Forbes Point",29,27,"Whidbey"
2011,"Forbes Point",30,27,"Whidbey"
2011,"Forbes Point",31,31,"Whidbey"
2011,"Forbes Point",32,33,"Whidbey"
2011,"Forbes Point",33,28,"Whidbey"
2011,"Fort Casey",25,50,"Whidbey"
2011,"Fort Casey",26,46,"Whidbey"
2011,"Fort Casey",28,55,"Whidbey"
2011,"Fort Casey",29,60,"Whidbey"
2011,"Fort Casey",29,40,"Whidbey"
2011,"Fort Casey",31,40,"Whidbey"
2011,"Fort Casey",33,45,"Whidbey"
2011,"Fort Casey",33,32,"Whidbey"
2011,"Hancock Lake",26,76,"Whidbey"
2011,"Hancock Lake",27,86,"Whidbey"
2011,"Hancock Lake",28,63,"Whidbey"
2011,"Hancock Lake",29,85,"Whidbey"
2011,"Hancock Lake",30,83,"Whidbey"
2011,"Hancock Lake",31,81,"Whidbey"
2011,"Harrington North",27,18,"Whidbey"
2011,"Harrington North",28,15,"Whidbey"
2011,"Harrington North",29,22,"Whidbey"
2011,"Harrington North",30,25,"Whidbey"
2011,"Harrington North",31,17,"Whidbey"
2011,"Harrington North",32,20,"Whidbey"
2011,"Harrington South",26,14,"Whidbey"
2011,"Harrington South",27,18,"Whidbey"
2011,"Harrington South",28,12,"Whidbey"
2011,"Harrington South",29,19,"Whidbey"
2011,"Harrington South",31,14,"Whidbey"
2011,"Harrington South",32,20,"Whidbey"
2011,"Hastie Lake",26,33,"Whidbey"
2011,"Hastie Lake",27,22,"Whidbey"
2011,"Hastie Lake",28,35,"Whidbey"
2011,"Hastie Lake",29,28,"Whidbey"
2011,"Hastie Lake",30,20,"Whidbey"
2011,"Hastie Lake",32,30,"Whidbey"
2011,"Keystone",25,25,"Whidbey"
2011,"Keystone",27,25,"Whidbey"
2011,"Keystone",28,32,"Whidbey"
2011,"Keystone",29,27,"Whidbey"
2011,"Keystone",30,32,"Whidbey"
2011,"Keystone",31,32,"Whidbey"
2011,"Keystone",32,31,"Whidbey"
2011,"Keystone",33,45,"Whidbey"
2011,"Keystone",34,27,"Whidbey"
2011,"Lagoon North #1",26,53,"Whidbey"
2011,"Lagoon North #1",28,54,"Whidbey"
2011,"Lagoon North #1",30,49,"Whidbey"
2011,"Lagoon North #1",31,49,"Whidbey"
2011,"Lagoon North #1",31,52,"Whidbey"
2011,"Lagoon North #1",32,53,"Whidbey"
2011,"Lagoon North #1",35,47,"Whidbey"
2011,"Lagoon North #2",26,10,"Whidbey"
2011,"Lagoon North #2",28,15,"Whidbey"
2011,"Lagoon North #2",29,11,"Whidbey"
2011,"Lagoon North #2",30,11,"Whidbey"
2011,"Lagoon North #2",31,11,"Whidbey"
2011,"Lagoon North #2",32,16,"Whidbey"
2011,"Lagoon North #2",33,11,"Whidbey"
2011,"Lagoon North #3",28,20,"Whidbey"
2011,"Lagoon North #3",29,24,"Whidbey"
2011,"Lagoon North #3",30,29,"Whidbey"
2011,"Lagoon North #3",31,28,"Whidbey"
2011,"Lagoon North #3",33,18,"Whidbey"
2011,"Lagoon South",27,33,"Whidbey"
2011,"Lagoon South",29,35,"Whidbey"
2011,"Lagoon South",30,37,"Whidbey"
2011,"Lagoon South",31,33,"Whidbey"
2011,"Lagoon South",32,25,"Whidbey"
2011,"Lagoon South",33,50,"Whidbey"
2011,"Ledgewood",25,38,"Whidbey"
2011,"Ledgewood",26,40,"Whidbey"
2011,"Ledgewood",28,30,"Whidbey"
2011,"Ledgewood",29,38,"Whidbey"
2011,"Ledgewood",31,33,"Whidbey"
2011,"Ledgewood",32,46,"Whidbey"
2011,"Limpet Lane",26,19,"Whidbey"
2011,"Limpet Lane",27,25,"Whidbey"
2011,"Limpet Lane",29,23,"Whidbey"
2011,"Limpet Lane",31,21,"Whidbey"
2011,"Limpet Lane",32,31,"Whidbey"
2011,"Limpet Lane",33,32,"Whidbey"
2011,"Malmo Bluff",26,25,"Whidbey"
2011,"Malmo Bluff",27,38,"Whidbey"
2011,"Malmo Bluff",28,28,"Whidbey"
2011,"Malmo Bluff",29,45,"Whidbey"
2011,"Malmo Bluff",31,43,"Whidbey"
2011,"Malmo Bluff",32,37,"Whidbey"
2011,"Malmo Bluff",33,35,"Whidbey"
2011,"Maylor Point",27,19,"Whidbey"
2011,"Maylor Point",29,17,"Whidbey"
2011,"Maylor Point",30,19,"Whidbey"
2011,"Maylor Point",31,28,"Whidbey"
2011,"Maylor Point",32,29,"Whidbey"
2011,"Monroe Landing",27,9,"Whidbey"
2011,"Monroe Landing",28,9,"Whidbey"
2011,"Monroe Landing",29,11,"Whidbey"
2011,"Monroe Landing",32,13,"Whidbey"
2011,"Monroe Landing",33,7,"Whidbey"
2011,"Monroe Landing",34,12,"Whidbey"
2011,"Mutiny Sands",27,33,"Whidbey"
2011,"Mutiny Sands",29,40,"Whidbey"
2011,"Mutiny Sands",33,33,"Whidbey"
2011,"Possession Point",27,25,"Whidbey"
2011,"Possession Point",28,16,"Whidbey"
2011,"Possession Point",29,24,"Whidbey"
2011,"Possession Point",30,32,"Whidbey"
2011,"Possession Point",31,29,"Whidbey"
2011,"Possession Point",32,21,"Whidbey"
2011,"Pratts Bluff",26,18,"Whidbey"
2011,"Pratts Bluff",27,28,"Whidbey"
2011,"Pratts Bluff",28,23,"Whidbey"
2011,"Pratts Bluff",29,23,"Whidbey"
2011,"Pratts Bluff",30,22,"Whidbey"
2011,"Pratts Bluff",31,30,"Whidbey"
2011,"Pratts Bluff",32,25,"Whidbey"
2011,"Rolling Hills",26,57,"Whidbey"
2011,"Rolling Hills",27,70,"Whidbey"
2011,"Rolling Hills",29,84,"Whidbey"
2011,"Rolling Hills",31,66,"Whidbey"
2011,"Rolling Hills",32,111,"Whidbey"
2011,"Shore Meadows",28,35,"Whidbey"
2011,"Shore Meadows",26,71,"Whidbey"
2011,"Shore Meadows",26,38,"Whidbey"
2011,"Shore Meadows",27,45,"Whidbey"
2011,"Shore Meadows",30,66,"Whidbey"
2011,"Shore Meadows",31,70,"Whidbey"
2011,"Shore Meadows",32,67,"Whidbey"
2011,"Swantown",26,18,"Whidbey"
2011,"Swantown",27,28,"Whidbey"
2011,"Swantown",28,27,"Whidbey"
2011,"Swantown",29,20,"Whidbey"
2011,"Swantown",30,30,"Whidbey"
2011,"Swantown",31,30,"Whidbey"
2011,"Swantown",33,16,"Whidbey"
2011,"Swantown",35,19,"Whidbey"
2012,"Cliffside",26,23,"Whidbey"
2012,"Cliffside",28,29,"Whidbey"
2012,"Cliffside",30,21,"Whidbey"
2012,"Cliffside",32,29,"Whidbey"
2012,"Double Bluff North",26,83,"Whidbey"
2012,"Double Bluff North",27,86,"Whidbey"
2012,"Double Bluff North",28,77,"Whidbey"
2012,"Double Bluff North",29,83,"Whidbey"
2012,"Double Bluff North",30,54,"Whidbey"
2012,"Double Bluff North",32,60,"Whidbey"
2012,"Double Bluff South",28,8,"Whidbey"
2012,"Double Bluff South",30,13,"Whidbey"
2012,"Forbes Point",26,24,"Whidbey"
2012,"Forbes Point",27,21,"Whidbey"
2012,"Forbes Point",28,32,"Whidbey"
2012,"Forbes Point",30,29,"Whidbey"
2012,"Forbes Point",32,31,"Whidbey"
2012,"Forbes Point",34,20,"Whidbey"
2012,"Fort Casey",26,35,"Whidbey"
2012,"Fort Casey",27,39,"Whidbey"
2012,"Fort Casey",28,31,"Whidbey"
2012,"Fort Casey",29,61,"Whidbey"
2012,"Fort Casey",30,48,"Whidbey"
2012,"Fort Casey",31,50,"Whidbey"
2012,"Hancock Lake",26,66,"Whidbey"
2012,"Hancock Lake",27,76,"Whidbey"
2012,"Hancock Lake",28,63,"Whidbey"
2012,"Hancock Lake",29,76,"Whidbey"
2012,"Hancock Lake",30,85,"Whidbey"
2012,"Hancock Lake",31,85,"Whidbey"
2012,"Hancock Lake",32,88,"Whidbey"
2012,"Hancock Lake",33,89,"Whidbey"
2012,"Harrington North",27,28,"Whidbey"
2012,"Harrington North",28,26,"Whidbey"
2012,"Harrington North",29,23,"Whidbey"
2012,"Harrington North",30,27,"Whidbey"
2012,"Harrington North",31,22,"Whidbey"
2012,"Harrington South",25,17,"Whidbey"
2012,"Harrington South",29,17,"Whidbey"
2012,"Harrington South",29,24,"Whidbey"
2012,"Harrington South",32,28,"Whidbey"
2012,"Hastie Lake",26,22,"Whidbey"
2012,"Hastie Lake",27,28,"Whidbey"
2012,"Hastie Lake",28,15,"Whidbey"
2012,"Hastie Lake",30,14,"Whidbey"
2012,"Hastie Lake",31,15,"Whidbey"
2012,"Hastie Lake",32,14,"Whidbey"
2012,"Hastie Lake North",26,12,"Whidbey"
2012,"Hastie Lake North",28,15,"Whidbey"
2012,"Hastie Lake North",29,13,"Whidbey"
2012,"Hastie Lake North",30,19,"Whidbey"
2012,"Hastie Lake North",32,24,"Whidbey"
2012,"Keystone",26,53,"Whidbey"
2012,"Keystone",27,52,"Whidbey"
2012,"Keystone",28,52,"Whidbey"
2012,"Keystone",29,58,"Whidbey"
2012,"Keystone",30,53,"Whidbey"
2012,"Keystone",31,30,"Whidbey"
2012,"Keystone",32,37,"Whidbey"
2012,"Lagoon North #1",27,46,"Whidbey"
2012,"Lagoon North #1",28,63,"Whidbey"
2012,"Lagoon North #1",29,61,"Whidbey"
2012,"Lagoon North #1",30,51,"Whidbey"
2012,"Lagoon North #1",32,82,"Whidbey"
2012,"Lagoon North #1",32,61,"Whidbey"
2012,"Lagoon North #1",33,54,"Whidbey"
2012,"Lagoon North #2",26,9,"Whidbey"
2012,"Lagoon North #2",27,14,"Whidbey"
2012,"Lagoon North #2",28,10,"Whidbey"
2012,"Lagoon North #2",29,11,"Whidbey"
2012,"Lagoon North #2",30,9,"Whidbey"
2012,"Lagoon North #2",31,7,"Whidbey"
2012,"Lagoon North #2",32,7,"Whidbey"
2012,"Lagoon North #2",33,10,"Whidbey"
2012,"Lagoon North #3",25,26,"Whidbey"
2012,"Lagoon North #3",27,34,"Whidbey"
2012,"Lagoon North #3",28,25,"Whidbey"
2012,"Lagoon North #3",29,25,"Whidbey"
2012,"Lagoon South",27,26,"Whidbey"
2012,"Lagoon South",29,34,"Whidbey"
2012,"Lagoon South",28,32,"Whidbey"
2012,"Lagoon South",26,31,"Whidbey"
2012,"Lagoon South",30,46,"Whidbey"
2012,"Lagoon South",31,39,"Whidbey"
2012,"Lagoon South",32,48,"Whidbey"
2012,"Ledgewood",27,35,"Whidbey"
2012,"Ledgewood",28,41,"Whidbey"
2012,"Ledgewood",29,42,"Whidbey"
2012,"Ledgewood",30,41,"Whidbey"
2012,"Ledgewood",31,41,"Whidbey"
2012,"Ledgewood",32,29,"Whidbey"
2012,"Ledgewood",33,39,"Whidbey"
2012,"Ledgewood",34,21,"Whidbey"
2012,"Limpet Lane",26,13,"Whidbey"
2012,"Limpet Lane",27,24,"Whidbey"
2012,"Limpet Lane",28,17,"Whidbey"
2012,"Limpet Lane",30,25,"Whidbey"
2012,"Limpet Lane",31,18,"Whidbey"
2012,"Limpet Lane",32,26,"Whidbey"
2012,"Limpet Lane",32,20,"Whidbey"
2012,"Malmo Bluff",26,31,"Whidbey"
2012,"Malmo Bluff",27,50,"Whidbey"
2012,"Malmo Bluff",29,25,"Whidbey"
2012,"Malmo Bluff",30,43,"Whidbey"
2012,"Malmo Bluff",31,36,"Whidbey"
2012,"Monroe Landing",28,8,"Whidbey"
2012,"Monroe Landing",30,13,"Whidbey"
2012,"Monroe Landing",32,11,"Whidbey"
2012,"Monroe Landing",33,13,"Whidbey"
2012,"Monroe Landing",34,15,"Whidbey"
2012,"Mutiny Sands",28,25,"Whidbey"
2012,"Mutiny Sands",30,31,"Whidbey"
2012,"Mutiny Sands",31,37,"Whidbey"
2012,"Mutiny Sands",34,22,"Whidbey"
2012,"Possession Point",26,28,"Whidbey"
2012,"Possession Point",27,29,"Whidbey"
2012,"Possession Point",28,20,"Whidbey"
2012,"Possession Point",29,30,"Whidbey"
2012,"Possession Point",31,18,"Whidbey"
2012,"Possession Point",31,36,"Whidbey"
2012,"Pratts Bluff",26,25,"Whidbey"
2012,"Pratts Bluff",27,24,"Whidbey"
2012,"Pratts Bluff",28,21,"Whidbey"
2012,"Pratts Bluff",29,28,"Whidbey"
2012,"Pratts Bluff",31,25,"Whidbey"
2012,"Pratts Bluff",32,14,"Whidbey"
2012,"Rolling Hills",26,61,"Whidbey"
2012,"Rolling Hills",27,55,"Whidbey"
2012,"Rolling Hills",28,88,"Whidbey"
2012,"Rolling Hills",29,53,"Whidbey"
2012,"Rolling Hills",30,69,"Whidbey"
2012,"Rolling Hills",32,93,"Whidbey"
2012,"Rolling Hills",33,73,"Whidbey"
2012,"Shore Meadows",31,78,"Whidbey"
2012,"Shore Meadows",26,64,"Whidbey"
2012,"Shore Meadows",27,52,"Whidbey"
2012,"Shore Meadows",28,47,"Whidbey"
2012,"Shore Meadows",29,62,"Whidbey"
2012,"Shore Meadows",30,62,"Whidbey"
2012,"Shore Meadows",33,55,"Whidbey"
2012,"Shore Meadows",34,47,"Whidbey"
2012,"Swantown",26,31,"Whidbey"
2012,"Swantown",29,19,"Whidbey"
2012,"Swantown",30,21,"Whidbey"
2012,"Swantown",31,18,"Whidbey"
2012,"Swantown",32,18,"Whidbey"
2013,"Cliffside",26,15,"Whidbey"
2013,"Cliffside",29,17,"Whidbey"
2013,"Cliffside",31,21,"Whidbey"
2013,"Cliffside",32,26,"Whidbey"
2013,"Cliffside",33,29,"Whidbey"
2013,"Coupeville Wharf",27,9,"Whidbey"
2013,"Coupeville Wharf",28,8,"Whidbey"
2013,"Coupeville Wharf",29,11,"Whidbey"
2013,"Coupeville Wharf",30,11,"Whidbey"
2013,"Coupeville Wharf",31,15,"Whidbey"
2013,"Coupeville Wharf",32,12,"Whidbey"
2013,"Coupeville Wharf",33,10,"Whidbey"
2013,"Double Bluff North",26,45,"Whidbey"
2013,"Double Bluff North",27,61,"Whidbey"
2013,"Double Bluff North",28,45,"Whidbey"
2013,"Double Bluff North",29,40,"Whidbey"
2013,"Double Bluff North",30,42,"Whidbey"
2013,"Double Bluff North",31,40,"Whidbey"
2013,"Double Bluff North",32,61,"Whidbey"
2013,"Double Bluff North",33,42,"Whidbey"
2013,"Double Bluff South",27,20,"Whidbey"
2013,"Double Bluff South",28,18,"Whidbey"
2013,"Double Bluff South",29,20,"Whidbey"
2013,"Double Bluff South",31,19,"Whidbey"
2013,"Forbes Point",26,15,"Whidbey"
2013,"Forbes Point",28,19,"Whidbey"
2013,"Forbes Point",30,23,"Whidbey"
2013,"Forbes Point",31,17,"Whidbey"
2013,"Forbes Point",32,26,"Whidbey"
2013,"Fort Casey",25,57,"Whidbey"
2013,"Fort Casey",28,54,"Whidbey"
2013,"Fort Casey",29,45,"Whidbey"
2013,"Fort Casey",30,30,"Whidbey"
2013,"Fort Casey",32,41,"Whidbey"
2013,"Fort Casey",33,30,"Whidbey"
2013,"Hancock Lake",26,69,"Whidbey"
2013,"Hancock Lake",27,71,"Whidbey"
2013,"Hancock Lake",28,72,"Whidbey"
2013,"Hancock Lake",29,75,"Whidbey"
2013,"Hancock Lake",30,74,"Whidbey"
2013,"Hancock Lake",32,64,"Whidbey"
2013,"Hancock Lake",34,61,"Whidbey"
2013,"Harrington North",26,10,"Whidbey"
2013,"Harrington North",28,14,"Whidbey"
2013,"Harrington North",30,15,"Whidbey"
2013,"Harrington North",31,20,"Whidbey"
2013,"Harrington North",32,13,"Whidbey"
2013,"Harrington South",26,9,"Whidbey"
2013,"Harrington South",27,9,"Whidbey"
2013,"Harrington South",27,8,"Whidbey"
2013,"Harrington South",29,12,"Whidbey"
2013,"Harrington South",30,11,"Whidbey"
2013,"Harrington South",31,14,"Whidbey"
2013,"Harrington South",32,12,"Whidbey"
2013,"Harrington South",33,13,"Whidbey"
2013,"Harrington South",34,8,"Whidbey"
2013,"Hastie Lake",26,20,"Whidbey"
2013,"Hastie Lake",27,13,"Whidbey"
2013,"Hastie Lake",28,26,"Whidbey"
2013,"Hastie Lake",29,19,"Whidbey"
2013,"Hastie Lake",30,13,"Whidbey"
2013,"Hastie Lake",31,15,"Whidbey"
2013,"Hastie Lake",33,20,"Whidbey"
2013,"Hastie Lake North",26,21,"Whidbey"
2013,"Hastie Lake North",28,17,"Whidbey"
2013,"Hastie Lake North",29,17,"Whidbey"
2013,"Hastie Lake North",30,17,"Whidbey"
2013,"Hastie Lake North",32,15,"Whidbey"
2013,"Hastie Lake North",34,11,"Whidbey"
2013,"Keystone",26,43,"Whidbey"
2013,"Keystone",27,47,"Whidbey"
2013,"Keystone",28,37,"Whidbey"
2013,"Keystone",29,47,"Whidbey"
2013,"Keystone",30,38,"Whidbey"
2013,"Keystone",31,42,"Whidbey"
2013,"Keystone",32,55,"Whidbey"
2013,"Lagoon North #1",26,75,"Whidbey"
2013,"Lagoon North #1",27,85,"Whidbey"
2013,"Lagoon North #1",28,86,"Whidbey"
2013,"Lagoon North #1",29,77,"Whidbey"
2013,"Lagoon North #1",30,86,"Whidbey"
2013,"Lagoon North #1",31,72,"Whidbey"
2013,"Lagoon North #1",32,61,"Whidbey"
2013,"Lagoon North #2",28,14,"Whidbey"
2013,"Lagoon North #2",29,17,"Whidbey"
2013,"Lagoon North #2",30,14,"Whidbey"
2013,"Lagoon North #2",31,14,"Whidbey"
2013,"Lagoon North #2",32,21,"Whidbey"
2013,"Lagoon North #3",26,12,"Whidbey"
2013,"Lagoon North #3",27,14,"Whidbey"
2013,"Lagoon North #3",28,11,"Whidbey"
2013,"Lagoon North #3",29,18,"Whidbey"
2013,"Lagoon North #3",30,17,"Whidbey"
2013,"Lagoon North #3",31,9,"Whidbey"
2013,"Lagoon North #3",33,14,"Whidbey"
2013,"Lagoon South",31,41,"Whidbey"
2013,"Lagoon South",32,45,"Whidbey"
2013,"Lagoon South",33,40,"Whidbey"
2013,"Lagoon South",27,30,"Whidbey"
2013,"Lagoon South",28,47,"Whidbey"
2013,"Lagoon South",29,43,"Whidbey"
2013,"Ledgewood",26,29,"Whidbey"
2013,"Ledgewood",27,26,"Whidbey"
2013,"Ledgewood",28,35,"Whidbey"
2013,"Ledgewood",29,38,"Whidbey"
2013,"Ledgewood",30,33,"Whidbey"
2013,"Ledgewood",31,38,"Whidbey"
2013,"Ledgewood",32,40,"Whidbey"
2013,"Ledgewood",33,28,"Whidbey"
2013,"Ledgewood",34,21,"Whidbey"
2013,"Limpet Lane",26,16,"Whidbey"
2013,"Limpet Lane",28,31,"Whidbey"
2013,"Limpet Lane",30,16,"Whidbey"
2013,"Malmo Bluff",26,35,"Whidbey"
2013,"Malmo Bluff",27,40,"Whidbey"
2013,"Malmo Bluff",28,43,"Whidbey"
2013,"Malmo Bluff",29,39,"Whidbey"
2013,"Malmo Bluff",30,47,"Whidbey"
2013,"Malmo Bluff",31,27,"Whidbey"
2013,"Malmo Bluff",32,35,"Whidbey"
2013,"Malmo Bluff",33,35,"Whidbey"
2013,"Maylor Point",28,24,"Whidbey"
2013,"Maylor Point",31,13,"Whidbey"
2013,"Monroe Landing",28,9,"Whidbey"
2013,"Monroe Landing",29,9,"Whidbey"
2013,"Monroe Landing",30,16,"Whidbey"
2013,"Monroe Landing",31,12,"Whidbey"
2013,"Monroe Landing",32,12,"Whidbey"
2013,"Monroe Landing",33,16,"Whidbey"
2013,"Mutiny Sands",26,20,"Whidbey"
2013,"Mutiny Sands",28,28,"Whidbey"
2013,"Mutiny Sands",30,28,"Whidbey"
2013,"Mutiny Sands",31,32,"Whidbey"
2013,"Mutiny Sands",32,24,"Whidbey"
2013,"Mutiny Sands",34,34,"Whidbey"
2013,"Possession Point",25,18,"Whidbey"
2013,"Possession Point",26,29,"Whidbey"
2013,"Possession Point",27,23,"Whidbey"
2013,"Possession Point",29,33,"Whidbey"
2013,"Possession Point",30,25,"Whidbey"
2013,"Possession Point",32,33,"Whidbey"
2013,"Pratts Bluff",26,25,"Whidbey"
2013,"Pratts Bluff",27,36,"Whidbey"
2013,"Pratts Bluff",28,26,"Whidbey"
2013,"Pratts Bluff",30,43,"Whidbey"
2013,"Pratts Bluff",32,30,"Whidbey"
2013,"Rolling Hills",26,69,"Whidbey"
2013,"Rolling Hills",27,78,"Whidbey"
2013,"Rolling Hills",28,62,"Whidbey"
2013,"Rolling Hills",29,68,"Whidbey"
2013,"Rolling Hills",30,60,"Whidbey"
2013,"Rolling Hills",31,94,"Whidbey"
2013,"Rolling Hills",32,89,"Whidbey"
2013,"Rolling Hills",33,70,"Whidbey"
2013,"Shore Meadows",26,48,"Whidbey"
2013,"Shore Meadows",27,36,"Whidbey"
2013,"Shore Meadows",28,57,"Whidbey"
2013,"Shore Meadows",29,69,"Whidbey"
2013,"Shore Meadows",30,67,"Whidbey"
2013,"Shore Meadows",31,67,"Whidbey"
2013,"Shore Meadows",32,59,"Whidbey"
2013,"Shore Meadows",33,52,"Whidbey"
2013,"Swantown",26,17,"Whidbey"
2013,"Swantown",28,21,"Whidbey"
2013,"Swantown",31,11,"Whidbey"
2013,"Swantown",32,22,"Whidbey"
2014,"Cliffside",25,39,"Whidbey"
2014,"Double Bluff North",25,52,"Whidbey"
2014,"Double Bluff North",27,63,"Whidbey"
2014,"Double Bluff North",29,71,"Whidbey"
2014,"Double Bluff North",31,80,"Whidbey"
2014,"Double Bluff North",33,63,"Whidbey"
2014,"Double Bluff South",27,8,"Whidbey"
2014,"Double Bluff South",29,13,"Whidbey"
2014,"Double Bluff South",30,16,"Whidbey"
2014,"Double Bluff South",31,13,"Whidbey"
2014,"Double Bluff South",32,13,"Whidbey"
2014,"Forbes Point",30,18,"Whidbey"
2014,"Forbes Point",31,13,"Whidbey"
2014,"Forbes Point",32,20,"Whidbey"
2014,"Forbes Point",33,19,"Whidbey"
2014,"Fort Casey",25,40,"Whidbey"
2014,"Fort Casey",26,35,"Whidbey"
2014,"Fort Casey",27,36,"Whidbey"
2014,"Fort Casey",28,26,"Whidbey"
2014,"Fort Casey",29,32,"Whidbey"
2014,"Fort Casey",30,35,"Whidbey"
2014,"Fort Casey",31,40,"Whidbey"
2014,"Fort Casey",32,44,"Whidbey"
2014,"Fort Casey",33,36,"Whidbey"
2014,"Hancock Lake",25,63,"Whidbey"
2014,"Hancock Lake",26,60,"Whidbey"
2014,"Hancock Lake",28,42,"Whidbey"
2014,"Hancock Lake",29,67,"Whidbey"
2014,"Hancock Lake",30,57,"Whidbey"
2014,"Hancock Lake",31,67,"Whidbey"
2014,"Hancock Lake",32,70,"Whidbey"
2014,"Harrington North",25,26,"Whidbey"
2014,"Harrington North",28,13,"Whidbey"
2014,"Harrington North",31,20,"Whidbey"
2014,"Harrington South",25,23,"Whidbey"
2014,"Harrington South",27,13,"Whidbey"
2014,"Harrington South",28,13,"Whidbey"
2014,"Harrington South",28,15,"Whidbey"
2014,"Harrington South",31,17,"Whidbey"
2014,"Harrington South",32,18,"Whidbey"
2014,"Harrington South",33,14,"Whidbey"
2014,"Hastie Lake",25,18,"Whidbey"
2014,"Hastie Lake",27,16,"Whidbey"
2014,"Hastie Lake",29,19,"Whidbey"
2014,"Hastie Lake",30,24,"Whidbey"
2014,"Hastie Lake",31,29,"Whidbey"
2014,"Hastie Lake",32,22,"Whidbey"
2014,"Hastie Lake",33,21,"Whidbey"
2014,"Hastie Lake North",25,21,"Whidbey"
2014,"Hastie Lake North",27,21,"Whidbey"
2014,"Hastie Lake North",29,16,"Whidbey"
2014,"Keystone",25,47,"Whidbey"
2014,"Keystone",26,46,"Whidbey"
2014,"Keystone",27,44,"Whidbey"
2014,"Keystone",28,50,"Whidbey"
2014,"Keystone",29,30,"Whidbey"
2014,"Keystone",30,33,"Whidbey"
2014,"Keystone",31,49,"Whidbey"
2014,"Keystone",32,27,"Whidbey"
2014,"Keystone",33,40,"Whidbey"
2014,"Lagoon North #1",25,66,"Whidbey"
2014,"Lagoon North #1",26,66,"Whidbey"
2014,"Lagoon North #1",28,71,"Whidbey"
2014,"Lagoon North #1",29,67,"Whidbey"
2014,"Lagoon North #1",31,66,"Whidbey"
2014,"Lagoon North #1",33,62,"Whidbey"
2014,"Lagoon North #2",25,12,"Whidbey"
2014,"Lagoon North #2",27,14,"Whidbey"
2014,"Lagoon North #2",28,20,"Whidbey"
2014,"Lagoon North #3",28,33,"Whidbey"
2014,"Lagoon North #3",29,50,"Whidbey"
2014,"Lagoon North #3",32,30,"Whidbey"
2014,"Lagoon South",25,35,"Whidbey"
2014,"Lagoon South",27,29,"Whidbey"
2014,"Lagoon South",29,38,"Whidbey"
2014,"Lagoon South",31,41,"Whidbey"
2014,"Lagoon South",33,25,"Whidbey"
2014,"Ledgewood",25,47,"Whidbey"
2014,"Ledgewood",26,47,"Whidbey"
2014,"Ledgewood",27,38,"Whidbey"
2014,"Ledgewood",29,45,"Whidbey"
2014,"Ledgewood",30,27,"Whidbey"
2014,"Ledgewood",31,47,"Whidbey"
2014,"Ledgewood",32,47,"Whidbey"
2014,"Ledgewood",33,33,"Whidbey"
2014,"Ledgewood",34,29,"Whidbey"
2014,"Malmo Bluff",25,35,"Whidbey"
2014,"Malmo Bluff",26,24,"Whidbey"
2014,"Malmo Bluff",27,34,"Whidbey"
2014,"Malmo Bluff",28,27,"Whidbey"
2014,"Malmo Bluff",29,27,"Whidbey"
2014,"Malmo Bluff",30,39,"Whidbey"
2014,"Malmo Bluff",31,39,"Whidbey"
2014,"Malmo Bluff",33,39,"Whidbey"
2014,"Maylor Point",27,25,"Whidbey"
2014,"Maylor Point",28,17,"Whidbey"
2014,"Maylor Point",29,22,"Whidbey"
2014,"Maylor Point",30,17,"Whidbey"
2014,"Maylor Point",31,26,"Whidbey"
2014,"Maylor Point",32,20,"Whidbey"
2014,"Monroe Landing",26,8,"Whidbey"
2014,"Monroe Landing",28,7,"Whidbey"
2014,"Monroe Landing",29,8,"Whidbey"
2014,"Monroe Landing",30,11,"Whidbey"
2014,"Monroe Landing",31,11,"Whidbey"
2014,"Monroe Landing",32,11,"Whidbey"
2014,"Monroe Landing",34,11,"Whidbey"
2014,"Mutiny Sands",25,34,"Whidbey"
2014,"Mutiny Sands",27,44,"Whidbey"
2014,"Mutiny Sands",29,41,"Whidbey"
2014,"Mutiny Sands",30,30,"Whidbey"
2014,"Mutiny Sands",31,56,"Whidbey"
2014,"Mutiny Sands",33,46,"Whidbey"
2014,"Possession Point",25,24,"Whidbey"
2014,"Possession Point",26,24,"Whidbey"
2014,"Possession Point",27,22,"Whidbey"
2014,"Possession Point",29,24,"Whidbey"
2014,"Possession Point",30,16,"Whidbey"
2014,"Possession Point",31,21,"Whidbey"
2014,"Possession Point",33,21,"Whidbey"
2014,"Pratts Bluff",25,26,"Whidbey"
2014,"Pratts Bluff",26,13,"Whidbey"
2014,"Pratts Bluff",27,22,"Whidbey"
2014,"Pratts Bluff",29,18,"Whidbey"
2014,"Pratts Bluff",30,15,"Whidbey"
2014,"Pratts Bluff",31,26,"Whidbey"
2014,"Pratts Bluff",32,25,"Whidbey"
2014,"Pratts Bluff",33,25,"Whidbey"
2014,"Rolling Hills",25,102,"Whidbey"
2014,"Rolling Hills",26,77,"Whidbey"
2014,"Rolling Hills",27,132,"Whidbey"
2014,"Rolling Hills",28,112,"Whidbey"
2014,"Rolling Hills",29,152,"Whidbey"
2014,"Rolling Hills",30,80,"Whidbey"
2014,"Rolling Hills",31,94,"Whidbey"
2014,"Rolling Hills",33,146,"Whidbey"
2014,"Rolling Hills",34,102,"Whidbey"
2014,"Shore Meadows",25,71,"Whidbey"
2014,"Shore Meadows",26,64,"Whidbey"
2014,"Shore Meadows",27,52,"Whidbey"
2014,"Shore Meadows",28,60,"Whidbey"
2014,"Shore Meadows",29,92,"Whidbey"
2014,"Shore Meadows",30,80,"Whidbey"
2014,"Shore Meadows",31,96,"Whidbey"
2014,"Shore Meadows",32,60,"Whidbey"
2014,"Shore Meadows",33,76,"Whidbey"
2014,"Swantown",25,11,"Whidbey"
2014,"Swantown",28,13,"Whidbey"
2014,"Swantown",29,14,"Whidbey"
2014,"Swantown",30,11,"Whidbey"
2014,"Swantown",31,21,"Whidbey"
2014,"Swantown",33,15,"Whidbey"
2015,"Cliffside",28,33,"Whidbey"
2015,"Cliffside",30,27,"Whidbey"
2015,"Cliffside",32,28,"Whidbey"
2015,"Coupeville Wharf",28,8,"Whidbey"
2015,"Coupeville Wharf",26,8,"Whidbey"
2015,"Coupeville Wharf",29,4,"Whidbey"
2015,"Coupeville Wharf",27,7,"Whidbey"
2015,"Double Bluff North",32,43,"Whidbey"
2015,"Double Bluff North",31,35,"Whidbey"
2015,"Double Bluff North",29,57,"Whidbey"
2015,"Double Bluff North",28,52,"Whidbey"
2015,"Double Bluff North",33,28,"Whidbey"
2015,"Double Bluff North",27,41,"Whidbey"
2015,"Double Bluff North",26,40,"Whidbey"
2015,"Double Bluff North",30,51,"Whidbey"
2015,"Double Bluff South",28,8,"Whidbey"
2015,"Double Bluff South",29,11,"Whidbey"
2015,"Double Bluff South",30,11,"Whidbey"
2015,"Double Bluff South",33,8,"Whidbey"
2015,"Double Bluff South",31,14,"Whidbey"
2015,"Double Bluff South",32,10,"Whidbey"
2015,"Forbes Point",33,10,"Whidbey"
2015,"Forbes Point",26,13,"Whidbey"
2015,"Forbes Point",32,10,"Whidbey"
2015,"Forbes Point",30,12,"Whidbey"
2015,"Forbes Point",28,17,"Whidbey"
2015,"Fort Casey North",29,32,"Whidbey"
2015,"Fort Casey North",27,33,"Whidbey"
2015,"Fort Casey North",30,32,"Whidbey"
2015,"Fort Casey North",31,34,"Whidbey"
2015,"Fort Casey North",28,31,"Whidbey"
2015,"Fort Casey North",26,39,"Whidbey"
2015,"Harrington North",31,22,"Whidbey"
2015,"Harrington North",29,20,"Whidbey"
2015,"Harrington North",30,19,"Whidbey"
2015,"Harrington North",33,11,"Whidbey"
2015,"Harrington North",27,17,"Whidbey"
2015,"Harrington North",32,16,"Whidbey"
2015,"Harrington North",28,15,"Whidbey"
2015,"Harrington South",34,14,"Whidbey"
2015,"Harrington South",26,12,"Whidbey"
2015,"Harrington South",29,21,"Whidbey"
2015,"Harrington South",33,19,"Whidbey"
2015,"Harrington South",29,14,"Whidbey"
2015,"Harrington South",31,17,"Whidbey"
2015,"Harrington South",32,22,"Whidbey"
2015,"Harrington South",28,18,"Whidbey"
2015,"Harrington South",27,15,"Whidbey"
2015,"Hastie Lake",30,35,"Whidbey"
2015,"Hastie Lake",29,37,"Whidbey"
2015,"Hastie Lake",32,22,"Whidbey"
2015,"Hastie Lake",28,32,"Whidbey"
2015,"Hastie Lake",34,34,"Whidbey"
2015,"Hastie Lake",33,21,"Whidbey"
2015,"Hastie Lake",27,27,"Whidbey"
2015,"Keystone",32,55,"Whidbey"
2015,"Keystone",26,86,"Whidbey"
2015,"Keystone",30,59,"Whidbey"
2015,"Keystone",29,67,"Whidbey"
2015,"Lagoon North #0",33,20,"Whidbey"
2015,"Lagoon North #0",31,18,"Whidbey"
2015,"Lagoon North #0",30,25,"Whidbey"
2015,"Lagoon North #0",32,22,"Whidbey"
2015,"Lagoon North #0",29,31,"Whidbey"
2015,"Lagoon North #0",28,30,"Whidbey"
2015,"Lagoon North #1",32,46,"Whidbey"
2015,"Lagoon North #1",31,40,"Whidbey"
2015,"Lagoon North #1",29,57,"Whidbey"
2015,"Lagoon North #1",33,43,"Whidbey"
2015,"Lagoon North #1",30,34,"Whidbey"
2015,"Lagoon North #2",31,40,"Whidbey"
2015,"Lagoon North #2",30,26,"Whidbey"
2015,"Lagoon South",26,29,"Whidbey"
2015,"Lagoon South",28,39,"Whidbey"
2015,"Lagoon South",29,30,"Whidbey"
2015,"Lagoon South",30,36,"Whidbey"
2015,"Lagoon South",32,44,"Whidbey"
2015,"Lagoon South",31,23,"Whidbey"
2015,"Lagoon South",33,28,"Whidbey"
2015,"Ledgewood",33,24,"Whidbey"
2015,"Ledgewood",28,32,"Whidbey"
2015,"Ledgewood",31,43,"Whidbey"
2015,"Ledgewood",27,43,"Whidbey"
2015,"Ledgewood",29,35,"Whidbey"
2015,"Ledgewood",26,36,"Whidbey"
2015,"Ledgewood",31,26,"Whidbey"
2015,"Ledgewood",32,43,"Whidbey"
2015,"Ledgewood",30,42,"Whidbey"
2015,"Libby North",28,17,"Whidbey"
2015,"Libby North",26,10,"Whidbey"
2015,"Libby North",29,15,"Whidbey"
2015,"Libby North",32,9,"Whidbey"
2015,"Libby North",31,10,"Whidbey"
2015,"Libby North",30,13,"Whidbey"
2015,"Libby North",27,13,"Whidbey"
2015,"Limpet Lane",33,18,"Whidbey"
2015,"Limpet Lane",32,15,"Whidbey"
2015,"Malmo Bluff",26,25,"Whidbey"
2015,"Malmo Bluff",27,27,"Whidbey"
2015,"Malmo Bluff",30,32,"Whidbey"
2015,"Malmo Bluff",29,31,"Whidbey"
2015,"Malmo Bluff",33,30,"Whidbey"
2015,"Malmo Bluff",32,44,"Whidbey"
2015,"Malmo Bluff",31,47,"Whidbey"
2015,"Malmo Bluff",28,24,"Whidbey"
2015,"Maylor Point",30,9,"Whidbey"
2015,"Maylor Point",28,13,"Whidbey"
2015,"Maylor Point",27,13,"Whidbey"
2015,"Maylor Point",26,7,"Whidbey"
2015,"Monroe Landing",32,12,"Whidbey"
2015,"Monroe Landing",33,8,"Whidbey"
2015,"Monroe Landing",31,6,"Whidbey"
2015,"Monroe Landing",27,8,"Whidbey"
2015,"Monroe Landing",30,10,"Whidbey"
2015,"Monroe Landing",34,10,"Whidbey"
2015,"Monroe Landing",28,6,"Whidbey"
2015,"Monroe Landing",26,12,"Whidbey"
2015,"Monroe Landing",25,9,"Whidbey"
2015,"Mutiny Sands",28,45,"Whidbey"
2015,"Mutiny Sands",30,47,"Whidbey"
2015,"Mutiny Sands",32,38,"Whidbey"
2015,"Mutiny Sands",26,40,"Whidbey"
2015,"Possession Point",25,21,"Whidbey"
2015,"Possession Point",32,21,"Whidbey"
2015,"Possession Point",29,14,"Whidbey"
2015,"Possession Point",27,19,"Whidbey"
2015,"Possession Point",32,23,"Whidbey"
2015,"Pratts Bluff",32,27,"Whidbey"
2015,"Pratts Bluff",31,25,"Whidbey"
2015,"Pratts Bluff",29,18,"Whidbey"
2015,"Pratts Bluff",27,17,"Whidbey"
2015,"Pratts Bluff",28,33,"Whidbey"
2015,"Pratts Bluff",26,25,"Whidbey"
2015,"Pratts Bluff",30,30,"Whidbey"
2015,"Rolling Hills #1",28,40,"Whidbey"
2015,"Rolling Hills #1",27,31,"Whidbey"
2015,"Rolling Hills #1",30,45,"Whidbey"
2015,"Rolling Hills #1",32,45,"Whidbey"
2015,"Rolling Hills #1",26,61,"Whidbey"
2015,"Rolling Hills #3",28,60,"Whidbey"
2015,"Rolling Hills #3",26,59,"Whidbey"
2015,"Rolling Hills #3",32,39,"Whidbey"
2015,"Rolling Hills #3",30,64,"Whidbey"
2015,"Rolling Hills #3",27,36,"Whidbey"
2015,"Shore Meadows",29,85,"Whidbey"
2015,"Shore Meadows",32,107,"Whidbey"
2015,"Shore Meadows",26,76,"Whidbey"
2015,"Shore Meadows",33,55,"Whidbey"
2015,"Shore Meadows",30,89,"Whidbey"
2015,"Shore Meadows",28,90,"Whidbey"
2015,"Shore Meadows",31,64,"Whidbey"
2015,"Swantown",30,30,"Whidbey"
2015,"Swantown",34,36,"Whidbey"
2015,"Swantown",28,18,"Whidbey"
2016,"Bush Point Dock",31,3,"Whidbey"
2016,"Bush Point Dock",29,4,"Whidbey"
2016,"Bush Point Dock",25,6,"Whidbey"
2016,"Bush Point Dock",32,6,"Whidbey"
2016,"Bush Point Dock",34,3,"Whidbey"
2016,"Bush Point Dock",24,3,"Whidbey"
2016,"Bush Point Dock",33,3,"Whidbey"
2016,"Bush Point Dock",27,3,"Whidbey"
2016,"Bush Point Dock",30,5,"Whidbey"
2016,"Cliffside",28,23,"Whidbey"
2016,"Cliffside",32,18,"Whidbey"
2016,"Cliffside",34,16,"Whidbey"
2016,"Cliffside",25,22,"Whidbey"
2016,"Cliffside",24,26,"Whidbey"
2016,"Cliffside",23,22,"Whidbey"
2016,"Cliffside",26,27,"Whidbey"
2016,"Cliffside",30,21,"Whidbey"
2016,"Clinton Ferry Dock",27,15,"Whidbey"
2016,"Clinton Ferry Dock",30,14,"Whidbey"
2016,"Clinton Ferry Dock",24,15,"Whidbey"
2016,"Coupeville Wharf",24,5,"Whidbey"
2016,"Coupeville Wharf",25,6,"Whidbey"
2016,"Double Bluff North",26,38,"Whidbey"
2016,"Double Bluff North",23,39,"Whidbey"
2016,"Double Bluff North",25,39,"Whidbey"
2016,"Double Bluff North",28,45,"Whidbey"
2016,"Double Bluff North",31,62,"Whidbey"
2016,"Double Bluff North",29,62,"Whidbey"
2016,"Double Bluff North",30,45,"Whidbey"
2016,"Double Bluff North",27,45,"Whidbey"
2016,"Double Bluff South",29,8,"Whidbey"
2016,"Double Bluff South",23,7,"Whidbey"
2016,"Double Bluff South",26,5,"Whidbey"
2016,"Double Bluff South",32,8,"Whidbey"
2016,"Double Bluff South",31,9,"Whidbey"
2016,"Double Bluff South",28,9,"Whidbey"
2016,"Double Bluff South",27,9,"Whidbey"
2016,"Forbes Point",22,12,"Whidbey"
2016,"Forbes Point",24,13,"Whidbey"
2016,"Forbes Point",30,18,"Whidbey"
2016,"Forbes Point",26,12,"Whidbey"
2016,"Forbes Point",27,17,"Whidbey"
2016,"Forbes Point",29,21,"Whidbey"
2016,"Forbes Point",23,19,"Whidbey"
2016,"Forbes Point",32,16,"Whidbey"
2016,"Forbes Point",25,16,"Whidbey"
2016,"Fort Casey North",27,32,"Whidbey"
2016,"Fort Casey North",25,42,"Whidbey"
2016,"Fort Casey North",31,35,"Whidbey"
2016,"Fort Casey North",32,39,"Whidbey"
2016,"Fort Casey North",24,32,"Whidbey"
2016,"Fort Casey North",23,50,"Whidbey"
2016,"Fort Casey North",29,60,"Whidbey"
2016,"Hancock Lake",25,43,"Whidbey"
2016,"Hancock Lake",31,68,"Whidbey"
2016,"Hancock Lake",33,52,"Whidbey"
2016,"Hancock Lake",26,51,"Whidbey"
2016,"Hancock Lake",30,85,"Whidbey"
2016,"Hancock Lake",29,53,"Whidbey"
2016,"Hancock Lake",32,65,"Whidbey"
2016,"Hancock Lake",23,53,"Whidbey"
2016,"Hancock Lake",24,62,"Whidbey"
2016,"Hancock Lake",28,67,"Whidbey"
2016,"Harrington North",28,16,"Whidbey"
2016,"Harrington North",26,13,"Whidbey"
2016,"Harrington North",29,20,"Whidbey"
2016,"Harrington North",23,14,"Whidbey"
2016,"Harrington North",32,22,"Whidbey"
2016,"Harrington North",30,20,"Whidbey"
2016,"Harrington North",31,15,"Whidbey"
2016,"Harrington North",25,13,"Whidbey"
2016,"Harrington South",27,16,"Whidbey"
2016,"Harrington South",31,23,"Whidbey"
2016,"Harrington South",23,25,"Whidbey"
2016,"Harrington South",26,18,"Whidbey"
2016,"Harrington South",30,17,"Whidbey"
2016,"Hastie Lake",28,24,"Whidbey"
2016,"Hastie Lake",26,31,"Whidbey"
2016,"Hastie Lake",30,23,"Whidbey"
2016,"Hastie Lake",32,40,"Whidbey"
2016,"Hastie Lake",24,20,"Whidbey"
2016,"Keystone",30,53,"Whidbey"
2016,"Keystone",32,35,"Whidbey"
2016,"Keystone",25,54,"Whidbey"
2016,"Keystone",24,62,"Whidbey"
2016,"Lagoon North #0",23,29,"Whidbey"
2016,"Lagoon North #0",26,51,"Whidbey"
2016,"Lagoon North #0",25,40,"Whidbey"
2016,"Lagoon North #0",30,30,"Whidbey"
2016,"Lagoon North #0",29,34,"Whidbey"
2016,"Lagoon North #0",33,28,"Whidbey"
2016,"Lagoon North #0",31,26,"Whidbey"
2016,"Lagoon North #1",26,81,"Whidbey"
2016,"Lagoon North #1",24,58,"Whidbey"
2016,"Lagoon North #1",31,71,"Whidbey"
2016,"Lagoon North #1",29,62,"Whidbey"
2016,"Lagoon North #1",28,67,"Whidbey"
2016,"Lagoon North #1",25,73,"Whidbey"
2016,"Lagoon North #1",23,68,"Whidbey"
2016,"Lagoon North #1",32,40,"Whidbey"
2016,"Lagoon North #1",27,67,"Whidbey"
2016,"Lagoon South",25,32,"Whidbey"
2016,"Lagoon South",29,35,"Whidbey"
2016,"Lagoon South",23,45,"Whidbey"
2016,"Lagoon South",26,33,"Whidbey"
2016,"Lagoon South",27,31,"Whidbey"
2016,"Lagoon South",30,34,"Whidbey"
2016,"Lagoon South",24,32,"Whidbey"
2016,"Langley Marina",31,3,"Whidbey"
2016,"Langley Marina",34,5,"Whidbey"
2016,"Langley Marina",24,5,"Whidbey"
2016,"Langley Marina",33,5,"Whidbey"
2016,"Ledgewood",31,31,"Whidbey"
2016,"Ledgewood",25,37,"Whidbey"
2016,"Ledgewood",23,39,"Whidbey"
2016,"Ledgewood",26,41,"Whidbey"
2016,"Ledgewood",32,30,"Whidbey"
2016,"Ledgewood",27,39,"Whidbey"
2016,"Ledgewood",30,39,"Whidbey"
2016,"Ledgewood",28,42,"Whidbey"
2016,"Ledgewood",29,38,"Whidbey"
2016,"Ledgewood",24,40,"Whidbey"
2016,"Libby North",25,9,"Whidbey"
2016,"Libby North",23,9,"Whidbey"
2016,"Libby North",26,9,"Whidbey"
2016,"Limpet Lane",23,33,"Whidbey"
2016,"Limpet Lane",27,34,"Whidbey"
2016,"Limpet Lane",28,31,"Whidbey"
2016,"Limpet Lane",33,24,"Whidbey"
2016,"Limpet Lane",31,37,"Whidbey"
2016,"Limpet Lane",26,34,"Whidbey"
2016,"Limpet Lane",25,35,"Whidbey"
2016,"Limpet Lane",29,25,"Whidbey"
2016,"Limpet Lane",24,26,"Whidbey"
2016,"Malmo Bluff",26,30,"Whidbey"
2016,"Malmo Bluff",23,39,"Whidbey"
2016,"Malmo Bluff",27,35,"Whidbey"
2016,"Malmo Bluff",28,32,"Whidbey"
2016,"Malmo Bluff",29,32,"Whidbey"
2016,"Malmo Bluff",24,31,"Whidbey"
2016,"Malmo Bluff",31,27,"Whidbey"
2016,"Malmo Bluff",25,23,"Whidbey"
2016,"Maylor Point",32,12,"Whidbey"
2016,"Maylor Point",26,12,"Whidbey"
2016,"Maylor Point",30,22,"Whidbey"
2016,"Maylor Point",29,14,"Whidbey"
2016,"Monroe Landing",29,7,"Whidbey"
2016,"Monroe Landing",24,7,"Whidbey"
2016,"Monroe Landing",25,6,"Whidbey"
2016,"Monroe Landing",31,9,"Whidbey"
2016,"Monroe Landing",30,10,"Whidbey"
2016,"Monroe Landing",32,5,"Whidbey"
2016,"Monroe Landing",26,6,"Whidbey"
2016,"Monroe Landing",27,6,"Whidbey"
2016,"Monroe Landing",33,5,"Whidbey"
2016,"Monroe Landing",28,7,"Whidbey"
2016,"Monroe Landing",23,6,"Whidbey"
2016,"Mutiny Sands",33,26,"Whidbey"
2016,"Mutiny Sands",32,37,"Whidbey"
2016,"Mutiny Sands",27,48,"Whidbey"
2016,"Mutiny Sands",23,48,"Whidbey"
2016,"Mutiny Sands",25,27,"Whidbey"
2016,"Mutiny Sands",28,28,"Whidbey"
2016,"Mutiny Sands",29,51,"Whidbey"
2016,"Mutiny Sands",31,42,"Whidbey"
2016,"Mutiny Sands",30,34,"Whidbey"
2016,"Possession Point",25,13,"Whidbey"
2016,"Possession Point",31,19,"Whidbey"
2016,"Possession Point",29,14,"Whidbey"
2016,"Possession Point",26,13,"Whidbey"
2016,"Possession Point",23,15,"Whidbey"
2016,"Possession Point",22,14,"Whidbey"
2016,"Possession Point",27,20,"Whidbey"
2016,"Possession Point",25,10,"Whidbey"
2016,"Possession Point",29,13,"Whidbey"
2016,"Pratts Bluff",30,26,"Whidbey"
2016,"Pratts Bluff",28,24,"Whidbey"
2016,"Pratts Bluff",23,21,"Whidbey"
2016,"Pratts Bluff",29,26,"Whidbey"
2016,"Pratts Bluff",27,19,"Whidbey"
2016,"Pratts Bluff",25,24,"Whidbey"
2016,"Pratts Bluff",26,17,"Whidbey"
2016,"Pratts Bluff",24,13,"Whidbey"
2016,"Rolling Hills #1",28,54,"Whidbey"
2016,"Rolling Hills #1",25,32,"Whidbey"
2016,"Rolling Hills #1",32,29,"Whidbey"
2016,"Rolling Hills #1",29,41,"Whidbey"
2016,"Rolling Hills #1",27,40,"Whidbey"
2016,"Rolling Hills #1",23,33,"Whidbey"
2016,"Rolling Hills #1",30,34,"Whidbey"
2016,"Rolling Hills #1",26,38,"Whidbey"
2016,"Rolling Hills #2",23,30,"Whidbey"
2016,"Rolling Hills #3",27,42,"Whidbey"
2016,"Rolling Hills #3",31,79,"Whidbey"
2016,"Rolling Hills #3",25,48,"Whidbey"
2016,"Shore Meadows",29,62,"Whidbey"
2016,"Shore Meadows",25,65,"Whidbey"
2016,"Shore Meadows",31,69,"Whidbey"
2016,"Shore Meadows",23,72,"Whidbey"
2016,"Shore Meadows",26,101,"Whidbey"
2016,"Shore Meadows",28,70,"Whidbey"
2016,"Shore Meadows",24,70,"Whidbey"
2016,"Swantown",25,20,"Whidbey"
2016,"Swantown",30,25,"Whidbey"
2016,"Swantown",31,31,"Whidbey"
2016,"Swantown",26,17,"Whidbey"
2016,"Swantown",24,20,"Whidbey"
2016,"Swantown",27,20,"Whidbey"
2017,"Bush Point Dock",28,7,"Whidbey"
2017,"Bush Point Dock",25,10,"Whidbey"
2017,"Bush Point Dock",33,6,"Whidbey"
2017,"Bush Point Dock",24,6,"Whidbey"
2017,"Cliffside",31,22,"Whidbey"
2017,"Cliffside",30,22,"Whidbey"
2017,"Cliffside",27,22,"Whidbey"
2017,"Cliffside",29,19,"Whidbey"
2017,"Cliffside",26,37,"Whidbey"
2017,"Cliffside",28,20,"Whidbey"
2017,"Clinton Ferry Dock",29,7,"Whidbey"
2017,"Clinton Ferry Dock",31,9,"Whidbey"
2017,"Clinton Ferry Dock",24,12,"Whidbey"
2017,"Clinton Ferry Dock",26,8,"Whidbey"
2017,"Clinton Ferry Dock",25,11,"Whidbey"
2017,"Clinton Ferry Dock",28,8,"Whidbey"
2017,"Clinton Ferry Dock",32,14,"Whidbey"
2017,"Coupeville Wharf",33,8,"Whidbey"
2017,"Coupeville Wharf",32,8,"Whidbey"
2017,"Coupeville Wharf",29,5,"Whidbey"
2017,"Coupeville Wharf",28,5,"Whidbey"
2017,"Coupeville Wharf",26,5,"Whidbey"
2017,"Coupeville Wharf",31,6,"Whidbey"
2017,"Coupeville Wharf",24,6,"Whidbey"
2017,"Coupeville Wharf",27,4,"Whidbey"
2017,"Coupeville Wharf",30,6,"Whidbey"
2017,"Double Bluff North",24,66,"Whidbey"
2017,"Double Bluff North",26,38,"Whidbey"
2017,"Double Bluff North",30,74,"Whidbey"
2017,"Double Bluff North",28,63,"Whidbey"
2017,"Double Bluff North",29,62,"Whidbey"
2017,"Double Bluff North",31,54,"Whidbey"
2017,"Double Bluff North",32,61,"Whidbey"
2017,"Double Bluff South",27,14,"Whidbey"
2017,"Double Bluff South",25,10,"Whidbey"
2017,"Double Bluff South",32,9,"Whidbey"
2017,"Double Bluff South",33,8,"Whidbey"
2017,"Double Bluff South",31,14,"Whidbey"
2017,"Double Bluff South",28,10,"Whidbey"
2017,"Double Bluff South",29,8,"Whidbey"
2017,"Double Bluff South",30,12,"Whidbey"
2017,"Forbes Point",32,20,"Whidbey"
2017,"Forbes Point",26,16,"Whidbey"
2017,"Forbes Point",30,24,"Whidbey"
2017,"Forbes Point",28,12,"Whidbey"
2017,"Forbes Point",24,15,"Whidbey"
2017,"Fort Casey North",29,52,"Whidbey"
2017,"Fort Casey North",25,45,"Whidbey"
2017,"Fort Casey North",30,63,"Whidbey"
2017,"Fort Casey North",31,49,"Whidbey"
2017,"Fort Casey North",28,38,"Whidbey"
2017,"Fort Casey North",26,43,"Whidbey"
2017,"Fort Casey North",24,56,"Whidbey"
2017,"Fort Casey North",27,75,"Whidbey"
2017,"Hancock Lake",30,62,"Whidbey"
2017,"Hancock Lake",24,60,"Whidbey"
2017,"Hancock Lake",25,73,"Whidbey"
2017,"Hancock Lake",26,83,"Whidbey"
2017,"Hancock Lake",34,66,"Whidbey"
2017,"Hancock Lake",32,58,"Whidbey"
2017,"Hancock Lake",29,66,"Whidbey"
2017,"Hancock Lake",31,65,"Whidbey"
2017,"Hancock Lake",28,78,"Whidbey"
2017,"Hancock Lake",27,67,"Whidbey"
2017,"Harrington North",27,17,"Whidbey"
2017,"Harrington North",28,25,"Whidbey"
2017,"Harrington North",33,15,"Whidbey"
2017,"Harrington North",24,16,"Whidbey"
2017,"Harrington North",30,20,"Whidbey"
2017,"Harrington North",26,23,"Whidbey"
2017,"Harrington North",32,16,"Whidbey"
2017,"Harrington North",29,17,"Whidbey"
2017,"Harrington South",24,24,"Whidbey"
2017,"Harrington South",28,19,"Whidbey"
2017,"Harrington South",32,25,"Whidbey"
2017,"Harrington South",29,22,"Whidbey"
2017,"Harrington South",27,15,"Whidbey"
2017,"Harrington South",31,25,"Whidbey"
2017,"Harrington South",25,20,"Whidbey"
2017,"Harrington South",26,21,"Whidbey"
2017,"Harrington South",33,18,"Whidbey"
2017,"Harrington South",30,13,"Whidbey"
2017,"Hastie Lake",26,39,"Whidbey"
2017,"Hastie Lake",27,39,"Whidbey"
2017,"Hastie Lake",28,24,"Whidbey"
2017,"Hastie Lake",24,22,"Whidbey"
2017,"Hastie Lake",30,22,"Whidbey"
2017,"Hastie Lake",31,20,"Whidbey"
2017,"Hastie Lake",25,31,"Whidbey"
2017,"Keystone",32,41,"Whidbey"
2017,"Keystone",26,42,"Whidbey"
2017,"Keystone",31,34,"Whidbey"
2017,"Keystone",28,28,"Whidbey"
2017,"Keystone",29,28,"Whidbey"
2017,"Keystone",25,26,"Whidbey"
2017,"Keystone",30,44,"Whidbey"
2017,"Keystone",24,27,"Whidbey"
2017,"Lagoon North #0",30,49,"Whidbey"
2017,"Lagoon North #0",29,27,"Whidbey"
2017,"Lagoon North #1",28,77,"Whidbey"
2017,"Lagoon North #1",26,74,"Whidbey"
2017,"Lagoon North #1",27,74,"Whidbey"
2017,"Lagoon North #1",25,92,"Whidbey"
2017,"Lagoon North #1",24,116,"Whidbey"
2017,"Lagoon South",30,44,"Whidbey"
2017,"Lagoon South",31,30,"Whidbey"
2017,"Lagoon South",29,27,"Whidbey"
2017,"Lagoon South",28,37,"Whidbey"
2017,"Lagoon South",24,25,"Whidbey"
2017,"Lagoon South",32,43,"Whidbey"
2017,"Lagoon South",25,32,"Whidbey"
2017,"Lagoon South",26,25,"Whidbey"
2017,"Lagoon South",27,30,"Whidbey"
2017,"Langley Marina",32,7,"Whidbey"
2017,"Langley Marina",25,7,"Whidbey"
2017,"Langley Marina",27,5,"Whidbey"
2017,"Langley Marina",31,6,"Whidbey"
2017,"Langley Marina",29,5,"Whidbey"
2017,"Langley Marina",26,7,"Whidbey"
2017,"Langley Marina",30,10,"Whidbey"
2017,"Ledgewood",32,42,"Whidbey"
2017,"Ledgewood",23,46,"Whidbey"
2017,"Ledgewood",31,44,"Whidbey"
2017,"Ledgewood",30,38,"Whidbey"
2017,"Ledgewood",24,40,"Whidbey"
2017,"Ledgewood",29,32,"Whidbey"
2017,"Ledgewood",28,39,"Whidbey"
2017,"Ledgewood",25,38,"Whidbey"
2017,"Limpet Lane",24,35,"Whidbey"
2017,"Limpet Lane",29,26,"Whidbey"
2017,"Limpet Lane",26,27,"Whidbey"
2017,"Limpet Lane",30,31,"Whidbey"
2017,"Limpet Lane",32,23,"Whidbey"
2017,"Limpet Lane",25,24,"Whidbey"
2017,"Limpet Lane",27,21,"Whidbey"
2017,"Limpet Lane",31,24,"Whidbey"
2017,"Limpet Lane",28,29,"Whidbey"
2017,"Malmo Bluff",26,29,"Whidbey"
2017,"Malmo Bluff",33,36,"Whidbey"
2017,"Malmo Bluff",24,41,"Whidbey"
2017,"Malmo Bluff",34,40,"Whidbey"
2017,"Malmo Bluff",29,28,"Whidbey"
2017,"Malmo Bluff",30,38,"Whidbey"
2017,"Malmo Bluff",32,53,"Whidbey"
2017,"Malmo Bluff",31,39,"Whidbey"
2017,"Malmo Bluff",28,31,"Whidbey"
2017,"Maylor Point",25,10,"Whidbey"
2017,"Mutiny Sands",28,50,"Whidbey"
2017,"Mutiny Sands",34,25,"Whidbey"
2017,"Mutiny Sands",32,49,"Whidbey"
2017,"Mutiny Sands",25,26,"Whidbey"
2017,"Mutiny Sands",24,42,"Whidbey"
2017,"Mutiny Sands",26,44,"Whidbey"
2017,"Mutiny Sands",27,31,"Whidbey"
2017,"Mutiny Sands",30,44,"Whidbey"
2017,"Possession Point",29,12,"Whidbey"
2017,"Possession Point",25,10,"Whidbey"
2017,"Possession Point",27,12,"Whidbey"
2017,"Possession Point",26,13,"Whidbey"
2017,"Possession Point",29,17,"Whidbey"
2017,"Possession Point",30,19,"Whidbey"
2017,"Possession Point",32,12,"Whidbey"
2017,"Pratts Bluff",27,25,"Whidbey"
2017,"Pratts Bluff",29,30,"Whidbey"
2017,"Pratts Bluff",26,25,"Whidbey"
2017,"Pratts Bluff",30,19,"Whidbey"
2017,"Pratts Bluff",31,33,"Whidbey"
2017,"Pratts Bluff",33,23,"Whidbey"
2017,"Pratts Bluff",24,25,"Whidbey"
2017,"Pratts Bluff",28,30,"Whidbey"
2017,"Pratts Bluff",32,29,"Whidbey"
2017,"Rolling Hills #1",24,44,"Whidbey"
2017,"Rolling Hills #1",25,50,"Whidbey"
2017,"Rolling Hills #1",31,29,"Whidbey"
2017,"Rolling Hills #1",32,42,"Whidbey"
2017,"Rolling Hills #1",29,32,"Whidbey"
2017,"Rolling Hills #1",26,40,"Whidbey"
2017,"Rolling Hills #1",30,47,"Whidbey"
2017,"Rolling Hills #1",27,38,"Whidbey"
2017,"Rolling Hills #1",28,41,"Whidbey"
2017,"Rolling Hills #3",24,15,"Whidbey"
2017,"Rolling Hills #3",29,15,"Whidbey"
2017,"Rolling Hills #3",30,8,"Whidbey"
2017,"Rolling Hills #3",27,14,"Whidbey"
2017,"Rolling Hills #3",32,8,"Whidbey"
2017,"Rolling Hills #3",26,12,"Whidbey"
2017,"Rolling Hills #3",28,15,"Whidbey"
2017,"Rolling Hills #3",25,8,"Whidbey"
2017,"Shore Meadows",26,50,"Whidbey"
2017,"Shore Meadows",30,53,"Whidbey"
2017,"Shore Meadows",27,54,"Whidbey"
2017,"Shore Meadows",25,69,"Whidbey"
2017,"Shore Meadows",29,40,"Whidbey"
2017,"Shore Meadows",28,54,"Whidbey"
2017,"Shore Meadows",31,35,"Whidbey"
2017,"Shore Meadows",32,63,"Whidbey"
2017,"Shore Meadows",24,44,"Whidbey"
2017,"Swantown",30,26,"Whidbey"
2017,"Swantown",35,22,"Whidbey"
2017,"Swantown",31,21,"Whidbey"
2017,"Swantown",26,19,"Whidbey"
2017,"Swantown",25,16,"Whidbey"
2017,"Swantown",28,30,"Whidbey"
2017,"Swantown",29,24,"Whidbey"
2017,"Swantown",24,26,"Whidbey"
2015,"Amsterdam Bay",30,10,"SS"
2015,"Amsterdam Bay",24,10,"SS"
2015,"Amsterdam Bay",27,10,"SS"
2015,"Amsterdam Bay",32,6,"SS"
2015,"Amsterdam Bay",28,10,"SS"
2015,"Amsterdam Bay",31,6,"SS"
2015,"Amsterdam Bay",25,10,"SS"
2015,"Amsterdam Bay",27,8,"SS"
2015,"Amsterdam Bay",32,7,"SS"
2015,"Andys Marine Park West",26,18,"SS"
2015,"Andys Marine Park West",28,23,"SS"
2015,"Andys Marine Park West",30,15,"SS"
2015,"Beachcrest",32,10,"SS"
2015,"Beachcrest",28,15,"SS"
2015,"Beachcrest",29,15,"SS"
2015,"Beachcrest",27,12,"SS"
2015,"Beachcrest",30,8,"SS"
2015,"Beachcrest",31,16,"SS"
2015,"Beachcrest",26,13,"SS"
2015,"Big Fish Trap",29,17,"SS"
2015,"Burfoot Park",25,11,"SS"
2015,"Burfoot Park",30,16,"SS"
2015,"Burfoot Park",27,18,"SS"
2015,"Burfoot Park",32,14,"SS"
2015,"Burfoot Park",28,15,"SS"
2015,"Burfoot Park",31,15,"SS"
2015,"Burfoot Park",24,11,"SS"
2015,"Burfoot Park",29,14,"SS"
2015,"Burfoot Park",26,10,"SS"
2015,"Butterball Cove South A",30,9,"SS"
2015,"Butterball Cove South A",32,11,"SS"
2015,"Butterball Cove South A",26,17,"SS"
2015,"Butterball Cove South A",24,12,"SS"
2015,"Butterball Cove South A",25,9,"SS"
2015,"Butterball North",31,9,"SS"
2015,"Cole Pt",29,13,"SS"
2015,"Cole Pt",30,9,"SS"
2015,"Cole Pt",32,12,"SS"
2015,"Cole Pt",28,10,"SS"
2015,"Cole Pt",24,12,"SS"
2015,"Cole Pt",31,12,"SS"
2015,"Cole Pt",27,9,"SS"
2015,"Compass Rock",30,4,"SS"
2015,"Compass Rock",31,4,"SS"
2015,"Compass Rock",29,6,"SS"
2015,"Compass Rock",28,7,"SS"
2015,"Compass Rock",32,4,"SS"
2015,"Flapjack",24,8,"SS"
2015,"Flapjack",29,10,"SS"
2015,"Flapjack",27,8,"SS"
2015,"Flapjack",28,12,"SS"
2015,"Flapjack",30,12,"SS"
2015,"Flapjack",31,15,"SS"
2015,"Higgins Cove",32,8,"SS"
2015,"Higgins Cove",28,9,"SS"
2015,"Higgins Cove",30,9,"SS"
2015,"Higgins Cove",31,13,"SS"
2015,"Higgins Cove",29,8,"SS"
2015,"Ketron Ferry",26,19,"SS"
2015,"Ketron Ferry",25,12,"SS"
2015,"Ketron SE",26,20,"SS"
2015,"Ketron SE",30,12,"SS"
2015,"Ketron SE",32,11,"SS"
2015,"Ketron SW",28,10,"SS"
2015,"Lyle Point",31,38,"SS"
2015,"Lyle Point",28,27,"SS"
2015,"Lyle Point",29,21,"SS"
2015,"Lyle Point",26,32,"SS"
2015,"Lyle Point",30,23,"SS"
2015,"Lyle Point",33,19,"SS"
2015,"Lyle Point",24,30,"SS"
2015,"Lyle Point",25,22,"SS"
2015,"Mill Bight A",26,7,"SS"
2015,"Mill Bight A",33,7,"SS"
2015,"Mill Bight A",28,11,"SS"
2015,"Mill Bight A",25,7,"SS"
2015,"Mill Bight B",28,20,"SS"
2015,"Mill Bight B",25,27,"SS"
2015,"Mill Bight C",27,5,"SS"
2015,"Mill Bight C",26,6,"SS"
2015,"Mill Bight C",33,6,"SS"
2015,"Mill Bight C",24,9,"SS"
2015,"Mill Bight C",30,6,"SS"
2015,"Mill Bight C",32,7,"SS"
2015,"Mill Bight C",28,5,"SS"
2015,"Totten Elizan A South",26,14,"SS"
2015,"Totten Elizan A South",35,16,"SS"
2015,"Totten Elizan B ",35,16,"SS"
2015,"Totten Elizan C",35,22,"SS"
2015,"Totten Legacy",24,7,"SS"
2015,"Totten Legacy",30,4,"SS"
2015,"Totten Legacy",27,6,"SS"
2015,"Walnut Rd A",26,14,"SS"
2015,"Walnut Rd A",25,11,"SS"
2015,"Walnut Rd A",29,16,"SS"
2015,"Walnut Rd A",23,12,"SS"
2015,"Walnut Rd A",30,21,"SS"
2015,"Walnut Rd A",30,17,"SS"
2015,"Walnut Rd A",28,14,"SS"
2015,"Walnut Rd B",27,16,"SS"
2015,"Walnut Rd B",23,14,"SS"
2015,"Walnut Rd B",25,17,"SS"
2015,"Walnut Rd B",26,12,"SS"
2015,"Walnut Rd B",29,21,"SS"
2015,"Walnut Rd C",29,16,"SS"
2015,"Walnut Rd C",27,19,"SS"
2015,"Walnut Rd C",30,12,"SS"
2015,"Walnut Rd C",23,16,"SS"
2015,"Walnut Rd C",26,17,"SS"
2015,"Walnut Rd C",32,10,"SS"
2015,"Youngs Cove A",26,4,"SS"
2015,"Youngs Cove A",28,2,"SS"
2015,"Youngs Cove A",32,4,"SS"
2015,"Youngs Cove A",25,4,"SS"
2015,"Youngs Cove A",24,3,"SS"
2015,"Youngs Cove B",29,11,"SS"
2015,"Youngs Cove B",31,6,"SS"
2015,"Youngs Cove B",25,9,"SS"
2015,"Youngs Cove B",28,7,"SS"
2015,"Youngs Cove B",26,7,"SS"
2015,"Youngs Cove B",24,6,"SS"
2015,"Youngs Cove B",30,9,"SS"
2015,"Youngs Cove B",32,11,"SS"
2015,"Youngs Cove C",31,7,"SS"
2015,"Youngs Cove C",29,10,"SS"
2015,"Youngs Cove C",30,5,"SS"
2015,"Youngs Cove C",32,6,"SS"
2015,"Youngs Cove C",26,7,"SS"
2015,"Youngs Cove D",26,5,"SS"
2015,"Youngs Cove D",27,4,"SS"
2015,"Youngs Cove D",30,4,"SS"
2015,"Youngs Cove D",24,6,"SS"
2015,"Youngs Cove D",25,7,"SS"
2015,"Youngs Cove E",25,10,"SS"
2015,"Youngs Cove E",27,8,"SS"
2015,"Youngs Cove E",32,8,"SS"
2015,"Youngs Cove E",26,10,"SS"
2015,"Youngs Cove E",29,13,"SS"
2015,"Youngs Cove E",33,11,"SS"
2015,"Youngs Cove F",25,2,"SS"
2015,"Youngs Cove F",29,3,"SS"
2015,"Youngs Cove F",26,3,"SS"
2015,"Zangle Cove A",30,8,"SS"
2015,"Zangle Cove A",31,8,"SS"
2015,"Zangle Cove A",28,6,"SS"
2015,"Zangle Cove A",33,4,"SS"
2015,"Zangle Cove A",26,7,"SS"
2015,"Zangle Cove A",24,5,"SS"
2015,"Zangle Cove A",32,5,"SS"
2015,"Zangle Cove A",29,8,"SS"
2015,"Zangle Cove A",27,8,"SS"
2015,"Zittels Marina",23,6,"SS"
2015,"Zittels Marina",31,8,"SS"
2015,"Zittels Marina",30,5,"SS"
2015,"Zittels Marina",34,4,"SS"
2015,"Zittels Marina",26,5,"SS"
2015,"Zittels Marina",33,6,"SS"
2015,"Zittels Marina",27,4,"SS"
2016,"Beachcrest",32,16,"SS"
2016,"Beachcrest",25,9,"SS"
2016,"Beachcrest",24,11,"SS"
2016,"Beachcrest",30,18,"SS"
2016,"Beachcrest",26,13,"SS"
2016,"Big Fish Trap",32,7,"SS"
2016,"Big Fish Trap",26,12,"SS"
2016,"Big Fish Trap",25,6,"SS"
2016,"Big Fish Trap",30,7,"SS"
2016,"Big Fish Trap",24,7,"SS"
2016,"Big Fish Trap",29,8,"SS"
2016,"Big Fish Trap",23,9,"SS"
2016,"Big Fish Trap",25,7,"SS"
2016,"Big Fish Trap",27,6,"SS"
2016,"Briscoe Pt",27,24,"SS"
2016,"Briscoe Pt",23,23,"SS"
2016,"Briscoe Pt",30,13,"SS"
2016,"Briscoe Pt",26,13,"SS"
2016,"Briscoe Pt",25,23,"SS"
2016,"Burfoot Park",24,9,"SS"
2016,"Burfoot Park",25,8,"SS"
2016,"Burfoot Park",26,9,"SS"
2016,"Burfoot Park",29,9,"SS"
2016,"Burfoot Park",27,11,"SS"
2016,"Burfoot Park",23,13,"SS"
2016,"Burfoot Park",28,12,"SS"
2016,"Burfoot Park",30,11,"SS"
2016,"Butterball Cove South A",29,13,"SS"
2016,"Butterball Cove South A",27,13,"SS"
2016,"Butterball Cove South A",36,10,"SS"
2016,"Butterball Cove South A",31,20,"SS"
2016,"Butterball Cove South A",30,19,"SS"
2016,"Butterball Cove South A",32,10,"SS"
2016,"Butterball Cove South A",28,10,"SS"
2016,"Butterball Cove South A",33,11,"SS"
2016,"Cole Pt",28,19,"SS"
2016,"Cole Pt",31,10,"SS"
2016,"Cole Pt",28,14,"SS"
2016,"Cole Pt",29,14,"SS"
2016,"Cole Pt",30,10,"SS"
2016,"Cole Pt",25,13,"SS"
2016,"Flapjack",28,13,"SS"
2016,"Flapjack",30,7,"SS"
2016,"Flapjack",31,14,"SS"
2016,"Gull Harbor",27,18,"SS"
2016,"Gull Harbor",30,9,"SS"
2016,"Gull Harbor",31,15,"SS"
2016,"Gull Harbor",28,12,"SS"
2016,"Gull Harbor",25,14,"SS"
2016,"Gull Harbor",26,14,"SS"
2016,"Gull Harbor",27,17,"SS"
2016,"Harstine Pointe Lagoon",23,3,"SS"
2016,"Higgins Cove",31,20,"SS"
2016,"Higgins Cove",28,10,"SS"
2016,"Higgins Cove",29,15,"SS"
2016,"Higgins Cove",30,17,"SS"
2016,"Ketron Ferry",33,9,"SS"
2016,"Lyle Point",31,15,"SS"
2016,"Lyle Point",30,16,"SS"
2016,"Lyle Point",28,14,"SS"
2016,"Lyle Point",27,28,"SS"
2016,"Lyle Point",29,22,"SS"
2016,"Lyle Point",26,14,"SS"
2016,"Lyle Point",25,14,"SS"
2016,"Mill Bight A",25,8,"SS"
2016,"Mill Bight A",23,6,"SS"
2016,"Mill Bight A",26,6,"SS"
2016,"Mill Bight A",27,12,"SS"
2016,"Mill Bight A",31,7,"SS"
2016,"Mill Bight A",30,8,"SS"
2016,"Mill Bight A",32,6,"SS"
2016,"Mill Bight A",33,7,"SS"
2016,"Mill Bight B",32,13,"SS"
2016,"Mill Bight B",25,8,"SS"
2016,"Mill Bight B",29,10,"SS"
2016,"Mill Bight B",26,12,"SS"
2016,"Mill Bight B",28,14,"SS"
2016,"Mill Bight B",30,15,"SS"
2016,"Mill Bight B",31,11,"SS"
2016,"Mill Bight B",24,8,"SS"
2016,"Mill Bight C",29,4,"SS"
2016,"Mill Bight C",31,7,"SS"
2016,"Mill Bight C",26,4,"SS"
2016,"Mill Bight C",30,4,"SS"
2016,"Mill Bight C",28,4,"SS"
2016,"Mill Bight C",25,6,"SS"
2016,"Mill Bight C",33,5,"SS"
2016,"Mill Bight C",23,6,"SS"
2016,"Totten Elizan A North",31,5,"SS"
2016,"Totten Elizan C",29,3,"SS"
2016,"Totten Elizan C",25,3,"SS"
2016,"Totten Elizan C",27,5,"SS"
2016,"Totten Elizan C",26,3,"SS"
2016,"Totten Elizan C",28,6,"SS"
2016,"Totten Legacy",27,5,"SS"
2016,"Totten Legacy",28,6,"SS"
2016,"Walnut Rd A",29,12,"SS"
2016,"Walnut Rd A",26,12,"SS"
2016,"Walnut Rd A",27,12,"SS"
2016,"Walnut Rd A",28,14,"SS"
2016,"Walnut Rd B",26,12,"SS"
2016,"Walnut Rd C",29,14,"SS"
2016,"Walnut Rd C",28,14,"SS"
2016,"Youngs Cove A",23,6,"SS"
2016,"Youngs Cove A",30,6,"SS"
2016,"Youngs Cove A",31,8,"SS"
2016,"Youngs Cove A",25,6,"SS"
2016,"Youngs Cove A",28,7,"SS"
2016,"Youngs Cove A",30,11,"SS"
2016,"Youngs Cove B",32,7,"SS"
2016,"Youngs Cove B",27,9,"SS"
2016,"Youngs Cove C",28,8,"SS"
2016,"Youngs Cove C",23,6,"SS"
2016,"Youngs Cove C",30,8,"SS"
2016,"Youngs Cove C",27,8,"SS"
2016,"Youngs Cove C",30,9,"SS"
2016,"Youngs Cove C",24,6,"SS"
2016,"Youngs Cove C",31,5,"SS"
2016,"Youngs Cove D",24,6,"SS"
2016,"Youngs Cove D",26,5,"SS"
2016,"Youngs Cove D",28,6,"SS"
2016,"Youngs Cove D",28,10,"SS"
2016,"Youngs Cove D",31,5,"SS"
2016,"Youngs Cove E",31,12,"SS"
2016,"Youngs Cove E",30,8,"SS"
2016,"Youngs Cove E",28,8,"SS"
2016,"Youngs Cove F",24,6,"SS"
2016,"Youngs Cove F",30,7,"SS"
2016,"Youngs Cove F",32,8,"SS"
2016,"Youngs Cove F",27,8,"SS"
2016,"Youngs Cove F",26,5,"SS"
2016,"Youngs Cove F",31,4,"SS"
2016,"Zangle Cove A",30,9,"SS"
2016,"Zangle Cove A",24,6,"SS"
2016,"Zangle Cove A",26,6,"SS"
2016,"Zangle Cove A",28,8,"SS"
2016,"Zittels Marina",24,6,"SS"
2016,"Zittels Marina",30,3,"SS"
2016,"Zittels Marina",32,4,"SS"
2016,"Zittels Marina",25,4,"SS"
2016,"Zittels Marina",23,5,"SS"
2016,"Zittels Marina",28,3,"SS"
2016,"Zittels Marina",33,3,"SS"
2017,"Andys Marine Park South",30,20,"SS"
2017,"Andys Marine Park South",31,12,"SS"
2017,"Andys Marine Park South",27,11,"SS"
2017,"Andys Marine Park South",26,14,"SS"
2017,"Andys Marine Park South",27,14,"SS"
2017,"Andys Marine Park South",28,16,"SS"
2017,"Andys Marine Park South",29,18,"SS"
2017,"Andys Marine Park South",25,13,"SS"
2017,"Andys Marine Park South",28,21,"SS"
2017,"Andys Marine Park West",32,11,"SS"
2017,"Andys Marine Park West",29,10,"SS"
2017,"Andys Marine Park West",28,10,"SS"
2017,"Andys Marine Park West",27,11,"SS"
2017,"Andys Marine Park West",30,17,"SS"
2017,"Beachcrest",34,14,"SS"
2017,"Beachcrest",32,7,"SS"
2017,"Beachcrest",30,7,"SS"
2017,"Beachcrest",31,8,"SS"
2017,"Big Fish Trap",31,5,"SS"
2017,"Big Fish Trap",29,3,"SS"
2017,"Big Fish Trap",28,6,"SS"
2017,"Big Fish Trap",24,5,"SS"
2017,"Big Fish Trap",25,5,"SS"
2017,"Big Fish Trap",23,5,"SS"
2017,"Big Fish Trap",30,6,"SS"
2017,"Big Fish Trap",27,5,"SS"
2017,"Big Fish Trap",26,4,"SS"
2017,"Briscoe Pt",28,21,"SS"
2017,"Briscoe Pt",29,19,"SS"
2017,"Briscoe Pt",23,14,"SS"
2017,"Briscoe Pt",30,19,"SS"
2017,"Briscoe Pt",24,15,"SS"
2017,"Briscoe Pt",26,18,"SS"
2017,"Briscoe Pt",25,12,"SS"
2017,"Briscoe Pt",27,13,"SS"
2017,"Burfoot Extended",29,10,"SS"
2017,"Burfoot Park",25,12,"SS"
2017,"Burfoot Park",23,8,"SS"
2017,"Burfoot Park",26,14,"SS"
2017,"Burfoot Park",23,11,"SS"
2017,"Burfoot Park",29,9,"SS"
2017,"Burfoot Park",32,8,"SS"
2017,"Burfoot Park",30,14,"SS"
2017,"Burfoot Park",28,9,"SS"
2017,"Butterball Cove South A",23,15,"SS"
2017,"Butterball Cove South A",27,14,"SS"
2017,"Butterball Cove South A",33,22,"SS"
2017,"Butterball Cove South A",28,19,"SS"
2017,"Butterball Cove South A",29,17,"SS"
2017,"Butterball Cove South A",30,23,"SS"
2017,"Butterball Cove South A",25,14,"SS"
2017,"Butterball Cove South A",26,17,"SS"
2017,"Butterball Cove South A",32,24,"SS"
2017,"Butterball Cove South A",31,27,"SS"
2017,"Butterball North",39,29,"SS"
2017,"Butterball North",28,17,"SS"
2017,"Butterball North",24,15,"SS"
2017,"Flapjack",23,9,"SS"
2017,"Flapjack",24,8,"SS"
2017,"Flapjack",31,14,"SS"
2017,"Flapjack",27,16,"SS"
2017,"Flapjack",32,9,"SS"
2017,"Flapjack",30,10,"SS"
2017,"Flapjack",28,12,"SS"
2017,"Gull Harbor",29,11,"SS"
2017,"Gull Harbor",31,16,"SS"
2017,"Gull Harbor",30,12,"SS"
2017,"Gull Harbor",28,9,"SS"
2017,"Gull Harbor",25,11,"SS"
2017,"Gull Harbor",26,14,"SS"
2017,"Hearthfire",24,8,"SS"
2017,"Hearthfire",29,4,"SS"
2017,"Hearthfire",28,5,"SS"
2017,"Hearthfire",27,5,"SS"
2017,"Hearthfire",26,5,"SS"
2017,"Hearthfire",30,5,"SS"
2017,"Hearthfire",31,6,"SS"
2017,"Hearthfire",32,4,"SS"
2017,"Higgins Cove",24,8,"SS"
2017,"Higgins Cove",23,12,"SS"
2017,"Higgins Cove",25,8,"SS"
2017,"Higgins Cove",27,9,"SS"
2017,"Hope Island NE",23,2,"SS"
2017,"Hope Island NE",24,3,"SS"
2017,"Hope Island NE",26,3,"SS"
2017,"Hope Island NE",22,2,"SS"
2017,"Hope Island NE",27,2,"SS"
2017,"Jarrell Cove State Park",25,4,"SS"
2017,"Jarrell Cove State Park",24,4,"SS"
2017,"Ketron Ferry",23,19,"SS"
2017,"Ketron Ferry",30,24,"SS"
2017,"Ketron SE",22,16,"SS"
2017,"Ketron SE",28,14,"SS"
2017,"Ketron SE",27,14,"SS"
2017,"Ketron SE",26,8,"SS"
2017,"Ketron SE",24,14,"SS"
2017,"Ketron SE",29,10,"SS"
2017,"Ketron SW",22,27,"SS"
2017,"Ketron SW",24,32,"SS"
2017,"Ketron SW",26,26,"SS"
2017,"Ketron SW",25,26,"SS"
2017,"Ketron SW",28,24,"SS"
2017,"Ketron SW",29,16,"SS"
2017,"Ketron SW",23,16,"SS"
2017,"Lyle Point",24,11,"SS"
2017,"Lyle Point",29,12,"SS"
2017,"Lyle Point",25,14,"SS"
2017,"Lyle Point",27,17,"SS"
2017,"Lyle Point",28,17,"SS"
2017,"Mill Bight A",30,12,"SS"
2017,"Mill Bight A",25,9,"SS"
2017,"Mill Bight A",27,10,"SS"
2017,"Mill Bight A",32,12,"SS"
2017,"Mill Bight A",29,12,"SS"
2017,"Mill Bight A",28,11,"SS"
2017,"Mill Bight A",24,11,"SS"
2017,"Mill Bight A",26,8,"SS"
2017,"Mill Bight A",31,12,"SS"
2017,"Mill Bight A",33,9,"SS"
2017,"Mill Bight A",26,16,"SS"
2017,"Mill Bight B",31,15,"SS"
2017,"Mill Bight B",28,15,"SS"
2017,"Mill Bight B",30,18,"SS"
2017,"Mill Bight B",24,14,"SS"
2017,"Mill Bight B",29,26,"SS"
2017,"Mill Bight B Extended",32,25,"SS"
2017,"Mill Bight C",31,2,"SS"
2017,"Mill Bight C",32,3,"SS"
2017,"Priest Point Park",25,3,"SS"
2017,"Sandy Pt",25,14,"SS"
2017,"Sandy Pt",26,22,"SS"
2017,"Sandy Pt",27,20,"SS"
2017,"Sandy Pt",28,18,"SS"
2017,"Sandy Pt",29,16,"SS"
2017,"Sandy Pt",30,22,"SS"
2017,"Sandy Pt",31,20,"SS"
2017,"Totten Elizan A North",34,2,"SS"
2017,"Totten Elizan A North",29,4,"SS"
2017,"Totten Elizan A North",27,4,"SS"
2017,"Totten Elizan A North",25,3,"SS"
2017,"Totten Elizan A South",34,2,"SS"
2017,"Totten Elizan A Tower",32,5,"SS"
2017,"Totten Elizan A Tower",29,4,"SS"
2017,"Totten Elizan A Tower",30,7,"SS"
2017,"Totten Elizan B ",30,2,"SS"
2017,"Totten Elizan B ",26,3,"SS"
2017,"Totten Elizan C",27,2,"SS"
2017,"Totten Elizan C",29,2,"SS"
2017,"Totten Elizan C",26,3,"SS"
2017,"Totten Legacy",30,2,"SS"
2017,"Totten Legacy",27,2,"SS"
2017,"Totten Legacy",30,3,"SS"
2017,"Totten Legacy",28,3,"SS"
2017,"Totten Legacy",30,4,"SS"
2017,"Totten Legacy",31,2,"SS"
2017,"Totten Legacy",24,2,"SS"
2017,"Totten Legacy",33,3,"SS"
2017,"Walnut Rd A",32,18,"SS"
2017,"Walnut Rd A",29,20,"SS"
2017,"Walnut Rd A",27,21,"SS"
2017,"Walnut Rd A",25,18,"SS"
2017,"Walnut Rd A",33,32,"SS"
2017,"Walnut Rd A",28,18,"SS"
2017,"Walnut Rd B",32,18,"SS"
2017,"Walnut Rd B",25,21,"SS"
2017,"Walnut Rd B",23,31,"SS"
2017,"Walnut Rd B",24,21,"SS"
2017,"Walnut Rd B",28,17,"SS"
2017,"Walnut Rd C",26,17,"SS"
2017,"Walnut Rd C",23,31,"SS"
2017,"Walnut Rd C",28,17,"SS"
2017,"Walnut Rd C",25,21,"SS"
2017,"Walnut Rd C",24,21,"SS"
2017,"Youngs Cove A",31,9,"SS"
2017,"Youngs Cove A",24,7,"SS"
2017,"Youngs Cove A",30,8,"SS"
2017,"Youngs Cove A",26,8,"SS"
2017,"Youngs Cove A",28,6,"SS"
2017,"Youngs Cove A",29,6,"SS"
2017,"Youngs Cove A",25,6,"SS"
2017,"Youngs Cove B",28,4,"SS"
2017,"Youngs Cove B",24,6,"SS"
2017,"Youngs Cove B",25,5,"SS"
2017,"Youngs Cove B",23,5,"SS"
2017,"Youngs Cove B",27,6,"SS"
2017,"Youngs Cove B",26,6,"SS"
2017,"Youngs Cove B",29,3,"SS"
2017,"Youngs Cove C",30,8,"SS"
2017,"Youngs Cove C",24,4,"SS"
2017,"Youngs Cove C",26,4,"SS"
2017,"Youngs Cove C",23,6,"SS"
2017,"Youngs Cove C",29,6,"SS"
2017,"Youngs Cove C",32,8,"SS"
2017,"Youngs Cove C",31,8,"SS"
2017,"Youngs Cove C",28,7,"SS"
2017,"Youngs Cove D",23,5,"SS"
2017,"Youngs Cove D",30,8,"SS"
2017,"Youngs Cove D",28,6,"SS"
2017,"Youngs Cove D",24,10,"SS"
2017,"Youngs Cove D",29,6,"SS"
2017,"Youngs Cove E",30,8,"SS"
2017,"Youngs Cove E",27,11,"SS"
2017,"Youngs Cove E",24,14,"SS"
2017,"Youngs Cove E",28,8,"SS"
2017,"Youngs Cove E",26,14,"SS"
2017,"Youngs Cove E",27,10,"SS"
2017,"Youngs Cove F",30,5,"SS"
2017,"Youngs Cove F",31,5,"SS"
2017,"Youngs Cove F",24,3,"SS"
2017,"Youngs Cove F",26,4,"SS"
2017,"Youngs Cove F",23,3,"SS"
2017,"Youngs Cove F",25,3,"SS"
2017,"Youngs Cove F",27,4,"SS"
2017,"Zangle Cove A",29,3,"SS"
2017,"Zangle Cove A",24,6,"SS"
2017,"Zangle Cove A",33,3,"SS"
2017,"Zangle Cove A",31,3,"SS"
2017,"Zangle Cove A",27,3,"SS"
2017,"Zangle Cove A",26,3,"SS"
2017,"Zangle Cove B",24,4,"SS"
2017,"Zangle Cove B",31,5,"SS"
2017,"Zangle Cove B",33,3,"SS"
2017,"Zangle Cove C",24,8,"SS"
