site,date,name,gun,sculp,other
Rolling Hills,6/29/12,2 or 3,1,,
Rolling Hills,6/29/12,5,1,,
Rolling Hills,6/29/12,4,1,,
Rolling Hills,6/29/12,8,1,,
Rolling Hills,6/29/12,10,1,,
Rolling Hills,6/29/12,,,,
Rolling Hills,6/29/12,,,,
Rolling Hills,6/29/12,5,1,,
Rolling Hills,6/29/12,,,,
Rolling Hills,6/29/12,2 or 3,1,,
Rolling Hills,6/29/12,,,,
Rolling Hills,6/29/12,,,,
Rolling Hills,6/29/12,,,,
Rolling Hills,6/29/12,,,,
Rolling Hills,6/29/12,2 or 3,,,1.00
Rolling Hills,6/29/12,10,,,1.00
Rolling Hills,6/29/12,,,,
Rolling Hills,6/29/12,10,1,,
Rolling Hills,6/29/12,,,,
Rolling Hills,6/29/12,,,,
Rolling Hills,6/29/12,,,,
Rolling Hills,6/29/12,5,1,,
Rolling Hills,6/29/12,18,1,,
Rolling Hills,6/29/12,,,,
Rolling Hills,6/29/12,,,,
Rolling Hills,6/29/12,5,1,,
Rolling Hills,6/29/12,4,,,1.00
Rolling Hills,6/29/12,,,,
Rolling Hills,6/29/12,,,,
Rolling Hills,6/29/12,,,,
Rolling Hills,6/29/12,,,,
Rolling Hills,6/29/12,2 or 3,,1,
Rolling Hills,6/29/12,,,,
Rolling Hills,6/29/12,2 or 3,,1,
Rolling Hills,6/29/12,,,,
Rolling Hills,6/29/12,2 or 3,,,1.00
Rolling Hills,6/29/12,,,,
Rolling Hills,6/29/12,,,,
Rolling Hills,6/29/12,18,,1,
Rolling Hills,6/29/12,10,,1,
Rolling Hills,6/29/12,5,,1,
Rolling Hills,6/29/12,33,,1,
Rolling Hills,6/29/12,,,,
Rolling Hills,6/29/12,,,,
Rolling Hills,6/29/12,4,1,,
Rolling Hills,6/29/12,,,,
Rolling Hills,6/29/12,,,,
Rolling Hills,6/29/12,4,1,,
Rolling Hills,6/29/12,8,1,,
Rolling Hills,7/4/12,,,,
Rolling Hills,7/4/12,18,1,,
Rolling Hills,7/4/12,33,1,,
Rolling Hills,7/4/12,5,,,1.00
Rolling Hills,7/4/12,18,,1,
Rolling Hills,7/4/12,10,,1,
Rolling Hills,7/4/12,33,1,,
Rolling Hills,7/4/12,4,1,,
Rolling Hills,7/4/12,17,1,,
Rolling Hills,7/4/12,15,1,,
Rolling Hills,7/4/12,,,,
Rolling Hills,7/4/12,2 or 3,1,,
Rolling Hills,7/4/12,4,1,,
Rolling Hills,7/4/12,10,1,,
Rolling Hills,7/4/12,8,1,,
Rolling Hills,7/4/12,,,,
Rolling Hills,7/4/12,,,,
Rolling Hills,7/4/12,,,,
Rolling Hills,7/4/12,4,1,,
Rolling Hills,7/4/12,,,,
Rolling Hills,7/4/12,,,,
Rolling Hills,7/4/12,8,1,,
Rolling Hills,7/4/12,5,1,,
Rolling Hills,7/4/12,,,,
Rolling Hills,7/4/12,,,,
Rolling Hills,7/4/12,8,1,,
Rolling Hills,7/4/12,2 or 3,,1,
Rolling Hills,7/4/12,,,,
Rolling Hills,7/4/12,15,,1,
Rolling Hills,7/4/12,18,,1,
Rolling Hills,7/4/12,,,,
Rolling Hills,7/4/12,,,,
Rolling Hills,7/4/12,5,1,,
Rolling Hills,7/4/12,5,1,,
Rolling Hills,7/4/12,8,1,,
Rolling Hills,7/4/12,,,,
Rolling Hills,7/4/12,,,,
Rolling Hills,7/4/12,5,1,,
Rolling Hills,7/4/12,10,1,,
Rolling Hills,7/4/12,10,1,,
Rolling Hills,7/4/12,2 or 3,,1,
Rolling Hills,7/4/12,,,,
Rolling Hills,7/4/12,17,1,,
Rolling Hills,7/4/12,5,,1,
Rolling Hills,7/11/12,,,,
Rolling Hills,7/11/12,11,,1,
Rolling Hills,7/11/12,,,,
Rolling Hills,7/11/12,18,1,,
Rolling Hills,7/11/12,15,1,,
Rolling Hills,7/11/12,15,1,,
Rolling Hills,7/11/12,18,,1,
Rolling Hills,7/11/12,5,1,,
Rolling Hills,7/11/12,17,,,1.00
Rolling Hills,7/11/12,15,,1,
Rolling Hills,7/11/12,,,,
Rolling Hills,7/11/12,,,,
Rolling Hills,7/11/12,3,,,1.00
Rolling Hills,7/11/12,18,1,,
Rolling Hills,7/11/12,5,1,,
Rolling Hills,7/11/12,15,1,,
Rolling Hills,7/11/12,5,1,,
Rolling Hills,7/11/12,,,,
Rolling Hills,7/11/12,5,,1,
Rolling Hills,7/11/12,,,,
Rolling Hills,7/11/12,10,1,,
Rolling Hills,7/11/12,10,1,,
Rolling Hills,7/11/12,,1,,
Rolling Hills,7/11/12,17,,1,
Rolling Hills,7/11/12,,,,
Rolling Hills,7/11/12,32,,1,
Rolling Hills,7/11/12,18,1,,
Rolling Hills,7/11/12,15,,,1.00
Rolling Hills,7/11/12,9,1,,
Rolling Hills,7/11/12,,,,
Rolling Hills,7/11/12,,,,
Rolling Hills,7/11/12,33,,,1.00
Rolling Hills,7/11/12,4,1,,
Rolling Hills,7/11/12,18,1,,
Rolling Hills,7/11/12,17,,1,
Rolling Hills,7/11/12,,,,
Rolling Hills,7/11/12,15,1,,
Rolling Hills,7/11/12,,,,
Rolling Hills,7/11/12,18,1,,
Rolling Hills,7/11/12,5,,1,
Rolling Hills,7/11/12, ,,,
Rolling Hills,7/11/12,11,,1,
Rolling Hills,7/11/12,33,,,1.00
Rolling Hills,7/11/12,17,1,,
Rolling Hills,7/11/12,4,,1,
Rolling Hills,7/11/12,,,,
Rolling Hills,7/11/12,,,,
Rolling Hills,7/11/12,8,,1,
Rolling Hills,7/11/12,3,,1,
Rolling Hills,7/11/12,3,,1,
Rolling Hills,7/11/12,,,,
Rolling Hills,7/11/12,8,1,,
Rolling Hills,7/11/12,11,,1,
Rolling Hills,7/11/12,3,1,,
Rolling Hills,7/11/12,5,,1,
Rolling Hills,7/11/12,10,,1,
Rolling Hills,7/18/12,,,,
Rolling Hills,7/18/12,11,1,,
Rolling Hills,7/18/12,15,1,,
Rolling Hills,7/18/12,15,1,,
Rolling Hills,7/18/12,18,1,,
Rolling Hills,7/18/12,,,,
Rolling Hills,7/18/12,4,1,,
Rolling Hills,7/18/12,11,1,,
Rolling Hills,7/18/12,17,1,,
Rolling Hills,7/18/12,10,1,,
Rolling Hills,7/18/12,18,1,,
Rolling Hills,7/18/12,,,,
Rolling Hills,7/18/12,,,,
Rolling Hills,7/18/12,,,,
Rolling Hills,7/18/12,10,,1,
Rolling Hills,7/18/12,4,,1,
Rolling Hills,7/18/12,17,,1,
Rolling Hills,7/18/12,10,,1,
Rolling Hills,7/18/12,15,,1,
Rolling Hills,7/18/12,15,1,,
Rolling Hills,7/18/12,33,,,1.00
Rolling Hills,7/18/12,5,1,,
Rolling Hills,7/18/12,,,,
Rolling Hills,7/18/12,,,,
Rolling Hills,7/18/12,18,,1,
Rolling Hills,7/18/12,15,1,,
Rolling Hills,7/18/12,,,,
Rolling Hills,7/18/12,3,,1,
Rolling Hills,7/18/12,15,1,,
Rolling Hills,7/18/12,18,1,,
Rolling Hills,7/18/12,11,1,,
Rolling Hills,7/18/12,17,,,1.00
Rolling Hills,7/18/12,4,1,,
Rolling Hills,7/18/12,,,,
Rolling Hills,7/18/12,5,1,,
Rolling Hills,7/18/12,15,1,,
Rolling Hills,7/18/12,,,,
Rolling Hills,7/18/12,17,,,1.00
Rolling Hills,7/18/12,8,,1,
Rolling Hills,7/18/12,,,,
Rolling Hills,7/18/12,5,1,,
Rolling Hills,7/18/12,3,1,,
Rolling Hills,7/18/12,18,1,,
Rolling Hills,7/18/12,10,,,1.00
Rolling Hills,7/18/12,15,1,,
Rolling Hills,7/18/12,10,,1,
Rolling Hills,7/18/12,33,,1,
Rolling Hills,7/18/12,,,,
Rolling Hills,7/18/12,,,,
Rolling Hills,7/18/12,18,,1,
Rolling Hills,7/18/12,15,1,,
Rolling Hills,7/18/12,10,,1,
Rolling Hills,7/18/12,3,1,,
Rolling Hills,7/18/12,8,,,1.00
Rolling Hills,7/18/12,,,,
Rolling Hills,7/18/12,11,1,,
Rolling Hills,7/18/12,3,,1,
Rolling Hills,7/18/12,10,1,,
Rolling Hills,7/18/12,,,,
Rolling Hills,7/18/12,15,,1,
Rolling Hills,7/18/12,8,1,,
Rolling Hills,7/18/12,,,,
Rolling Hills,7/18/12,,,,
Rolling Hills,7/18/12,18,1,,
Rolling Hills,7/18/12,18,,1,
Rolling Hills,7/18/12,17,,1,
Rolling Hills,7/18/12,,,,
Rolling Hills,7/18/12,3,,1,
Rolling Hills,7/18/12,5,1,,
Rolling Hills,7/18/12,2,,1,
Rolling Hills,7/18/12,8,1,,
Rolling Hills,7/18/12,4,1,,
Rolling Hills,7/18/12,10,1,,
Rolling Hills,7/18/12,15,,,1.00
Rolling Hills,7/25/12,,,,
Rolling Hills,7/25/12,18,1,,
Rolling Hills,7/25/12,17,1,,
Rolling Hills,7/25/12,2,,,1.00
Rolling Hills,7/25/12,,,,
Rolling Hills,7/25/12,,,,
Rolling Hills,7/25/12,8,1,,
Rolling Hills,7/25/12,15,1,,
Rolling Hills,7/25/12,10,,1,
Rolling Hills,7/25/12,3,,1,
Rolling Hills,7/25/12,3,,1,
Rolling Hills,7/25/12,3,,1,
Rolling Hills,7/25/12,2,,1,
Rolling Hills,7/25/12,2,,,1.00
Rolling Hills,7/25/12,,,,
Rolling Hills,7/25/12,8,,,1.00
Rolling Hills,7/25/12,18,,1,
Rolling Hills,7/25/12,15,1,,
Rolling Hills,7/25/12,18,,,1.00
Rolling Hills,7/25/12,3,,,1.00
Rolling Hills,7/25/12,3,,1,
Rolling Hills,7/25/12,2,1,,
Rolling Hills,7/25/12,10,1,,
Rolling Hills,7/25/12,,,,
Rolling Hills,7/25/12,15,1,,
Rolling Hills,7/25/12,2,,,1.00
Rolling Hills,7/25/12,,,,
Rolling Hills,7/25/12,18,1,,
Rolling Hills,7/25/12,15,,,1.00
Rolling Hills,7/25/12,17,1,,
Rolling Hills,7/25/12,,,,
Rolling Hills,7/25/12,17,,1,
Rolling Hills,7/25/12,15,1,,
Rolling Hills,7/25/12,,,,
Rolling Hills,7/25/12,17,,,1.00
Rolling Hills,7/25/12,4,,1,
Rolling Hills,7/25/12,15,1,,
Rolling Hills,7/25/12,18,1,,
Rolling Hills,7/25/12,2,1,,
Rolling Hills,7/25/12,10,1,,
Rolling Hills,7/25/12,17,,,perch
Rolling Hills,7/25/12,18,1,,
Rolling Hills,7/25/12,10,1,,
Rolling Hills,7/25/12,8,1,,
Rolling Hills,7/25/12,15,1,,
Rolling Hills,7/25/12,18,,1,
Rolling Hills,7/25/12,15,,1,
Rolling Hills,7/25/12,18,1,,
Rolling Hills,7/25/12,4,1,,
Rolling Hills,7/25/12,10,1,,
Rolling Hills,7/25/12,17,,,1.00
Rolling Hills,7/25/12,15,1,,
Rolling Hills,7/25/12,8,,1,
Rolling Hills,7/25/12,,,,
Rolling Hills,7/25/12,,,,
Rolling Hills,7/25/12,2,,,1.00
Rolling Hills,7/25/12,,,,
Rolling Hills,7/25/12,8,1,,
Rolling Hills,7/25/12,17,1,,
Rolling Hills,7/25/12,5,1,,
Rolling Hills,7/25/12,10,1,,
Rolling Hills,7/25/12,10,1,,
Rolling Hills,7/25/12,15,1,,
Rolling Hills,7/25/12,15,1,,
Rolling Hills,7/25/12,18,1,,
Rolling Hills,7/25/12,4,1,,
Rolling Hills,7/25/12,8,1,,
Rolling Hills,7/25/12,5,1,,
Rolling Hills,8/1/12,18,,,1.00
Rolling Hills,8/1/12,17,1,,
Rolling Hills,8/1/12,10,1,,
Rolling Hills,8/1/12,15,1,,
Rolling Hills,8/1/12,,,,
Rolling Hills,8/1/12,,,,
Rolling Hills,8/1/12,17,,1,
Rolling Hills,8/1/12,10,1,,
Rolling Hills,8/1/12,10,1,,
Rolling Hills,8/1/12,,,,
Rolling Hills,8/1/12,,,,
Rolling Hills,8/1/12,18,1,,
Rolling Hills,8/1/12,18,1,,
Rolling Hills,8/1/12,18,1,,
Rolling Hills,8/1/12,15,1,,
Rolling Hills,8/1/12,18,1,,
Rolling Hills,8/1/12,17,,,1.00
Rolling Hills,8/1/12,10,1,,
Rolling Hills,8/1/12,18,1,,
Rolling Hills,8/1/12,,,,
Rolling Hills,8/1/12,15,1,,
Rolling Hills,8/1/12,2,,,1.00
Rolling Hills,8/1/12,18,1,,
Rolling Hills,8/1/12,15,,1,
Rolling Hills,8/1/12,2,,,1.00
Rolling Hills,8/1/12,15,,,1.00
Rolling Hills,8/1/12,15,1,,
Rolling Hills,8/1/12,18,,,1.00
Rolling Hills,8/11/12,18,,,1.00
Rolling Hills,8/11/12,15,1,,
Rolling Hills,8/11/12,,,,
Rolling Hills,8/11/12,15,,1,
Rolling Hills,8/11/12,15,1,,
Rolling Hills,8/11/12,,,,
Rolling Hills,8/11/12,,,,
Rolling Hills,8/11/12,15,1,,
Rolling Hills,8/11/12,15,1,,
Rolling Hills,8/11/12,,,,
Rolling Hills,8/11/12,18,1,,
Rolling Hills,8/15/12,15,1,,
Rolling Hills,8/15/12,,,,
Rolling Hills,8/15/12,15,1,,
Rolling Hills,8/15/12,,,,
Rolling Hills,8/15/12,15,,,1.00
Rolling Hills,8/15/12,15,,1,
Rolling Hills,6/17/11,,,,
Rolling Hills,6/17/11,,,,
Rolling Hills,6/17/11,,,,
Rolling Hills,6/17/11,24,,1,
Rolling Hills,6/17/11,8,,1,
Rolling Hills,6/17/11,,,,
Rolling Hills,6/17/11,8,,1,
Rolling Hills,6/17/11,24,,1,
Rolling Hills,6/17/11,5,,1,
Rolling Hills,6/17/11,,,,
Rolling Hills,6/17/11,,,,
Rolling Hills,6/17/11,24,,1,
Rolling Hills,6/17/11,,,,
Rolling Hills,6/17/11,24,,1,
Rolling Hills,6/17/11,,,,
Rolling Hills,6/17/11,24,1,,
Rolling Hills,6/17/11,5,,,1.00
Rolling Hills,6/17/11,,,,
Rolling Hills,6/17/11,,,,
Rolling Hills,6/17/11,,,,
Rolling Hills,6/17/11,,,,
Rolling Hills,6/17/11,8,,1,
Rolling Hills,6/17/11,,,,
Rolling Hills,6/17/11,,,,
Rolling Hills,6/17/11,,,,
Rolling Hills,6/17/11,,,,
Rolling Hills,6/17/11,8,1,,
Rolling Hills,6/24/11,24,2, , 
Rolling Hills,6/24/11,,4,8,
Rolling Hills,6/24/11,,,,
Rolling Hills,6/24/11,,,,
Rolling Hills,6/24/11,8,,1,
Rolling Hills,6/24/11,24,,,1.00
Rolling Hills,6/24/11,4,,1,
Rolling Hills,6/24/11,,,,
Rolling Hills,6/24/11,,,,
Rolling Hills,6/24/11,28,,1,
Rolling Hills,6/24/11,32,,1,
Rolling Hills,6/24/11,8,1,,
Rolling Hills,6/24/11,28,,1,
Rolling Hills,6/24/11,,,,
Rolling Hills,6/24/11,8,,1,
Rolling Hills,6/24/11,28,1,,
Rolling Hills,6/24/11,32,,1,
Rolling Hills,6/24/11,,,,
Rolling Hills,6/24/11,,,,
Rolling Hills,6/24/11,24,,1,
Rolling Hills,6/24/11,,,,
Rolling Hills,6/24/11,,,,
Rolling Hills,6/24/11,,,,
Rolling Hills,6/24/11,5,,1,
Rolling Hills,6/24/11,,,,
Rolling Hills,6/24/11,8,1,,
Rolling Hills,6/24/11,24,,1,
Rolling Hills,6/24/11,,,,
Rolling Hills,7/1/11,,,,
Rolling Hills,7/1/11,,3,10,1.00
Rolling Hills,7/1/11,,,,
Rolling Hills,7/1/11,32,,1,
Rolling Hills,7/1/11,15,1,,
Rolling Hills,7/1/11,32,,1,
Rolling Hills,7/1/11,5,1,,
Rolling Hills,7/1/11,5,1,,
Rolling Hills,7/1/11,,,,
Rolling Hills,7/1/11,,,,
Rolling Hills,7/1/11,,,,
Rolling Hills,7/1/11,,,,
Rolling Hills,7/1/11,24,,1,
Rolling Hills,7/1/11,24,,1,
Rolling Hills,7/1/11,5,,1,
Rolling Hills,7/1/11,5,1,,
Rolling Hills,7/1/11,4,,1,
Rolling Hills,7/1/11,32,,1,
Rolling Hills,7/1/11,,,,
Rolling Hills,7/1/11,15,,1,
Rolling Hills,7/1/11,,,,
Rolling Hills,7/1/11,24,,1,
Rolling Hills,7/1/11,32,1,,
Rolling Hills,7/1/11,32,,1,
Rolling Hills,7/1/11,5,,1,
Rolling Hills,7/1/11,24,1,,
Rolling Hills,7/1/11,,,,
Rolling Hills,7/1/11,,,,
Rolling Hills,7/1/11,,,,
Rolling Hills,7/1/11,5,1,,
Rolling Hills,7/1/11,32,1,,
Rolling Hills,7/1/11,,,,
Rolling Hills,7/1/11,,,,
Rolling Hills,7/1/11,,,,
Rolling Hills,7/1/11,15,1,,
Rolling Hills,7/1/11,24,,1,
Rolling Hills,7/1/11,,,,
Rolling Hills,7/8/11,,,,
Rolling Hills,7/8/11,,9,12,
Rolling Hills,7/8/11,,,,
Rolling Hills,7/8/11,14,,1,
Rolling Hills,7/8/11,24,,1,
Rolling Hills,7/8/11,,,,
Rolling Hills,7/8/11,,,,
Rolling Hills,7/8/11,15,1,,
Rolling Hills,7/8/11,24,1,,
Rolling Hills,7/8/11,32,,1,
Rolling Hills,7/8/11,8,,1,
Rolling Hills,7/8/11,,,,
Rolling Hills,7/8/11,,,,
Rolling Hills,7/8/11,,,,
Rolling Hills,7/8/11,,,,
Rolling Hills,7/8/11,32,1,,
Rolling Hills,7/8/11,24,1,,
Rolling Hills,7/8/11,,,,
Rolling Hills,7/8/11,5,1,,
Rolling Hills,7/8/11,4,,1,
Rolling Hills,7/8/11,5,,,
Rolling Hills,7/8/11,5,1,,
Rolling Hills,7/8/11,4,,1,
Rolling Hills,7/8/11,,,,
Rolling Hills,7/8/11,,,,
Rolling Hills,7/8/11,5,,1,
Rolling Hills,7/8/11,32,,1,
Rolling Hills,7/8/11,5,,1,
Rolling Hills,7/8/11,,,,
Rolling Hills,7/8/11,,,,
Rolling Hills,7/8/11,,,,
Rolling Hills,7/8/11,32,,1,
Rolling Hills,7/8/11,24,1,,
Rolling Hills,7/8/11,,,,
Rolling Hills,7/8/11,24,1,,
Rolling Hills,7/8/11,,,,
Rolling Hills,7/8/11,5,1,,
Rolling Hills,7/8/11,,,,
Rolling Hills,7/8/11,,,,
Rolling Hills,7/15/11,,9,,
Rolling Hills,7/15/11,,,10,
Rolling Hills,7/15/11,,,,
Rolling Hills,7/15/11,,,,
Rolling Hills,7/15/11,15,1,,
Rolling Hills,7/15/11,15,,1,
Rolling Hills,7/15/11,4,1,,
Rolling Hills,7/15/11,24,1,,
Rolling Hills,7/15/11,,,,
Rolling Hills,7/15/11,,,,
Rolling Hills,7/15/11,24,1,,
Rolling Hills,7/15/11,5,1,,
Rolling Hills,7/15/11,5,1,,
Rolling Hills,7/15/11,,,,
Rolling Hills,7/15/11,14,1,,
Rolling Hills,7/15/11,,,,
Rolling Hills,7/15/11,4,,1,
Rolling Hills,7/15/11,,,,
Rolling Hills,7/15/11,4,,1,
Rolling Hills,7/15/11,14,,1,
Rolling Hills,7/15/11,,,,
Rolling Hills,7/15/11,4,,1,
Rolling Hills,7/15/11,24,,1,
Rolling Hills,7/15/11,,,,
Rolling Hills,7/15/11,8,1,,
Rolling Hills,7/15/11,15,,1,
Rolling Hills,7/15/11,5,,1,
Rolling Hills,7/15/11,5,,1,
Rolling Hills,7/15/11,8,,1,
Rolling Hills,7/15/11,,,,
Rolling Hills,7/15/11,,,,
Rolling Hills,7/15/11,8,1,,
Rolling Hills,7/15/11,32,,1,
Rolling Hills,7/15/11,24,,1,
Rolling Hills,7/15/11,4,1,,
Rolling Hills,7/15/11,4,1,,
Rolling Hills,7/15/11,15,,1,
Rolling Hills,7/15/11,,,,
Rolling Hills,7/15/11,,,,
Rolling Hills,7/15/11,,,,
Rolling Hills,7/15/11,32a,1,,
Rolling Hills,7/15/11,4,,,1.00
Rolling Hills,7/15/11,15,1,,
Rolling Hills,7/15/11,8,1,,
Rolling Hills,7/15/11,4,,1,
Rolling Hills,7/15/11,24,,1,
Rolling Hills,7/15/11,24,,1,
Rolling Hills,7/15/11,,,,
Rolling Hills,7/15/11,5,1,,
Rolling Hills,7/15/11,8,1,,
Rolling Hills,7/15/11,32a,,1,
Rolling Hills,7/15/11,,,,
Rolling Hills,7/15/11,,,,
Rolling Hills,7/15/11,32a,1,,
Rolling Hills,7/15/11,24,1,,
Rolling Hills,7/22/11,,,,
Rolling Hills,7/22/11,,18,17,
Rolling Hills,7/22/11,,,,
Rolling Hills,7/22/11,32a,,1,
Rolling Hills,7/22/11,5,1,,
Rolling Hills,7/22/11,15,1,,
Rolling Hills,7/22/11,,,,
Rolling Hills,7/22/11,4,1,,
Rolling Hills,7/22/11,8,1,,
Rolling Hills,7/22/11,32a,1,,
Rolling Hills,7/22/11,24,,,1.00
Rolling Hills,7/22/11,8,1,,
Rolling Hills,7/22/11,"1,2,or3",1,,
Rolling Hills,7/22/11,5,1,,
Rolling Hills,7/22/11,,,,
Rolling Hills,7/22/11,5,1,,
Rolling Hills,7/22/11,4,1,,
Rolling Hills,7/22/11,4,1,,
Rolling Hills,7/22/11,14b,,1,
Rolling Hills,7/22/11,32a,1,,
Rolling Hills,7/22/11,5,1,,
Rolling Hills,7/22/11,,,,
Rolling Hills,7/22/11,14b,,1,
Rolling Hills,7/22/11,32a,1,,
Rolling Hills,7/22/11,,,,
Rolling Hills,7/22/11,32a,1,,
Rolling Hills,7/22/11,32a,1,,
Rolling Hills,7/22/11,15,,1,
Rolling Hills,7/22/11,15,1,,
Rolling Hills,7/22/11,,,,
Rolling Hills,7/22/11,"1,2,or3",1,,
Rolling Hills,7/22/11,"1,2,or3",1,,
Rolling Hills,7/22/11,32a,1,,
Rolling Hills,7/22/11,5,1,,
Rolling Hills,7/22/11,4,1,,
Rolling Hills,7/22/11,4,1,,
Rolling Hills,7/22/11,15,,1,
Rolling Hills,7/22/11,"1,2,or3",1,,
Rolling Hills,7/22/11,15,1, ,
Rolling Hills,7/22/11,15,,1,
Rolling Hills,7/22/11,15,,1,
Rolling Hills,7/22/11,"1,2,or3",1,,
Rolling Hills,7/22/11,,,,
Rolling Hills,7/22/11,15,1,,
Rolling Hills,7/22/11,24,1,,
Rolling Hills,7/22/11,32a,1,,
Rolling Hills,7/22/11,4,1,,
Rolling Hills,7/22/11,32a,1,,
Rolling Hills,7/22/11,"1,2,or3",1,,
Rolling Hills,7/22/11,8,1,,
Rolling Hills,7/22/11,"1,2,or3",1,,
Rolling Hills,7/22/11,32a,,,1.00
Rolling Hills,7/22/11,,,,
Rolling Hills,7/22/11,,,,
Rolling Hills,7/22/11,24,,,1.00
Rolling Hills,7/22/11,3,1,,
Rolling Hills,7/22/11,32a,1,,
Rolling Hills,7/22/11,24,1,,
Rolling Hills,7/22/11,8,1,,
Rolling Hills,7/22/11,8,1,,
Rolling Hills,7/22/11,32a,1,,
Rolling Hills,7/22/11,,,,
Rolling Hills,7/22/11,15,1,,
Rolling Hills,7/22/11,24,1,,
Rolling Hills,7/22/11,14b,,1,
Rolling Hills,7/22/11,"1,2,or3",1,,
Rolling Hills,7/22/11,3,1,,
Rolling Hills,7/22/11,5,1,,
Rolling Hills,7/22/11,,,,
Rolling Hills,7/22/11,32a,1,,
Rolling Hills,7/22/11,4,1,,
Rolling Hills,7/22/11,4,1,,
Rolling Hills,7/22/11,32a,1,,
Rolling Hills,7/22/11,8,1,,
Rolling Hills,7/22/11,14b,1,,
Rolling Hills,7/22/11,,,,
Rolling Hills,7/22/11,4,,1,
Rolling Hills,7/22/11,,,,
Rolling Hills, 7/29/11,,,,
Rolling Hills, 7/29/11,,51,9,3.00
Rolling Hills, 7/29/11,,,,
Rolling Hills, 7/29/11,32a,1,,
Rolling Hills, 7/29/11,1 or 2,1,,
Rolling Hills, 7/29/11,14b,,1,
Rolling Hills, 7/29/11,32a,1,,
Rolling Hills, 7/29/11,,,,
Rolling Hills, 7/29/11,32a,,1,
Rolling Hills, 7/29/11,15,,1,
Rolling Hills, 7/29/11,14b,,1,
Rolling Hills, 7/29/11,,,,
Rolling Hills, 7/29/11,32a,1,,
Rolling Hills, 7/29/11,,,,
Rolling Hills, 7/29/11,14b,1,,
Rolling Hills, 7/29/11,3,1,,
Rolling Hills, 7/29/11,,,,
Rolling Hills, 7/29/11,15,1,,
Rolling Hills, 7/29/11,,,,
Rolling Hills, 7/29/11,,,,
Rolling Hills, 7/29/11,32a,1,,
Rolling Hills, 7/29/11,14b,,1,
Rolling Hills, 7/29/11,,,,
Rolling Hills, 7/29/11,,,,
Rolling Hills, 7/29/11,14b,,1,
Rolling Hills, 7/29/11,32a,,1,
Rolling Hills, 7/29/11,,,,
Rolling Hills,8/5/11,,,,
Rolling Hills,8/5/11,,8,7,
Rolling Hills,8/5/11,,,,
Rolling Hills,8/5/11,14,,1,
Rolling Hills,8/5/11,,,,
Rolling Hills,8/5/11,3,1,,
Rolling Hills,8/5/11,3,1,,
Rolling Hills,8/5/11,,,,
Rolling Hills,8/5/11,3,1,,
Rolling Hills,8/5/11,,,,
Rolling Hills,8/5/11,3,1,,
Rolling Hills,8/5/11,14,1,,
Rolling Hills,8/5/11,14b,,1,
Rolling Hills,8/5/11,14b,,1,
Rolling Hills,8/5/11,14b,1,,
Rolling Hills,8/5/11,,,,
Rolling Hills,8/5/11,,,,
Rolling Hills,8/5/11,14,,1,
Rolling Hills,8/5/11,,,,
Rolling Hills,8/5/11,1 or 2,1,,
Rolling Hills,8/5/11,14b,,1,
Rolling Hills,8/5/11,"1,2,or3",1,,
Rolling Hills,8/5/11,,,,
Rolling Hills,8/5/11,14,,,1.00
Rolling Hills,8/5/11,"1,2,or3",1,,
Rolling Hills,8/5/11,"1,2,or3",,1,
Rolling Hills,8/5/11,,,,
Rolling Hills,8/5/11,14,,,1.00
Rolling Hills,8/5/11,"1,2,or3",1,,
Rolling Hills,8/5/11,,,,
Rolling Hills,8/5/11,,,,
Rolling Hills,8/5/11,14,,1,
Rolling Hills,8/12/11,,,,
Rolling Hills,8/12/11,,10,7,
Rolling Hills,8/12/11,,,,
Rolling Hills,8/12/11,,,,
Rolling Hills,8/12/11,,,,
Rolling Hills,8/12/11,3,,1,
Rolling Hills,8/12/11,14b,1,,
Rolling Hills,8/12/11,14,,1,
Rolling Hills,8/12/11,,,,
Rolling Hills,8/12/11,14b,,1,
Rolling Hills,8/12/11,,,,
Rolling Hills,8/12/11,14,,1,
Rolling Hills,8/12/11,14b,,1,
Rolling Hills,8/12/11,14b,,1,
Rolling Hills,8/12/11,,,,
Rolling Hills,8/12/11,,,,
Rolling Hills,8/12/11,3,1,,
Rolling Hills,8/12/11,3,1,,
Rolling Hills,8/12/11,,,,
Rolling Hills,8/12/11,14b,1,,
Rolling Hills,8/12/11,,,,
Rolling Hills,8/12/11,3,,,1.00
Rolling Hills,8/12/11,,,,
Rolling Hills,8/12/11,14,,1,
Rolling Hills,8/12/11,14b,1,,
Rolling Hills,8/12/11,,,,
Rolling Hills,8/12/11,14b,1,,
Rolling Hills,8/19/11,,,,
Rolling Hills,8/19/11,,6,7,
Rolling Hills,8/19/11,,,,
Rolling Hills,8/19/11,,,,
Rolling Hills,8/19/11,,,,
Rolling Hills,8/19/11,14b,1,,
Rolling Hills,8/19/11,,,,
Rolling Hills,8/19/11,,,,
Rolling Hills,8/19/11,,,,
Rolling Hills,8/19/11,,,,
Rolling Hills,8/19/11,,,,
Rolling Hills,8/19/11,,,,
Rolling Hills,8/19/11,14b,1,,
Rolling Hills,8/19/11,14b,,1,
Rolling Hills,6/22/10,,,,0.00
Rolling Hills,6/22/10,,,,0.00
Rolling Hills,6/22/10,8,,1,0.00
Rolling Hills,6/22/10,14,,,0.00
Rolling Hills,6/22/10, , ,,0.00
Rolling Hills,6/22/10,,,,0.00
Rolling Hills,6/22/10,15,,,0.00
Rolling Hills,6/22/10, ,, ,0.00
Rolling Hills,6/22/10,8,,1,0.00
Rolling Hills,6/22/10,8,,1,0.00
Rolling Hills,6/22/10,,,,0.00
Rolling Hills,6/22/10,,,,0.00
Rolling Hills,6/22/10,31,,,1.00
Rolling Hills,6/22/10, , ,,0.00
Rolling Hills,6/22/10, , ,,0.00
Rolling Hills,6/22/10, , ,,0.00
Rolling Hills,6/22/10,15, ,1,0.00
Rolling Hills,6/22/10, ,, ,0.00
Rolling Hills,6/22/10,14, ,,1.00
Rolling Hills,6/22/10, ,,,0.00
Rolling Hills,6/22/10, ,,,0.00
Rolling Hills,6/22/10, ,,,0.00
Rolling Hills,6/22/10, ,,,0.00
Rolling Hills,6/22/10,8,,1,0.00
Rolling Hills,6/22/10,9,, ,1.00
Rolling Hills,6/22/10, ,,,0.00
Rolling Hills,6/22/10, ,,,0.00
Rolling Hills,6/22/10,15,1,,0.00
Rolling Hills,6/22/10,14,1,,0.00
Rolling Hills,6/22/10,,,,0.00
Rolling Hills,6/22/10,, ,,0.00
Rolling Hills,6/22/10,36,1,,0.00
Rolling Hills,6/22/10, ,, ,0.00
Rolling Hills,6/22/10, ,,,0.00
Rolling Hills,6/22/10, , ,,0.00
Rolling Hills,6/22/10,4, ,1,0.00
Rolling Hills,6/22/10, ,,,0.00
Rolling Hills,6/22/10,24,1,,0.00
Rolling Hills,6/22/10, ,,,0.00
Rolling Hills,6/22/10,14, , ,1.00
Rolling Hills,6/22/10,31,1,,0.00
Rolling Hills,6/22/10, , ,,0.00
Rolling Hills,6/22/10, ,,,0.00
Rolling Hills,6/22/10, ,, ,0.00
Rolling Hills,6/29/10, ,,,0.00
Rolling Hills,6/29/10, ,,,0.00
Rolling Hills,6/29/10,5, ,,1.00
Rolling Hills,6/29/10, , ,,0.00
Rolling Hills,6/29/10,9,1,,0.00
Rolling Hills,6/29/10,8,1, ,0.00
Rolling Hills,6/29/10,9,1,,0.00
Rolling Hills,6/29/10, , ,,0.00
Rolling Hills,6/29/10,15,1,,0.00
Rolling Hills,6/29/10,4, ,1,0.00
Rolling Hills,6/29/10,8, ,1,0.00
Rolling Hills,6/29/10,15, ,1,0.00
Rolling Hills,6/29/10,9,1,,0.00
Rolling Hills,6/29/10, , ,,0.00
Rolling Hills,6/29/10,8, ,1,0.00
Rolling Hills,6/29/10,4, ,1,0.00
Rolling Hills,6/29/10, , ,,0.00
Rolling Hills,6/29/10,4, ,1,0.00
Rolling Hills,6/29/10, , ,,0.00
Rolling Hills,6/29/10, , ,,0.00
Rolling Hills,6/29/10, , ,,0.00
Rolling Hills,6/29/10, , , ,0.00
Rolling Hills,6/29/10,32,1,,0.00
Rolling Hills,6/29/10, , ,,0.00
Rolling Hills,6/29/10,14, ,1,0.00
Rolling Hills,6/29/10,32, ,1,0.00
Rolling Hills,6/29/10, , ,,0.00
Rolling Hills,6/29/10, , ,,0.00
Rolling Hills,6/29/10, , ,,0.00
Rolling Hills,7/6/10, , ,,0.00
Rolling Hills,7/6/10, , ,,0.00
Rolling Hills,7/6/10,4,1,,0.00
Rolling Hills,7/6/10,7, ,1,0.00
Rolling Hills,7/6/10,4, ,1,0.00
Rolling Hills,7/6/10,4,2,,0.00
Rolling Hills,7/6/10,9,,1,0.00
Rolling Hills,7/6/10, , ,,0.00
Rolling Hills,7/6/10,7, ,1,0.00
Rolling Hills,7/6/10, , ,,0.00
Rolling Hills,7/6/10, , ,,0.00
Rolling Hills,7/6/10,9, ,1,0.00
Rolling Hills,7/6/10, , ,,0.00
Rolling Hills,7/6/10,14,,,1.00
Rolling Hills,7/6/10, ,,,0.00
Rolling Hills,7/6/10,14,,,1.00
Rolling Hills,7/6/10,32,,1,0.00
Rolling Hills,7/6/10,15, ,1,0.00
Rolling Hills,7/6/10,7,,1,0.00
Rolling Hills,7/6/10, , ,,0.00
Rolling Hills,7/6/10,9,1,,0.00
Rolling Hills,7/6/10, , ,,0.00
Rolling Hills,7/6/10,9,1,,0.00
Rolling Hills,7/6/10,15,, ,1.00
Rolling Hills,7/6/10, , ,,0.00
Rolling Hills,7/6/10, , ,,0.00
Rolling Hills,7/6/10, , ,,0.00
Rolling Hills,7/6/10, , ,,0.00
Rolling Hills,7/6/10,9,1,,0.00
Rolling Hills,7/6/10, , ,,0.00
Rolling Hills,7/6/10,31,1, ,0.00
Rolling Hills,7/6/10,15,1,,0.00
Rolling Hills,7/6/10,24, ,1,0.00
Rolling Hills,7/6/10, ,,,0.00
Rolling Hills,7/6/10,14,1, ,0.00
Rolling Hills,7/6/10,14, ,,1.00
Rolling Hills,7/6/10, , ,,0.00
Rolling Hills,7/6/10,15, ,1,0.00
Rolling Hills,7/6/10, , ,,0.00
Rolling Hills,7/6/10, , ,,0.00
Rolling Hills,7/6/10, , ,,0.00
Rolling Hills,7/6/10,15,1,,0.00
Rolling Hills,7/6/10, , ,,0.00
Rolling Hills,7/6/10, , ,,0.00
Rolling Hills,7/6/10, ,,,0.00
Rolling Hills,7/13/10, , ,,0.00
Rolling Hills,7/13/10, , ,,0.00
Rolling Hills,7/13/10,36,1,,0.00
Rolling Hills,7/13/10,15, ,1,0.00
Rolling Hills,7/13/10,14,,1,0.00
Rolling Hills,7/13/10,8,1,,0.00
Rolling Hills,7/13/10, , ,,0.00
Rolling Hills,7/13/10, , ,,0.00
Rolling Hills,7/13/10,15,1,,0.00
Rolling Hills,7/13/10, , ,,0.00
Rolling Hills,7/13/10, , ,,0.00
Rolling Hills,7/13/10,9,1,,0.00
Rolling Hills,7/13/10, , ,,0.00
Rolling Hills,7/13/10, , ,,0.00
Rolling Hills,7/13/10,14,1,,0.00
Rolling Hills,7/13/10, , ,,0.00
Rolling Hills,7/13/10, , ,,0.00
Rolling Hills,7/13/10,25,1,,0.00
Rolling Hills,7/13/10,"1,2,or3", ,1,0.00
Rolling Hills,7/13/10,"1,2 or3", ,1,0.00
Rolling Hills,7/13/10,15, ,1,0.00
Rolling Hills,7/13/10, , ,,0.00
Rolling Hills,7/13/10,9, , ,1.00
Rolling Hills,7/13/10,15,1,,0.00
Rolling Hills,7/13/10,25,1,,0.00
Rolling Hills,7/13/10, , ,,0.00
Rolling Hills,7/13/10,9,1,,0.00
Rolling Hills,7/13/10,25, ,1,0.00
Rolling Hills,7/13/10, , ,,0.00
Rolling Hills,7/13/10,32, ,1,0.00
Rolling Hills,7/13/10,9,1,,0.00
Rolling Hills,7/13/10,15, ,1,0.00
Rolling Hills,7/13/10, , ,,0.00
Rolling Hills,7/13/10,25,1,,0.00
Rolling Hills,7/13/10, , ,,0.00
Rolling Hills,7/13/10,  , ,,0.00
Rolling Hills,7/20/10,, ,,0.00
Rolling Hills,7/20/10, , , ,0.00
Rolling Hills,7/20/10, , ,,0.00
Rolling Hills,7/20/10, , ,,0.00
Rolling Hills,7/20/10,1 or2, ,1,0.00
Rolling Hills,7/20/10, , , ,0.00
Rolling Hills,7/20/10,15, ,1,0.00
Rolling Hills,7/20/10, , ,,0.00
Rolling Hills,7/20/10,24, ,1,0.00
Rolling Hills,7/20/10, ,,,0.00
Rolling Hills,7/20/10,3,,1,0.00
Rolling Hills,7/20/10,15, ,1,0.00
Rolling Hills,7/20/10,9,1, ,0.00
Rolling Hills,7/20/10, ,,,0.00
Rolling Hills,7/20/10,24, ,1,0.00
Rolling Hills,7/20/10,20,1,,0.00
Rolling Hills,7/20/10,24,1,,0.00
Rolling Hills,7/20/10,9, ,1,0.00
Rolling Hills,7/20/10, , ,,0.00
Rolling Hills,7/20/10,32,1,,0.00
Rolling Hills,7/20/10, , ,,0.00
Rolling Hills,7/20/10, , ,,0.00
Rolling Hills,7/20/10,15, ,1,0.00
Rolling Hills,7/20/10,31,1,,0.00
Rolling Hills,7/20/10,24, ,,0.00
Rolling Hills,7/20/10,32, ,,0.00
Rolling Hills,7/20/10, , ,,0.00
Rolling Hills,7/20/10,15,1,,0.00
Rolling Hills,7/20/10, ,,,0.00
Rolling Hills,7/20/10,9, ,1,0.00
Rolling Hills,7/20/10,32,, ,1.00
Rolling Hills,7/20/10,31,,1,0.00
Rolling Hills,7/20/10, , ,,0.00
Rolling Hills,7/20/10, ,, ,0.00
Rolling Hills,7/20/10,9,1,,0.00
Rolling Hills,7/20/10,32,1,,0.00
Rolling Hills,7/20/10, ,,,0.00
Rolling Hills,7/20/10,,,,0.00
Rolling Hills,7/20/10,15,,,1.00
Rolling Hills,7/20/10,32, ,1,0.00
Rolling Hills,7/20/10, , ,,0.00
Rolling Hills,7/20/10,15,,1,0.00
Rolling Hills,7/20/10, , ,,0.00
Rolling Hills,7/20/10, ,,,0.00
Rolling Hills,7/27/10, , ,,0.00
Rolling Hills,7/27/10,,,,0.00
Rolling Hills,7/27/10,, ,,0.00
Rolling Hills,7/27/10, , ,,0.00
Rolling Hills,7/27/10, ,,,0.00
Rolling Hills,7/27/10, , ,,0.00
Rolling Hills,7/27/10,9,1,,0.00
Rolling Hills,7/27/10,9,1,,0.00
Rolling Hills,7/27/10,15,,1,0.00
Rolling Hills,7/27/10,  ,,,0.00
Rolling Hills,7/27/10,15,1, ,0.00
Rolling Hills,7/27/10,35,,1,0.00
Rolling Hills,7/27/10,15,1,,0.00
Rolling Hills,7/27/10,1 or 2,1,,0.00
Rolling Hills,7/27/10,9,1,,0.00
Rolling Hills,7/27/10,9,1,,0.00
Rolling Hills,7/27/10,35,1,,0.00
Rolling Hills,7/27/10,,,,0.00
Rolling Hills,7/27/10,,,,0.00
Rolling Hills,7/27/10,35,1,,0.00
Rolling Hills,7/27/10,,,,0.00
Rolling Hills,7/27/10,9,1,,0.00
Rolling Hills,7/27/10,35,,1,0.00
Rolling Hills,7/27/10,,,,0.00
Rolling Hills,7/27/10,,,,0.00
Rolling Hills,7/27/10,,,,0.00
Rolling Hills,7/27/10,9,1,,0.00
Rolling Hills,7/27/10,,,,0.00
Rolling Hills,7/27/10,,,,0.00
Rolling Hills,7/27/10,,,,0.00
Rolling Hills,7/27/10,15,1,,0.00
Rolling Hills,7/27/10,,,,0.00
Rolling Hills,7/27/10,,,,0.00
Rolling Hills,8/3/10,,,,0.00
Rolling Hills,8/3/10,,,,0.00
Rolling Hills,8/3/10,1 or 2,,1,0.00
Rolling Hills,8/3/10,3,,1,0.00
Rolling Hills,8/3/10,35,1,,0.00
Rolling Hills,8/3/10,35,,1,0.00
Rolling Hills,8/3/10,,,,0.00
Rolling Hills,8/3/10,3,1,,0.00
Rolling Hills,8/3/10,,,,0.00
Rolling Hills,8/3/10,1 or 2,,1,0.00
Rolling Hills,8/3/10,,,,0.00
Rolling Hills,8/3/10,3,,1,0.00
Rolling Hills,8/3/10,35,1,,0.00
Rolling Hills,8/3/10,,,,0.00
Rolling Hills,8/3/10,3,1,,0.00
Rolling Hills,8/3/10,35,,1,0.00
Rolling Hills,8/3/10,,,,0.00
Rolling Hills,8/3/10,"1,2,or3",1,,0.00
Rolling Hills,8/3/10,1 or 2,1,,0.00
Rolling Hills,8/3/10,35,,1,0.00
Rolling Hills,8/3/10,,,,0.00
Rolling Hills,8/3/10,1 or 2,,,1.00
Rolling Hills,8/3/10,,,,0.00
Rolling Hills,8/3/10,1 or 2,,1,0.00
Rolling Hills,8/3/10,,,,0.00
Rolling Hills,8/3/10,,,,0.00
Rolling Hills,8/3/10,,,,0.00
Rolling Hills,8/3/10,1 or 2,1,,0.00
Rolling Hills,8/3/10,,,,0.00
Rolling Hills,8/3/10,,,,0.00
Rolling Hills,8/3/10,,,,0.00
Rolling Hills,8/10/10,,,,0.00
Rolling Hills,8/10/10,,,,0.00
Rolling Hills,8/10/10,35,1,,0.00
Rolling Hills,8/10/10,35,,1,0.00
Rolling Hills,8/10/10,,,,0.00
Rolling Hills,8/10/10,35,,,1.00
Rolling Hills,8/10/10,,,,0.00
Rolling Hills,8/10/10,,,,0.00
Rolling Hills,8/10/10,,,,0.00
Rolling Hills,8/10/10,35,,1,0.00
Rolling Hills,8/10/10,,,,0.00
Rolling Hills,8/10/10,,,,0.00
Rolling Hills,8/10/10,35,,1,0.00
Rolling Hills,8/10/10,35,,1,0.00
Rolling Hills,8/10/10,1 or 2,1,,0.00
Rolling Hills,8/10/10,,,,0.00
Rolling Hills,8/10/10,1 or 2,1,,0.00
Rolling Hills,8/10/10,,,,0.00
Rolling Hills,8/10/10,,,,0.00
Rolling Hills,8/10/10,,,,0.00
Rolling Hills,8/10/10,,,,0.00
Rolling Hills,8/10/10,,,,0.00
Rolling Hills,8/10/10,35,1,,0.00
Rolling Hills,8/10/10,,,,0.00
Rolling Hills,8/10/10,,,,0.00
Rolling Hills,8/17/10,,,,0.00
Rolling Hills,8/17/10,,,,0.00
Rolling Hills,8/17/10,,,,0.00
Rolling Hills,8/17/10,35,,1,0.00
Rolling Hills,8/17/10,,,,0.00
Rolling Hills,8/17/10,,,,0.00
Rolling Hills,8/17/10,,,,0.00
Rolling Hills,8/17/10,35,,1,0.00