site,date,start_time,end_time,PG_count,burrow_count,burrow_visit,intern_data,qaqc
Cliffside,6/16/14,8:00,9:00,39,3,3,,
Cliffside,6/23/14,7:30,8:30,13,3,,,
Cliffside,6/30/14,7:45,8:45,6,4,4,,
Cliffside,7/7/14,7:10,8:10,14,6,5,,
Cliffside,7/14/14,7:40,8:40,15,6,6,,
Cliffside,7/21/14,7:30,8:30,16,7,7,,
Cliffside,7/28/14,7:45,8:45,12,7,,,
Cliffside,8/4/14,7:10,8:10,5,7,,,
Cliffside,8/11/14,7:25,8:25,13,7,,,
Cliffside,8/18/14,7:10,8:10,4,7,,,
Cliffside,8/26/14,7:45,8:45,0,7,,,
Double Bluff North,6/20/14,8:25,9:31,52,10,26,,
Double Bluff North,6/27/14,8:28,9:35,25,12,1,,
Double Bluff North,7/3/14,7:40,8:47,63,15,3,,
Double Bluff North,7/11/14,8:10,9:20,19,15,,,
Double Bluff North,7/18/14,8:15,9:24,71,18,12,,
Double Bluff North,7/25/14,8:14,8:15,19,18,,,
Double Bluff North,8/1/14,8:10,9:22,80,18,5,,
Double Bluff North,8/7/14,8:15,9:25,16,19,,,
Double Bluff North,8/14/14,8:20,9:28,63,19,,,
Double Bluff North,8/21/14,8:15,9:22,1,19,,,
Double Bluff South,6/19/14,8:00,9:00,6,0,,,
Double Bluff South,6/28/14,7:45,8:45,5,0,,,
Double Bluff South,7/4/14,8:00,9:00,8,1,,,
Double Bluff South,7/9/14,8:30,9:30,7,2,1,,
Double Bluff South,7/16/14,7:45,9:05,13,2,,,
Double Bluff South,7/23/14,8:15,9:30,16,3,,,
Double Bluff South,7/30/14,7:45,9:15,13,3,1,,
Double Bluff South,8/6/14,8:30,9:30,13,3,,,
Double Bluff South,8/15/14,8:00,9:00,7,3,,,
Forbes Point,7/21/14,8:27,9:27,18,3,1,,
Forbes Point,7/30/14,8:38,9:38,13,5,1,,
Forbes Point,8/4/14,8:35,9:35,20,5,,,
Forbes Point,8/14/14,8:33,9:33,19,5,1,,
Forbes Point,8/19/14,8:30,9:30,1,5,,,
Fort Casey North,6/20/14,8:40,9:45,40,0,,,
Fort Casey North,6/27/14,8:45,9:45,35,1,,,
Fort Casey North,7/4/14,9:45,10:00,36,3,,,
Fort Casey North,7/13/14,,,26,5,,,
Fort Casey North,7/18/14,8:35,9:40,32,8,4,,
Fort Casey North,7/24/14,9:00,10:00,35,10,,,
Fort Casey North,8/3/14,8:45,9:45,40,11,2,,
Fort Casey North,8/8/14,8:40,9:43,44,15,2,,
Fort Casey North,8/15/14,8:05,9:05,36,15,1,,
Fort Casey North,8/23/14,8:50,9:50,4,15,,,
Harrington North,6/18/14,7:15,8:15,26,0,,,
Harrington North,6/24/14,6:45,7:45,12,0,,,
Harrington North,7/2/14,8:05,9:10,11,0,,,
Harrington North,7/9/14,7:40,8:40,13,2,,,
Harrington North,7/16/14,8:45,9:45,9,2,,,
Harrington North,7/22/14,7:50,8:50,11,2,,,
Harrington North,7/29/14,7:12,8:12,20,2,,,
Harrington North,8/6/14,7:49,8:49,11,2,,,
Harrington North,8/15/14,7:40,8:40,11,2,,,
Harrington North,8/20/14,8:40,9:40,0,2,,,
Harrington South,6/18/14,8:30,9:30,23,2,2,,
Harrington South,6/23/14,8:15,9:15,8,2,,,
Harrington South,7/1/14,7:30,8:30,13,2,3,,
Harrington South,7/7/14,8:05,9:05,13,3,,,
Harrington South,7/13/14,7:50,8:50,15,3,,,
Harrington South,7/22/14,8:05,9:05,11,3,,,
Harrington South,7/28/14,7:25,8:25,17,6,9,,
Harrington South,8/4/14,7:45,8:45,18,6,,,
Harrington South,8/12/14,8:05,9:05,14,6,,,
Hastie Lake North,6/18/14,7:30,8:30,21,3,3,,
Hastie Lake North,6/25/14,7:30,8:30,4,3,,,
Hastie Lake North,7/2/14,7:30,8:30,21,3,,,
Hastie Lake North,7/9/14,7:30,8:30,0,3,,,
Hastie Lake North,7/16/14,7:30,8:30,16,3,7,,
Hastie Lake North,7/23/14,7:30,7:45,0,3,,,
Hastie Lake North,7/30/14,7:30,8:30,10,3,,,
Hastie Lake North,8/6/14,7:30,8:30,2,3,,,
Hastie Lake South,6/18/14,7:10,8:10,18,0,,,
Hastie Lake South,6/26/14,7:45,8:45,8,1,,,
Hastie Lake South,7/3/14,8:10,9:10,16,2,,,
Hastie Lake South,7/9/14,8:08,9:08,6,7,4,,
Hastie Lake South,7/17/14,8:15,9:15,19,9,7,,
Hastie Lake South,7/25/14,8:06,9:06,24,10,,,
Hastie Lake South,7/31/14,8:00,9:00,29,10,1,,
Hastie Lake South,8/5/14,7:55,8:55,22,10,,,
Hastie Lake South,8/16/14,7:45,8:45,21,10,2,,
Hastie Lake South,8/21/14,7:50,8:50,11,10,,,
Hastie Lake South,8/28/14,7:55,8:55,5,10,,,
Keystone,6/16/14,8:05,9:05,47,,,,
Keystone,6/24/14,6:35,7:35,46,1,,,
Keystone,6/30/14,8:10,9:10,44,1,,,
Keystone,7/7/14,8:00,9:00,50,2,,,
Keystone,7/14/14,8:40,9:40,30,4,,,
Keystone,7/21/14,8:10,9:10,33,4,,,
Keystone,7/28/14,8:00,9:00,49,4,,,
Keystone,8/4/14,8:00,9:00,27,4,,,
Keystone,8/11/14,8:06,9:05,40,5,,,
Keystone,8/18/14,7:55,8:55,14,5,,,
Keystone,8/26/14,8:00,9:00,8,5,,,
Keystone,9/2/14,8:25,9:25,3,5,,,
Lagoon North #1,6/19/14,8:45,9:45,66,8,14,,
Lagoon North #1,6/26/14,9:00,10:00,66,8,,,
Lagoon North #1,7/13/14,7:30,9:30,71,8,1,,
Lagoon North #1,7/18/14,7:00,8:30,67,10,1,,
Lagoon North #1,7/29/14,7:30,8:30,66,10,,,
Lagoon North #1,8/1/14,7:30,9:30,,10,,,
Lagoon North #1,8/7/14,7:00,8:30,11,10,,,
Lagoon North #1,8/15/14,7:30,8:30,62,10,,,
Lagoon North #1,8/24/14,8:30,9:30,20,10,,,
Lagoon North #1,8/31/14,7:30,8:10,0,10,,,
Lagoon North #2,6/20/14,8:30,9:30,12,1,1,,
Lagoon North #2,6/26/14,8:40,9:40,6,1,,,
Lagoon North #2,7/3/14,8:20,9:20,14,1,,,
Lagoon North #2,7/10/14,8:30,9:30,20,1,1,,
Lagoon North #2,7/17/14,8:45,9:45,5,1,,,
Lagoon North #2,7/25/14,8:45,9:45,7,1,,,
Lagoon North #2,7/30/14,8:00,9:00,5,1,,,
Lagoon North #2,8/6/14,,,5,1,,,
Lagoon North #2,8/12/14,,,5,1,,,
Lagoon North #2,8/20/14,,,5,1,,,
Lagoon North #3,6/18/14,8:45,9:05,,1,1,,
Lagoon North #3,6/27/14,8:40,10:00,23,4,3,,
Lagoon North #3,7/3/14,7:20,8:20,20,8,9,,
Lagoon North #3,7/8/14,7:20,8:20,33,8,,,
Lagoon North #3,7/19/14,8:50,9:50,50,8,4,,
Lagoon North #3,7/25/14,7:40,8:45,22,11,12,,
Lagoon North #3,8/1/14,7:30,8:30,21,11,,,
Lagoon North #3,8/8/14,7:25,8:25,30,11,,,
Lagoon North #3,8/22/14,7:45,8:45,14,11,,,
Lagoon North #3,8/28/14,7:40,8:10,1,11,,,
Lagoon South,6/20/14,8:40,9:10,35,0,,,
Lagoon South,6/27/14,8:45,10:00,8,1,,,
Lagoon South,7/4/14,8:45,10:15,29,15,57,,
Lagoon South,7/11/14,8:45,10:05,8,15,,,
Lagoon South,7/18/14,8:45,10:10,38,15,4,,
Lagoon South,7/25/14,8:45,10:05,20,15,1,,
Lagoon South,8/1/14,8:40,10:10,41,17,21,,
Lagoon South,8/8/14,8:45,10:00,10,17,,,
Lagoon South,8/15/14,8:40,10:00,25,17,,,
Ledgewood,6/19/14,8:05,9:10,47,2,3,,
Ledgewood,6/25/14,8:10,9:10,47,6,4,,
Ledgewood,7/4/14,7:48,8:48,38,7,3,,
Ledgewood,7/8/14,8:00,9:00,21,9,2,,
Ledgewood,7/14/14,7:45,8:45,45,9,9,,
Ledgewood,7/25/14,8:15,9:15,27,12,3,,
Ledgewood,7/29/14,7:30,8:30,47,12,4,,
Ledgewood,8/5/14,7:30,8:30,47,13,8,,
Ledgewood,8/16/14,7:45,8:45,33,13,,,
Ledgewood,8/21/14,7:45,8:45,29,13,,,
Ledgewood,8/28/14,8:35,9:35,12,13,,,
Hancock North,6/18/14,8:00,9:00,63,,,,
Hancock North,6/24/14,8:00,9:00,60,,,,
Hancock North,7/8/14,8:43,9:43,32,5,5,,
Hancock North,7/11/14,8:39,9:30,42,7,5,,
Hancock North,7/18/14,7:39,8:39,67,12,42,,
Hancock North,7/25/14,8:32,9:32,57,12,5,,
Hancock North,8/3/14,7:38,8:38,67,13,29,,
Hancock North,8/9/14,7:55,8:55,70,13,,,
Hancock North,8/17/14,8:15,9:15,28,13,,,
Hancock South,7/9/14,7:45,8:45,21,1,,,
Hancock South,7/16/14,8:30,9:30,21,2,4,,
Hancock South,7/26/14,7:45,8:45,15,3,1,,
Hancock South,7/31/14,8:00,9:00,9,4,,,
Hancock South,8/7/14,8:00,9:00,6,4,1,,
Hancock South,8/13/14,8:00,9:00,0,4,,,
Hancock South,8/14/14,8:00,9:00,0,4,,,
Malmo Bluff,6/19/14,8:40,9:40,35,4,2,,
Malmo Bluff,6/24/14,8:20,9:20,24,12,15,,
Malmo Bluff,6/30/14,8:30,9:30,34,15,12,,
Malmo Bluff,7/10/14,8:15,9:15,27,20,32,,
Malmo Bluff,7/15/14,8:30,9:30,27,21,8,,
Malmo Bluff,7/24/14,8:15,9:15,39,21,35,,
Malmo Bluff,7/30/14,8:15,9:15,39,21,2,,
Malmo Bluff,8/7/14,8:15,9:15,16,21,,,
Malmo Bluff,8/14/14,8:18,9:18,39,21,,,
Malmo Bluff,8/21/14,8:10,9:10,10,21,,,
Malmo Bluff,8/20/14,8:00,9:00,0,21,,,
Maylor Point,6/27/14,7:29,8:29,9,3,1,,
Maylor Point,7/1/14,7:29,8:29,25,3,,,
Maylor Point,7/7/14,7:17,8:17,17,3,,,
Maylor Point,7/14/14,7:24,8:24,22,5,6,,
Maylor Point,7/21/14,6:50,7:50,17,5,,,
Maylor Point,7/30/14,6:50,7:50,26,5,,,
Maylor Point,8/4/14,6:56,7:56,20,6,,,
Maylor Point,8/14/14,6:54,7:54,4,6,,,
Maylor Point,8/19/14,7:02,8:02,2,6,,,
Monroe Landing,6/20/14,7:30,8:30,5,1,1,,
Monroe Landing,6/24/14,7:15,8:15,8,1,,,
Monroe Landing,6/27/14,7:40,8:40,5,1,,,
Monroe Landing,7/10/14,8:02,9:02,7,1,,,
Monroe Landing,7/16/14,8:00,9:00,8,1,,,
Monroe Landing,7/25/14,8:40,9:40,11,1,,,
Monroe Landing,7/31/14,8:35,9:35,11,1,,,
Monroe Landing,8/5/14,8:25,9:25,11,1,,,
Monroe Landing,8/19/14,7:55,9:00,11,1,,,
Mutiny Sands,6/19/14,8:15,9:15,34,1,1,,
Mutiny Sands,6/25/14,8:05,9:05,11,3,2,,
Mutiny Sands,7/3/14,8:10,9:10,44,4,2,,
Mutiny Sands,7/10/14,8:00,9:00,7,5,2,,
Mutiny Sands,7/17/14,8:00,9:00,41,11,5,,
Mutiny Sands,7/24/14,8:05,9:05,30,11,1,,
Mutiny Sands,7/31/14,8:00,9:00,56,13,24,,
Mutiny Sands,8/7/14,7:50,8:50,4,13,1,,
Mutiny Sands,8/14/14,8:05,9:05,46,13,1,,
Mutiny Sands,8/21/14,7:54,8:54,2,13,,,
Mutiny Sands,8/28/14,7:40,8:40,1,13,,,
Mutiny Sands,9/4/14,7:49,8:15,0,13,,,
Possession Point,6/20/14,7:37,8:37,24,,,,
Possession Point,6/27/14,7:40,8:40,24,2,2,,
Possession Point,7/4/14,7:32,8:40,22,3,5,,
Possession Point,7/11/14,7:45,8:45,10,3,1,,
Possession Point,7/18/14,7:52,8:52,24,3,,,
Possession Point,7/25/14,7:20,8:29,16,3,1,,
Possession Point,8/1/14,7:42,8:47,21,3,,,
Possession Point,8/8/14,7:51,8:51,7,3,,,
Possession Point,8/15/14,7:40,8:40,21,3,,,
Possession Point,8/30/14,7:48,8:48,2,3,,,
Possession Point,8/22/14,7:45,8:45,4,3,,,
Possession Point,9/5/14,7:33,8:33,0,,,,
Pratts Bluff,6/20/14,8:15,9:15,26,2,,,
Pratts Bluff,6/26/14,7:49,8:49,13,11,23,,
Pratts Bluff,7/3/14,7:44,8:44,22,15,35,,
Pratts Bluff,7/10/14,7:48,8:48,,15,1,,
Pratts Bluff,7/17/14,7:40,8:40,18,15,2,,
Pratts Bluff,7/24/14,7:45,8:45,15,15,1,,
Pratts Bluff,7/31/14,7:40,8:40,26,15,,,
Pratts Bluff,8/7/14,7:34,8:40,25,15,,,
Pratts Bluff,8/14/14,7:35,8:35,25,15,,,
Rolling Hills #1,6/18/14,8:15,9:15,50,10,20,,
Rolling Hills #1,6/25/14,8:00,9:00,21,11,5,,
Rolling Hills #1,7/2/14,8:13,9:13,38,11,18,,
Rolling Hills #1,7/9/14,8:18,9:18,26,11,,,
Rolling Hills #1,7/16/14,8:18,9:18,43,11,11,,
Rolling Hills #1,7/23/14,8:15,9:15,16,12,2,,
Rolling Hills #1,7/30/14,8:00,9:00,40,14,63,,
Rolling Hills #1,8/6/14,8:06,9:06,20,14,,,
Rolling Hills #1,8/13/14,8:15,9:15,47,14,17,,
Rolling Hills #1,8/20/14,8:20,9:20,7,14,,,
Rolling Hills #1,8/27/14,8:10,9:10,2,14,,,
Rolling Hills #2,6/17/14,7:40,8:40,52,0,,,
Rolling Hills #2,6/23/14,7:05,8:05,28,0,,,
Rolling Hills #2,6/30/14,7:50,8:50,56,1,,,
Rolling Hills #2,7/7/14,8:35,9:25,46,1,,,
Rolling Hills #2,7/14/14,7:40,8:40,49,8,13,,
Rolling Hills #2,7/21/14,8:45,9:45,39,8,,,
Rolling Hills #2,7/28/14,7:35,8:35,54,8,2,,
Rolling Hills #2,8/11/14,7:00,8:00,55,8,9,,
Rolling Hills #2,8/22/14,7:42,8:42,44,8,,,
Rolling Hills #2,8/25/14,6:05,7:05,22,8,,,
Rolling Hills #2,9/1/14,7:45,8:45,0,8,,,
Rolling Hills #3,6/23/14,8:20,9:45,28,1,,,
Rolling Hills #3,6/30/14,8:35,9:50,38,3,,,
Rolling Hills #3,7/7/14,8:30,9:35,40,3,,,
Rolling Hills #3,7/15/14,8:45,9:45,60,3,,,
Rolling Hills #3,7/21/14,8:01,9:02,25,3,,,
Rolling Hills #3,8/5/14,8:25,9:25,45,3,,,
Rolling Hills #3,8/11/14,8:10,9:10,44,3,,,
Rolling Hills #3,8/18/14,8:45,9:45,51,3,,,
Shore Meadows,6/20/14,7:05,8:05,71,13,26,,
Shore Meadows,6/29/14,7:15,8:15,64,28,53,,
Shore Meadows,7/6/14,7:05,8:05,52,28,13,,
Shore Meadows,7/13/14,6:58,7:58,60,30,58,,
Shore Meadows,7/20/14,6:55,7:55,92,32,25,,
Shore Meadows,7/27/14,7:00,8:00,80,32,10,,
Shore Meadows,8/3/14,7:00,8:00,96,36,43,,
Shore Meadows,8/10/14,7:23,8:23,60,37,3,,
Shore Meadows,8/17/14,6:40,7:40,76,37,,,
Shore Meadows,8/24/14,7:10,8:10,22,37,,,
Shore Meadows,8/31/14,7:05,8:05,1,37,,,
Swantown,6/21/14,8:37,9:37,11,0,,,
Swantown,6/26/14,8:30,9:30,8,0,,,
Swantown,7/1/14,8:15,9:15,7,3,,,
Swantown,7/10/14,8:12,9:12,13,4,,,
Swantown,7/15/14,8:10,9:10,14,4,,,
Swantown,7/25/14,8:13,9:13,11,4,,,
Swantown,7/29/14,8:10,9:10,21,4,,,
Swantown,8/7/14,8:05,9:05,3,6,,,
Swantown,8/12/14,8:35,9:35,15,9,,,
Swantown,8/21/14,8:00,9:00,10,7,,,
Swantown,8/26/14,8:10,9:15,5,7,,,
Swantown,9/5/14,8:10,9:10,0,7,,,
Cliffside,6/28/10,8:00,9:10,10,6,1,,
Cliffside,7/3/10,8:15,9:30,23,6,,,
Cliffside,7/5/10,8:15,9:15,38,6,,,
Cliffside,7/13/10,10:00,11:05,2,6,,,
Cliffside,7/21/10,8:30,9:40,1,,,,
Double Bluff North,7/1/10,8:35,9:46,99,20,36,,
Double Bluff North,7/10/10,8:30,9:40,48,23,5,,
Double Bluff North,7/14/10,8:20,9:25,79,28,11,,
Double Bluff North,7/21/10,8:25,9:31,72,29,8,,
Double Bluff North,7/28/10,8:45,10:00,105,32,20,,
Double Bluff North,8/4/10,8:25,9:31,99,33,2,,
Double Bluff North,8/11/10,8:30,9:43,63,33,2,,
Double Bluff North,8/18/10,8:25,9:28,12,36,,,
Double Bluff North,8/25/10,8:23,9:30,34,36,,,
Forbes Point,6/28/10,8:30,9:30,18,,,,
Forbes Point,7/5/10,8:06,9:06,17,,,,
Forbes Point,7/12/10,7:25,8:25,20,2,,,
Forbes Point,7/18/10,7:43,8:43,16,3,2,,
Forbes Point,7/27/10,7:36,8:36,18,5,1,,
Forbes Point,8/2/10,7:56,8:56,17,5,,,
Forbes Point,8/7/10,7:26,8:26,13,5,,,
Forbes Point,8/16/10,7:28,8:28,22,5,,,
Forbes Point,8/24/10,7:44,8:44,9,5,,,
Fort Casey,6/27/10,8:40,10:10,50,1,,,
Fort Casey,7/7/10,8:40,9:45,20,4,1,,
Fort Casey,7/14/10,8:30,9:30,50,5,2,,
Fort Casey,7/24/10,8:30,9:30,40,7,1,,
Fort Casey,8/7/10,8:30,9:40,43,,,,
Fort Casey,8/1/10,8:30,9:30,50,10,27,,
Fort Casey,8/14/10,8:35,9:35,21,10,,,
Hastie Lake,6/24/10,8:45,9:45,23,1,1,,
Hastie Lake,7/8/10,8:45,9:45,41`,1,2,,
Hastie Lake,7/15/10,8:45,9:45,13,1,,,
Hastie Lake,7/22/10,8:30,9:45,29,4,2,,
Hastie Lake,7/29/10,8:30,9:45,32,5,1,,
Hastie Lake,8/5/10,8:30,9:30,16,5,,,
Hastie Lake,8/12/10,8:40,9:40,14,6,1,,
Hastie Lake,8/19/10,8:40,9:45,7,,,,
Hastie Lake,8/26/10,8:30,9:30,1,,,,
Hancock North,6/26/10,8:33,9:35,69,2,2,,
Hancock North,7/7/10,7:50,8:55,59,10,7,,
Hancock North,7/13/10,8:10,9:10,66,15,16,,
Hancock North,7/21/10,8:20,9:20,65,15,35,,
Hancock North,7/24/10,8:10,9:10,47,16,6,,
Hancock North,8/6/10,8:00,9:00,29,16,3,,
Hancock North,8/9/10,8:20,9:20,42,16,4,,
Hancock North,8/19/10,7:15,8:15,9,16,,,
Hancock North,8/24/10,8:42,9:42,3,,,,
Harrington North,6/29/10,7:08,9:20,27,4,6,,
Harrington North,7/6/10,7:20,8:20,32,4,,,
Harrington North,7/26/10,6:40,7:40,25,4,3,,
Harrington North,7/13/10,6:30,7:40,22,,1,,
Harrington North,7/20/10,6:20,7:30,24,,4,,
Harrington North,8/3/10,8:35,9:35,19,,,,
Harrington North,8/10/10,8:16,9:16,37,,,,
Harrington South,6/24/10,8:00,9:00,21,,,,
Harrington South,7/15/10,8:00,9:00,16,4,,,
Harrington South,7/22/10,8:00,9:00,13,4,,,
Harrington South,7/29/10,8:00,9:00,18,7,20,,
Harrington South,8/5/10,8:00,9:00,12,7,2,,
Harrington South,8/12/10,8:00,9:00,17,7,2,,
Keystone,6/28/10,8:00,9:05,45,,,,
Keystone,7/6/10,7:50,8:55,25,4,,,
Keystone,7/15/10,7:25,8:35,24,5,5,,
Keystone,7/19/10,8:18,9:30,24,8,,,
Keystone,7/28/10,7:40,8:45,25,8,1,,
Keystone,8/4/10,8:45,9:37,21,9,2,,
Keystone,8/18/10,7:50,8:50,20,,,,
Keystone,8/24/10,7:29,8:30,9,9,,,
Lagoon North #1,7/3/10,7:20,8:45,38,4,10,,
Lagoon North #1,7/10/10,6:45,7:50,53,4,3,,
Lagoon North #1,7/16/10,7:15,8:15,45,5,3,,
Lagoon North #1,7/20/10,7:20,8:20,49,7,5,,
Lagoon North #1,7/28/10,8:07,9:10,25,7,7,,
Lagoon North #1,8/13/10,7:10,8:10,49,,,,
Lagoon North #1,8/19/10,7:40,8:40,12,,,,
Lagoon North #2,6/29/10,8:30,9:45,8,1,,,
Lagoon North #2,7/6/10,8:00,9:30,9,2,,,
Lagoon North #2,7/16/10,8:20,9:45,9,2,,,
Lagoon North #2,7/22/10,8:20,9:25,14,2,,,
Lagoon North #2,7/30/10,8:30,8:35,12,2,,,
Lagoon North #2,8/3/10,8:35,9:40,9,2,,,
Lagoon North #3,7/1/10,,,18,0,,,
Lagoon North #3,7/6/10,,,23,5,,,
Lagoon North #3,7/14/10,,,28,5,16,,
Lagoon North #3,7/24/10,,,23,5,9,,
Lagoon North #3,7/29/10,,,15,5,2,,
Lagoon North #3,8/4/10,,,9,5,1,,
Lagoon North #3,8/11/10,8:00,9:00,14,5,,,
Lagoon South,6/29/10,8:45,9:55,37,6,8,,
Lagoon South,7/8/10,8:50,10:15,8,,,,
Lagoon South,7/15/10,8:45,10:00,28,,3,,
Lagoon South,7/22/10,8:45,10:00,4,6,9,,
Lagoon South,7/28/09,8:45,10:15,35,6,3,,
Lagoon South,8/5/10,8:40,10:00,24,6,9,,
Lagoon South,8/12/10,8:40,,44,6,1,,
Lagoon South,8/18/10,8:40,9:40,15,,,,
Lagoon South,8/26/10,8:25,9:35,21,,,,
Ledgewood,6/29/10,8:30,9:45,37,3,,,
Ledgewood,7/9/10,8:40,9:40,31,4,,,
Ledgewood,7/13/10,8:30,9:40,29,4,1,,
Ledgewood,7/19/10,8:30,9:40,36,5,1,,
Ledgewood,7/26/10,8:35,9:35,41,5,,,
Ledgewood,8/5/10,8:30,9:30,33,5,,,
Ledgewood,8/11/10,8:35,9:35,5,5,,,
Ledgewood,8/18/10,8:30,9:25,10,5,,,
Limpet Lane,6/24/10,7:30,8:30,10,,,,
Limpet Lane,6/30/10,,,28,2,2,,
Limpet Lane,7/8/10,7:45,8:45,0,,,,
Limpet Lane,7/14/10,7:45,8:45,28,4,2,,
Limpet Lane,7/21/10,7:40,8:40,18,4,4,,
Limpet Lane,7/28/10,7:50,8:50,35,4,,,
Limpet Lane,8/6/10,7:40,8:40,12,5,3,,
Limpet Lane,8/15/10,7:45,8:45,25,,3,,
Limpet Lane,8/21/10,7:45,8:20,13,,,,
Malmo Bluff,6/28/10,8:10,9:20,32,6,5,,
Malmo Bluff,7/8/10,7:45,8:55,8,8,,,
Malmo Bluff,7/15/10,7:55,,33,9,4,,
Malmo Bluff,7/22/10,8:20,9:30,25,9,,,
Malmo Bluff,7/30/10,8:25,9:45,29,10,1,,
Malmo Bluff,8/4/10,8:00,9:10,18,10,,,
Malmo Bluff,8/11/10,7:00,,40,10,,,
Malmo Bluff,8/24/10,6:10,7:10,13,10,,,
Maylor Point,6/28/10,8:45,10:01,18,4,1,,
Maylor Point,7/5/10,8:45,10:00,22,5,1,,
Maylor Point,7/11/10,8:40,9:41,2,,,,
Maylor Point,7/19/10,8:30,9:45,22,5,,,
Maylor Point,7/26/10,8:39,9:40,8,5,2,,
Maylor Point,8/2/10,8:56,10:10,127,6,3,,
Maylor Point,8/9/10,8:25,9:30,2,,,,
Maylor Point,8/16/10,,,53,,,,
Monroe Landing,6/28/10,8:10,9:10,12,,,,
Monroe Landing,7/5/10,8:05,9:05,10,1,,,
Monroe Landing,7/6/10,8:00,9:00,10,2,,,
Monroe Landing,7/17/10,8:40,9:40,14,3,1,,
Monroe Landing,7/19/10,8:40,9:45,,3,,,
Monroe Landing,8/2/10,8:00,9:00,15,3,,,
Mutiny Sands,6/29/10,8:45,9:50,32,6,9,,
Mutiny Sands,7/6/10,6:45,7:45,24,8,1,,
Mutiny Sands,7/13/10,8:25,9:25,24,10,3,,
Mutiny Sands,7/21/10,8:10,9:10,6,10,,,
Mutiny Sands,7/27/10,8:15,9:15,26,,1,,
Mutiny Sands,8/3/10,8:40,9:40,32,,,,
Mutiny Sands,8/11/10,8:15,9:15,17,,,,
Mutiny Sands,8/18/10,8:30,9:30,6,,,,
Mutiny Sands,8/24/10,8:45,9:45,9,,,,
Possession Point,6/27/10,8:40,9:50,24,2,1,,
Possession Point,7/4/10,8:35,9:45,20,4,3,,
Possession Point,7/11/10,8:10,9:15,15,4,,,
Possession Point,7/18/10,8:11,9:23,20,6,7,,
Possession Point,7/25/10,8:40,10:10,5,6,,,
Possession Point,8/1/10,8:45,9:55,25,6,11,,
Possession Point,8/9/10,8:45,9:50,3,6,,,
Possession Point,8/15/10,8:16,9:20,17,6,,,
Pratts Bluff,7/2/10,8:02,9:10,37,6,,,
Pratts Bluff,7/8/10,7:46,8:46,20,6,,,
Pratts Bluff,7/15/10,7:45,8:45,30,6,,,
Pratts Bluff,7/22/10,7:50,8:50,12,7,,,
Pratts Bluff,7/29/10,7:45,8:45,27,7,3,,
Pratts Bluff,8/5/10,7:40,8:40,14,7,,,
Pratts Bluff,8/12/10,7:40,,24,7,2,,
Pratts Bluff,8/19/10,7:45,8:45,7,7,,,
Rolling Hills #1,6/22/10,8:30,9:30,40,1,,,
Rolling Hills #1,6/29/10,7:45,8:45,30,11,16,,
Rolling Hills #1,7/6/10,8:15,9:15,45,,8,,
Rolling Hills #1,7/13/10,8:25,8:25,30,,,,
Rolling Hills #1,7/18/10,8:15,9:15,50,,1,,
Rolling Hills #1,7/20/10,8:05,9:10,35,,,,
Rolling Hills #1,7/27/10,6:45,7:45,45,,1,,
Rolling Hills #1,7/27/10,8:45,9:45,35,,,,
Rolling Hills #1,8/3/10,7:40,8:40,30,15,1,,
Rolling Hills #1,8/19/10,8:10,9:10,40,,17,,
Rolling Hills #1,8/5/10,8:00,0:00,36,,,,
Rolling Hills #1,8/10/10,8:00,9:00,37,,2,,
Rolling Hills #1,8/17/10,8:20,9:20,3,,,,
Rolling Hills #1,8/24/10,7:50,8:50,5,,,,
Rolling Hills #2,6/29/10,7:45,8:45,39,5,15,,
Rolling Hills #2,7/5/10,8:20,10:00,39,,2,,
Rolling Hills #2,7/12/10,8:30,9:40,25,6,,,
Rolling Hills #2,7/19/10,8:45,10:00,51,6,,,
Rolling Hills #2,7/26/10,8:35,10:25,28,7,,,
Rolling Hills #2,8/4/10,8:00,9:00,31,7,,,
Rolling Hills #2,8/9/10,7:45,9:00,6,7,,,
Shore Meadows,6/24/109,7:35,,56,,,,
Shore Meadows,7/1/10,9:05,10:05,71,,2,,
Shore Meadows,7/8/10,8:20,9:20,47,,2,,
Shore Meadows,7/16/10,7:55,8:55,75,8,1,,
Shore Meadows,7/23/10,7:55,8:55,48,,1,,
Shore Meadows,7/29/10,8:25,9:25,60,9,,,
Shore Meadows,8/5/10,8:23,9:23,43,9,,,
Shore Meadows,6/28/10,8,9,71,4,7,,
Shore Meadows,7/5/10,8:00,9:10,57,,6,,
Shore Meadows,7/12/10,8:50,9:25,61,,1,,
Shore Meadows,7/19/10,7:45,9:15,72,,,,
Shore Meadows,7/23/10,8:00,9:00,41,,2,,
Shore Meadows,8/2/10,7:30,9:00,81,15,,,
Shore Meadows,8/9/10,7:40,9:00,56,,,,
Shore Meadows,8/12/10,,,55,,3,,
Shore Meadows,8/16/10,,,76,,,,
Shore Meadows,8/19/10,7:51,8:51,20,10,,,
Shore Meadows,8/26/09,7:56,8:56,10,10,,,
Swantown,7/1/10,8:45,9:45,27,,,,
Swantown,7/8/10,8:45,,9,1,,,
Swantown,7/14/10,8:40,9:45,21,2,,,
Swantown,7/21/1010,7:56,8:56,15,2,,,
Swantown,7/29/10,8:55,10:15,29,3,,,
Swantown,8/5/10,8:50,9:50,22,1,,,
Swantown,8/13/10,8:15,9:30,23,,,,
Swantown,8/19/10,8:35,9:45,7,,,,
Cliffside,6/28/11,7:40,8:40,23,3,3,,
Cliffside,7/6/11,8:05,9:05,18,5,5,,
Cliffside,7/12/11,8:30,9:30,23,,,,
Cliffside,7/18/11,8:10,9:10,15,5,,,
Cliffside,7/29/11,8:00,9:00,5,5,,,
Cliffside,8/3/11,8:00,9:00,33,7,8,,
Cliffside,8/11/11,7:45,9:00,12,7,,,
Cliffside,8/15/11,8:00,9:00,22,7,2,,
Crescent Harbor,6/29/11,7:50,9:00,15,,,,
Crescent Harbor,7/5/11,7:20,8:30,12,,,,
Crescent Harbor,7/12/11,7:30,8:30,4,0,,,
Double Bluff South,6/27/11,8:30,9:30,12,,,,
Double Bluff South,7/4/11,8:15,9:15,17,2,,,
Double Bluff South,7/12/11,8:25,9:25,15,2,,,
Double Bluff South,7/19/11,7:45,8:45,18,2,,,
Double Bluff South,7/25/11,7:45,8:45,10,2,,,
Double Bluff South,8/2/11,8:10,9:10,13,2,2,,
Double Bluff South,8/12/11,8:00,9:00,18,2,,,
Double Bluff North,7/1/11,8:25,9:35,14,2,1,,
Double Bluff North,7/7/11,8:28,940,90,11,17,,
Double Bluff North,7/14/11,8:25,9:38,64,19,6,,
Double Bluff North,7/21/11,8:20,9:25,87,23,1,,
Double Bluff North,7/28/11,8:25,9:33,78,24,,,
Double Bluff North,8/4/11,8:35,9:48,89,26,22,,
Double Bluff North,8/11/11,8:05,9:20,44,27,1,,
Double Bluff North,8/18/11,8:15,9:20,101,28,10,,
Double Bluff North,8/25/11,8:15,9:18,10,28,,,
Double Bluff North,9/1/11,8:25,9:25,5,28,,,
Forbes Point,6/27/11,7:30,8:30,14,,,,
Forbes Point,7/4/11,7:05,8:05,27,4,6,,
Forbes Point,7/11/11,7:00,8:00,11,4,,,
Forbes Point,7/19/11,7:08,9:08,27,7,11,,
Forbes Point,7/25/11,8:03,9:03,27,7,,,
Forbes Point,8/1/11,7:04,8:04,31,8,6,,
Forbes Point,8/10/11,7:05,8:05,33,8,,,
Forbes Point,8/16/11,7:10,8:10,28,8,1,,
Forbes Point,8/23/11,7:38,8:38,7,8,,,
Fort Casey,6/25/11,8:40,9:40,50,1,1,,
Fort Casey,7/2/11,8:40,9:45,46,2,,,
Fort Casey,7/12/11,8:05,9:05,55,2,,,
Fort Casey,7/19/11,8:40,9:40,60,5,3,,
Fort Casey,7/23/11,8:45,9:45,40,5,2,,
Fort Casey,7/30/11,8:40,9:45,25,6,,,
Fort Casey,8/6/11,8:40,9:50,40,6,,,
Fort Casey,8/17/11,8:35,9:35,45,6,,,
Fort Casey,8/21/11,8:40,9:40,32,6,,,
Fort Casey,8/30/11,8:45,9:45,5,6,,,
Harrington North,7/1/11,8:25,9:25,9,1,,,
Harrington North,7/8/11,8:00,9:00,18,2,1,,
Harrington North,7/12/11,8:28,9:28,15,3,,,
Harrington North,7/21/11,7:55,8:55,22,4,,,
Harrington North,7/28/11,8:15,9:15,25,4,,,
Harrington North,8/3/11,7:30,8:30,17,4,,,
Harrington North,8/11/11,8:05,9:05,20,4,,,
Harrington South,6/29/11,8:05,9:05,14,1,,,
Harrington South,7/6/11,8:35,9:35,18,6,8,,
Harrington South,7/14/11,8:20,9:30,12,7,,,
Harrington South,7/21/11,7:15,8:45,19,7,,,
Harrington South,7/28/11,8:15,9:15,7,7,,,
Harrington South,8/4/11,8:25,9:25,14,7,,,
Harrington South,8/12/11,8:00,9:00,20,7,,,
Hastie Lake,6/30/11,8:40,9:50,33,,,,
Hastie Lake,7/7/11,8:40,9:55,22,1,1,,
Hastie Lake,7/14/11,8:40,10:10,35,2,,,
Hastie Lake,7/21/11,8:40,10:15,28,2,,,
Hastie Lake,7/28/11,8:30,10:15,20,2,,,
Hastie Lake,8/4/11,8:45,10:00,10,2,,,
Hastie Lake,8/11/11,7:55,9:50,30,2,,,
Hastie Lake,8/18/11,8:50,10:50,12,2,,,
Hastie Lake,8/25/11,8:30,9:30,0,2,,,
Keystone,6/26/11,8:25,9:25,25,1,1,,
Keystone,7/4/11,7:20,8:20,25,3,,,
Keystone,7/12/11,7:45,8:45,32,5,,,
Keystone,7/19/11,8:05,9:05,27,7,2,,
Keystone,7/27/11,8:10,9:13,32,8,,,
Keystone,8/1/11,8:35,9:25,32,9,,,
Keystone,8/8/11,8:37,9:40,31,10,,,
Keystone,8/15/11,8:22,9:30,45,10,1,,
Keystone,8/22/11,8:19,8:25,27,10,,,
Lagoon North #1,6/29/11,7:40,8:45,53,3,6,,
Lagoon North #1,7/17/11,7:45,10:15,54,7,4,,
Lagoon North #1,7/26/11,,,49,7,16,,
Lagoon North #1,8/1/11,7:50,9:15,49,7,22,,
Lagoon North #1,8/7/11,,,52,7,16,,
Lagoon North #1,8/12/11,7:40,10:30,53,7,19,,
Lagoon North #1,8/29/11,8:10,9:30,47,,,,
Lagoon North #2,6/28/11,8:25,9:40,10,1,1,,
Lagoon North #2,7/9/11,8:30,9:35,7,1,,,
Lagoon North #2,7/13/11,8:35,9:45,15,3,3,,
Lagoon North #2,7/19/11,8:45,9:50,11,3,,,
Lagoon North #2,7/25/11,8:05,9:05,11,3,3,,
Lagoon North #2,8/1/11,8:07,9:07,11,3,,,
Lagoon North #2,8/10/11,8:45,9:50,16,3,2,,
Lagoon North #2,8/16/11,8:45,9:50,11,3,,,
Lagoon North #3,6/28/11,9:20,10:20,8,,,,
Lagoon North #3,7/5/11,9:20,10:20,3,,,,
Lagoon North #3,7/12/11,9:07,10:10,20,3,4,,
Lagoon North #3,7/19/11,9:00,10:05,24,5,6,,
Lagoon North #3,7/26/11,8:55,10:05,29,5,20,,
Lagoon North #3,8/3/11,9:00,10:05,28,5,3,,
Lagoon North #3,8/10/11,9:00,10:10,,,,,
Lagoon North #3,8/16/11,9:00,10:05,18,5,,,
Lagoon South,6/28/11,8:30,10:15,13,,,,
Lagoon South,7/5/11,8:30,10:20,33,9,6,,
Lagoon South,7/12/11,8:45,10:15,13,12,5,,
Lagoon South,7/19/11,8:45,10:20,35,13,25,,
Lagoon South,7/26/11,8:45,10:20,37,15,1,,
Lagoon South,8/2/11,8:40,10:10,33,17,13,,
Lagoon South,8/9/11,8:45,10:00,25,17,2,,
Lagoon South,8/16/11,8:45,9:45,50,17,2,,
Lagoon South,8/23/11,8:45,9:35,3,18,,,
Lagoon South,8/30/11,8:45,9:45,2,,,,
Ledgewood,6/23/11,6:05,7:00,38,1,1,,
Ledgewood,7/1/11,8:10,9:20,40,2,5,,
Ledgewood,7/9/10,7:00,8:00,33,2,1,,
Ledgewood,7/14/11,7:30,8:52,30,2,4,,
Ledgewood,7/20/11,8:30,9:30,38,2,2,,
Ledgewood,7/28/11,7:03,8:03,20,2,,,
Ledgewood,8/6/11,7:45,8:45,33,2,,,
Ledgewood,8/11/11,7:45,8:45,46,,,,
Limpet Lane,7/1/11,8:30,9:30,19,,,,
Limpet Lane,7/8/11,8:35,9:35,25,,,,
Limpet Lane,7/13/11,7:50,8:50,15,2,,,
Limpet Lane,7/22/11,8:45,9:45,23,2,,,
Limpet Lane,8/5/11,7:45,8:45,21,5,,,
Limpet Lane,8/11/11,8:40,9:40,31,5,,,
Limpet Lane,8/17/11,8:20,9:20,32,6,,,
Limpet Lane,8/25/11,8:50,9:50,8,6,,,
Lake Hancock,7/1/11,8:25,9:25,76,3,4,,
Lake Hancock,7/8/11,7:35,8:35,86,5,5,,
Lake Hancock,7/15/11,8:15,9:15,63,7,6,,
Lake Hancock,7/22/11,7:05,8:10,85,9,1,,
Lake Hancock,7/29/11,7:40,8:50,83,11,10,,
Lake Hancock,8/6/11,7:20,8:25,81,12,5,,
Lake Hancock,8/10/11,8:02,9:02,34,12,,,
Lake Hancock,8/22/11,8:00,9:00,4,12,,,
Malmo Bluff,7/1/11,8:13,9:35,25,6,5,,
Malmo Bluff,7/7/11,8:12,9:40,38,10,6,,
Malmo Bluff,7/15/11,7:30,8:45,28,13,8,,
Malmo Bluff,7/20/11,9:00,"11""00",45,13,2,,
Malmo Bluff,7/28/11,8:55,10:25,13,13,2,,
Malmo Bluff,8/3/11,8:20,9:20,43,13,1,,
Malmo Bluff,8/11/11,8:45,10:15,37,13,,,
Malmo Bluff,8/18/11,8:45,9:45,35,13,,,
Maylor Point,6/27/11,8:45,10:10,5,3,2,,
Maylor Point,7/4/11,8:56,10:15,19,4,2,,
Maylor Point,7/11/11,,,12,4,1,,
Maylor Point,7/18/11,9:10,10:10,17,4,,,
Maylor Point,7/25/11,9:35,10:35,19,4,,,
Maylor Point,8/1/11,9:11,10:06,28,4,,,
Maylor Point,8/8/11,9:13,10:13,29,5,4,,
Maylor Point,8/16/11,8:57,10:10,9,5,,,
Maylor Point,8/22/11,9:17,10:17,4,,,,
Monroe Landing,7/1/11,8:00,9:00,4,,,,
Monroe Landing,7/8/11,7:30,8:30,9,,,,
Monroe Landing,7/15/11,7:50,8:50,9,1,,,
Monroe Landing,7/21/11,8:00,9:40,11,2,,,
Monroe Landing,8/4/11,8:00,9:00,6,2,,,
Monroe Landing,8/13/11,7:30,8:39,13,3,,,
Monroe Landing,8/17/11,7:30,8:30,7,3,5,,
Monroe Landing,8/24/11,8:00,9:00,12,3,,,
Mutiny Sands,6/28/11,8:50,10:05,9,2,2,,
Mutiny Sands,7/5/11,8:05,10:45,33,7,4,,
Mutiny Sands,7/12/11,8:45,10:00,7,9,,,
Mutiny Sands,7/21/11,8:15,9:50,40,10,4,,
Mutiny Sands,7/26/11,8:47,9:52,15,10,1,,
Mutiny Sands,8/1/11,8:45,9:50,17,11,2,,
Mutiny Sands,8/9/11,8:45,9:55,11,11,1,,
Mutiny Sands,8/16/11,8:50,9:50,33,11,,,
Mutiny Sands,8/23/11,8:50,9:50,0,11,,,
Possession Point,7/1/11,7:40,9:40,15,2,,,
Possession Point,7/3/11,8:24,9:24,15,2,2,,
Possession Point,7/10/11,8:25,9:25,25,4,1,,
Possession Point,7/17/11,8:24,9:25,16,4,,,
Possession Point,7/24/11,8:24,9:24,24,5,1,,
Possession Point,7/31/11,8:25,9:25,32,5,,,
Possession Point,8/6/11,8:25,9:25,29,6,2,,
Possession Point,8/14/11,8:30,9:30,21,6,,,
Pratts Bluff,7/1/11,8:45,9:45,18,4,4,,
Pratts Bluff,7/9/11,7:35,8:35,28,5,4,,
Pratts Bluff,7/15/11,8:00,9:00,23,8,10,,
Pratts Bluff,7/22/11,8:15,9:15,23,8,,,
Pratts Bluff,7/29/11,8:00,9:00,22,,23,,
Pratts Bluff,8/5/11,8:15,9:15,30,9,,,
Pratts Bluff,8/12/11,8:05,9:05,25,9,14,,
Pratts Bluff,8/19/11,8:10,8:45,7,9,,,
Rolling Hills #1,6/23/11,8:40,9:40,17,3,2,,
Rolling Hills #1,7/1/11,8:25,9:25,15,4,,,
Rolling Hills #1,7/8/11,8:40,10:00,30,8,1,,
Rolling Hills #1,7/15/11,8:20,9:20,20,8,2,,
Rolling Hills #1,7/22/11,7:55,8:55,45,12,6,,
Rolling Hills #1,7/29/11,8:30,9:30,18,12,,,
Rolling Hills #1,8/5/11,8:13,9:13,21,12,,,
Rolling Hills #1,8/12/11,,,26,12,,,
Rolling Hills #1,8/19/11,8:10,9:10,26,12,,,
Rolling Hills #2,7/2/11,7:00,9:00,42,1,,,
Rolling Hills #2,7/9/11,8:45,10:45,40,3,,,
Rolling Hills #2,7/17/11,8:00,9:45,14,5,1,,
Rolling Hills #2,7/24/11,7:00,8:15,39,5,,,
Rolling Hills #2,7/30/11,8:45,10:15,16,6,,,
Rolling Hills #2,8/6/11,7:35,8:35,45,6,,,
Rolling Hills #2,8/8/11,6:45,8:45,33,6,,,
Rolling Hills #2,8/13/11,6:55,9:30,52,,,,
Rolling Hills #2,8/21/11,7:45,9:30,20,6,,,
Shore Meadows,6/27/11,7:30,9:00,71,1,,,
Shore Meadows,7/3/11,7:30,9:00,38,4,,,
Shore Meadows,7/9/11,7:30,9:00,45,12,8,,
Shore Meadows,7/16/11,7:30,9:05,35,12,,,
Shore Meadows,7/30/11,7:45,,66,22,7,,
Shore Meadows,8/7/11,,,70,22,,,
Shore Meadows,8/14/11,7:30,9:15,67,22,,,
Swantown,6/29/11,8:24,9:24,18,,,,
Swantown,7/8/11,8:27,9:27,28,,,,
Swantown,7/13/11,8:38,9:38,27,1,,,
Swantown,7/19/11,8:50,9:55,20,1,,,
Swantown,7/27/11,8:30,,30,1,,,
Swantown,8/2/11,8:35,9:35,30,1,,,
Swantown,8/10/11,8:30,,5,1,,,
Swantown,8/15/11,8:30,9:45,16,2,,,
Swantown,8/24/11,8:28,9:28,14,2,,,
Swantown,8/31/11,,,19,2,,,
Cliffside,6/25/12,7:30,8:30,23,,,,
Cliffside,7/2/12,7:30,8:30,9,2,2,,
Cliffside,7/9/12,7:00,8:00,29,3,3,,
Cliffside,7/16/12,7:45,8:45,6,3,2,,
Cliffside,7/23/12,8:00,9:00,21,4,,,
Cliffside,7/31/12,7:20,8:20,1,4,,,
Cliffside,8/6/12,7:20,8:20,29,7,3,,
Cliffside,8/14/12,7:45,8:45,6,7,,,
Cliffside,8/21/12,7:30,8:30,11,7,,,
Cliffside,8/27/12,7:35,8:35,0,7,,,
Double Bluff South,7/9/12,7:15,8:15,8,2,3,,
Double Bluff South,7/16/12,8:00,9:00,6,2,,,
Double Bluff South,7/24/12,6:55,7:55,13,2,,,
Double Bluff South,8/3/12,8:15,9:15,3,2,,,
Double Bluff North,6/27/12,8:30,9:35,83,4,6,,
Double Bluff North,7/6/12,8:18,9:30,86,13,26,,
Double Bluff North,7/13/12,8:25,9:35,77,14,2,,
Double Bluff North,7/21/12,8:15,9:28,83,14,10,,
Double Bluff North,7/27/12,8:15,9:10,54,14,1,,
Double Bluff North,8/2/12,8:23,9:36,26,14,2,,
Double Bluff North,8/10/12,8:16,9:30,60,14,,,
Double Bluff North,8/16/12,8:12,9:12,22,15,,,
Double Bluff North,8/24/12,8:15,9:15,20,15,,,
Double Bluff North,8/31/12,8:15,9:18,5,15,,,
Forbes Point,6/26/12,7:25,9:00,24,3,6,,
Forbes Point,7/4/12,7:28,8:28,21,5,10,,
Forbes Point,7/10/12,7:30,8:50,32,5,1,,
Forbes Point,7/17/12,7:30,8:50,12,5,3,,
Forbes Point,7/24/12,7:27,8:50,29,6,,,
Forbes Point,7/30/12,7:35,8:45,13,6,1,,
Forbes Point,8/7/12,7:20,8:40,31,6,11,,
Forbes Point,8/14/12,7:30,8:30,4,6,,,
Forbes Point,8/20/12,7:30,8:30,20,6,,,
Fort Casey North,6/25/12,8:30,9:30,35,1,,,
Fort Casey North,7/4/12,8:45,9:45,39,2,1,,
Fort Casey North,7/14/12,8:20,8:40,31,7,8,,
Fort Casey North,7/21/12,8:55,9:55,61,9,3,,
Fort Casey North,7/27/12,8:50,9:50,48,10,1,,
Fort Casey North,8/5/12,8:55,9:55,50,10,,,
Harrington North,6/27/12,8:08,9:08,12,3,2,,
Harrington North,7/5/12,6:20,7:20,28,5,,,
Harrington North,7/11/12,7:35,8:35,26,5,,,
Harrington North,7/19/12,8:00,9:00,23,5,,,
Harrington North,7/25/12,7:00,8:00,27,5,1,,
Harrington North,8/1/12,6:50,7:50,22,5,,,
Harrington North,8/7/12,8:15,9:15,13,5,,,
Harrington South,6/24/12,8:55,9:55,17,5,8,,
Harrington South,7/3/12,8:40,9:40,9,6,1,,
Harrington South,7/10/12,8:50,9:50,11,6,1,,
Harrington South,7/16/12,7:20,8:20,17,6,,,
Harrington South,7/21/12,9:00,10:00,24,6,,,
Harrington South,7/30/12,8:15,9:15,8,6,,,
Harrington South,8/6/12,8:45,9:45,28,6,,,
Harrington South,8/14/12,8:35,9:35,8,6,,,
Harrington South,8/20/12,8:35,9:35,12,6,,,
Hastie Lake South,6/27/12,8:15,9:40,22,3,4,,
Hastie Lake South,7/5/12,8:15,9:45,28,4,,,
Hastie Lake South,7/12/12,8:30,9:40,15,4,2,,
Hastie Lake South,7/19/12,8:35,9:45,11,5,,,
Hastie Lake South,7/26/12,8:30,10:15,14,5,1,,
Hastie Lake South,8/2/12,8:40,10:00,15,5,,,
Hastie Lake South,8/9/12,8:30,9:40,14,5,,,
Hastie Lake South,8/16/12,8:30,9:40,4,5,,,
Hastie Lake South,8/30/12,8:45,9:45,1,5,,,
Hastie Lake South,9/6/12,8:30,9:30,0,5,,,
Hastie Lake North,6/26/12,7:45,8:45,12,,,,
Hastie Lake North,7/3/12,7:45,8:45,6,,,,
Hastie Lake North,7/9/12,7:45,8:45,15,2,2,,
Hastie Lake North,7/17/12,7:45,8:45,13,2,,,
Hastie Lake North,7/24/12,6:45,7:45,19,2,,,
Hastie Lake North,7/31/12,7:50,8:50,8,2,,,
Hastie Lake North,8/7/12,7:45,8:45,24,4,8,,
Keystone,6/27/12,8:45,9:05,53,1,,,
Keystone,7/4/12,7:56,8:50,52,4,,,
Keystone,7/13/12,8:00,9:00,52,5,1,,
Keystone,7/19/12,8:00,9:00,58,7,,,
Keystone,7/25/12,8:00,9:00,53,7,,,
Keystone,8/1/12,8:28,9:28,30,7,,,
Keystone,8/8/12,8:55,9:55,37,7,,,
Keystone,8/15/12,7:49,8:50,25,7,,,
Lagoon North #1,6/28/12,8:05,,31,2,2,,
Lagoon North #1,7/6/12,8:53,10:15,46,4,6,,
Lagoon North #1,7/13/12,8:05,9:30,63,5,4,,
Lagoon North #1,7/20/12,8:50,9:25,61,,,,
Lagoon North #1,7/27/12,8:05,,51,5,3,,
Lagoon North #1,8/10/12,8:00,10:00,82,,,,
Lagoon North #1,8/6/12,8:04,10:10,61,,16,,
Lagoon North #1,8/17/12,8:00,9:05,54,,,,
Lagoon North #2,6/29/12,8:45,10:00,9,2,1,,
Lagoon North #2,7/6/12,8:30,9:45,14,2,2,,
Lagoon North #2,7/13/12,8:30,9:30,10,2,,,
Lagoon North #2,7/17/12,8:15,9:15,11,2,,,
Lagoon North #2,7/27/12,8:30,9:45,9,2,1,,
Lagoon North #2,8/3/12,8:40,9:45,7,2,,,
Lagoon North #2,8/10/12,8:30,9:45,7,2,,,
Lagoon North #2,8/17/12,8:40,9:40,10,2,,,
Lagoon North #3,6/24/12,7:45,Aug-45,26,5,43,,
Lagoon North #3,7/4/12,7:45,9:00,34,5,17,,
Lagoon North #3,7/10/12,7:45,8:45,25,5,2,,
Lagoon North #3,7/17/12,7:45,8:45,25,5,1,,
Lagoon North #3,7/24/12,7:30,8:30,15,5,1,,
Lagoon North #3,7/31/12,7:30,8:30,16,5,9,,
Lagoon North #3,8/7/12,7:25,8:25,14,5,,,
Lagoon North #3,8/14/12,7:20,8:20,15,5,,,
Lagoon South,6/28/12,8:20,10:15,31,1,1,,
Lagoon South,7/4/12,8:35,10:20,26,7,5,,
Lagoon South,7/19/12,8:40,10:15,34,13,7,,
Lagoon South,7/12/12,8:30,10:15,32,,8,,
Lagoon South,7/26/12,8:45,10:10,46,19,20,,
Lagoon South,8/2/12,8:40,10:15,39,19,61,,
Lagoon South,8/9/12,8:40,10:15,48,19,6,,
Lagoon South,8/16/12,8:40,9:50,12,19,,,
Lagoon South,8/23/12,8:40,9:50,18,19,,,
Lake Hancock,6/27/12,7:45,8:45,66,16,36,,
Lake Hancock,7/4/12,7:45,8:45,76,18,9,,
Lake Hancock,7/9/12,6:05,7:05,63,19,6,,
Lake Hancock,7/21/12,7:50,8:50,76,25,50,,
Lake Hancock,7/26/12,6:50,7:50,85,25,17,,
Lake Hancock,8/2/12,7:30,8:30,85,26,29,,
Lake Hancock,8/9/12,7:30,8:30,88,26,10,,
Lake Hancock,8/16/12,7:30,8:30,89,27,21,,
Lake Hancock,8/24/12,7:30,8:30,16,27,,,
Lake Hancock,9/1/12,7:30,8:30,0,27,,,
Ledgewood,6/29/12,7:50,8:50,17,3,3,,
Ledgewood,7/4/12,7:50,8:59,35,6,14,,
Ledgewood,7/13/12,7:50,8:50,41,7,6,,
Ledgewood,7/17/12,8:05,9:15,42,9,20,,
Ledgewood,7/26/12,7:50,8:50,41,9,1,,
Ledgewood,7/30/12,7:45,8:45,41,9,1,,
Ledgewood,8/11/12,8:05,9:10,29,9,3,,
Ledgewood,8/17/12,8:00,9:00,39,9,,,
Ledgewood,8/22/12,8:50,10:00,21,9,,,
Ledgewood,9/1/12,8:35,9:40,16,9,,,
Ledgewood,9/7/12,8:10,9:15,5,9,,,
Ledgewood,9/16/12,8:00,9:00,0,9,,,
Limpet Lane,6/28/12,8:55,9:55,13,,,,
Limpet Lane,7/6/12,8:45,9:55,24,2,7,,
Limpet Lane,7/13/12,9:00,10:00,17,2,1,,
Limpet Lane,7/16/12,9:00,10:00,9,2,1,,
Limpet Lane,7/27/12,8:45,9:45,25,4,2,,
Limpet Lane,8/3/12,8:55,,18,4,3,,
Limpet Lane,8/7/12,9:00,10:00,26,8,,,
Limpet Lane,8/10/12,,,20,8,,,
Limpet Lane,8/30/12,8:55,10:00,3,8,,,
Malmo Bluff,6/27/12,8:55,9:55,31,3,,,
Malmo Bluff,7/5/12,8:50,9:55,50,10,8,,
Malmo Bluff,7/12/12,8:35,9:45,21,11,,,
Malmo Bluff,7/18/12,8:50,9:55,25,11,,,
Malmo Bluff,7/24/12,8:30,9:35,43,11,,,
Malmo Bluff,8/2/12,8:35,9:40,36,11,,,
Malmo Bluff,8/12/12,8:15,,20,11,,,
Malmo Bluff,8/25/12,8:45,9:45,0,,,,
Monroe Landing,6/26/12,8:29,9:29,7,1,1,,
Monroe Landing,7/4/12,8:40,9:40,6,1,,,
Monroe Landing,7/11/12,8:35,9:35,8,1,,,
Monroe Landing,7/18/12,8:35,9:35,6,1,,,
Monroe Landing,7/24/12,8:25,9:25,13,1,,,
Monroe Landing,7/31/12,7:55,8:55,4,1,,,
Monroe Landing,8/7/12,7:35,8:35,11,1,,,
Monroe Landing,8/14/12,8:45,9:45,13,1,,,
Monroe Landing,8/21/12,8:00,9:00,15,1,,,
Monroe Landing,8/28/12,7:45,8:45,0,1,,,
Mutiny Sands,6/28/12,8:45,9:45,18,3,3,,
Mutiny Sands,7/1/12,8:30,9:30,15,3,,,
Mutiny Sands,7/12/12,8:45,9:45,25,7,11,,
Mutiny Sands,7/16/12,7:40,8:35,18,8,,,
Mutiny Sands,7/23/12,8:41,9:41,31,11,12,,
Mutiny Sands,7/30/12,8:45,9:45,13,11,,,
Mutiny Sands,8/5/12,8:40,9:40,37,11,5,,
Mutiny Sands,8/20/12,8:18,9:18,22,11,,,
Mutiny Sands,8/27/12,8:15,9:00,0,,,,
Pratts Bluff,6/27/12,8:00,9:00,25,7,16,,
Pratts Bluff,7/4/12,7:50,8:55,24,8,3,,
Pratts Bluff,7/11/12,7:45,8:45,21,9,,,
Pratts Bluff,7/21/12,7:50,8:50,28,11,3,,
Pratts Bluff,8/1/12,7:45,8:45,25,11,1,,
Pratts Bluff,8/7/12,7:55,,14,11,,,
Pratts Bluff,8/15/12,7:45,8:45,11,,,,
Possession Point,6/29/12,7:50,8:50,28,4,4,,
Possession Point,7/6/12,7:42,8:42,29,6,1,,
Possession Point,7/15/12,7:39,8:39,20,6,1,,
Possession Point,7/22/12,7:43,8:43,30,6,10,,
Possession Point,7/31/12,7:40,8:44,18,7,,,
Possession Point,8/5/12,7:00,8:45,36,7,1,,
Possession Point,8/20/12,7:31,8:35,10,,,,
Rolling Hills #1,6/26/12,8:18,9:18,26,5,1,,
Rolling Hills #1,7/3/12,8:00,9:00,23,8,,,
Rolling Hills #1,7/10/12,7:30,8:30,41,13,16,,
Rolling Hills #1,7/18/12,7:15,8:15,28,13,,,
Rolling Hills #1,7/24/12,8:00,9:00,33,14,1,,
Rolling Hills #1,7/31/12,8:00,9:00,11,14,,,
Rolling Hills #1,8/7/12,8:12,9:12,45,14,9,,
Rolling Hills #1,8/14/12,8:10,9:10,25,14,,,
Rolling Hills #1,8/21/12,8:00,9:00,10,,,,
Rolling Hills #2,6/26/12,8:35,9:45,35,1,,,
Rolling Hills #2,7/2/12,8:05,9:45,32,1,,,
Rolling Hills #2,7/9/12,8:25,9:50,47,2,2,,
Rolling Hills #2,7/16/12,8:06,9:13,25,2,,,
Rolling Hills #2,7/26/12,7:45,9:05,36,2,,,
Rolling Hills #2,7/30/12,7:25,8:00,33,2,,,
Rolling Hills #2,8/6/12,7:00,8:12,48,2,,,
Rolling Hills #2,8/13/12,7:00,9:15,48,2,,,
Shore Meadows,7/1/12,7:45,9:15,64,4,2,,
Shore Meadows,7/8/12,7:30,9:00,52,4,,,
Shore Meadows,7/15/12,7:30,9:00,47,8,,,
Shore Meadows,7/22/12,7:30,9:00,62,11,,,
Shore Meadows,7/29/12,7:30,9:00,62,12,,,
Shore Meadows,8/5/12,7:30,9:00,78,14,,,
Shore Meadows,8/12/12,7:00,8:15,37,14,,,
Shore Meadows,8/19/12,8:00,9:00,55,14,,,
Shore Meadows,8/26/12,8:00,9:00,47,14,,,
Swantown,6/28/12,8:10,9:10,31,,,,
Swantown,7/5/12,8:45,9:45,9,,,,
Swantown,7/12/12,8:15,9:15,12,1,,,
Swantown,7/19/12,8:10,9:10,19,2,,,
Swantown,7/27/12,8:07,9:10,21,2,,,
Swantown,8/3/12,8:15,9:15,18,2,,,
Swantown,8/9/12,8:15,9:15,18,3,,,
Swantown,8/16/12,8:15,9:15,8,3,,,
Swantown,8/24/12,7:45,8:45,0,,,,
Cliffside,6/25/13,7:30,8:30,15,1,2,,
Cliffside,7/2/13,7:45,8:45,14,1,1,,
Cliffside,7/10/13,7:10,8:10,7,1,1,,
Cliffside,7/15/13,7:10,8:10,17,3,3,,
Cliffside,7/22/13,7:20,8:20,7,6,4,,
Cliffside,7/29/13,7:30,8:30,21,6,8,,
Cliffside,8/9/13,7:45,8:45,26,8,7,,
Cliffside,8/12/13,7:30,8:30,29,9,7,,
Cliffside,8/19/13,7:40,8:40,11,9,2,,
Cliffside,8/26/13,7:30,8:30,14,9,1,,
Coupeville Wharf,6/24/13,7:30,8:30,6,1,1,,
Coupeville Wharf,7/2/13,8:00,9:00,9,1,,,
Coupeville Wharf,7/10/13,7:55,8:55,8,4,9,,
Coupeville Wharf,7/16/13,8:10,9:10,11,4,5,,
Coupeville Wharf,7/25/13,8:15,9:15,11,4,2,,
Coupeville Wharf,7/30/13,7:45,8:45,15,4,1,,
Coupeville Wharf,8/6/13,8:00,9:00,12,4,,,
Coupeville Wharf,8/12/13,7:45,8:45,10,4,,,
Coupeville Wharf,8/19/13,7:45,8:45,5,4,,,
Double Bluff North,6/26/13,8:30,9:39,45,3,3,,
Double Bluff North,7/3/13,8:20,9:30,61,14,11,,
Double Bluff North,7/10/13,8:20,9:26,45,19,7,,
Double Bluff North,7/17/13,8:15,9:20,40,20,3,,
Double Bluff North,7/24/13,8:24,9:25,42,20,21,,
Double Bluff North,7/31/13,8:10,9:15,40,21,4,,
Double Bluff North,8/7/13,8:10,9:15,61,21,1,,
Double Bluff North,8/14/13,8:10,9:20,42,21,,,
Double Bluff North,8/21/13,8:19,9:20,13,21,,,
Double Bluff South,6/27/13,9:00,10:00,9,2,3,,
Double Bluff South,7/4/13,8:58,9:58,20,2,,,
Double Bluff South,7/11/13,8:23,9:23,18,2,,,
Double Bluff South,7/19/13,8:11,9:11,20,3,1,,
Double Bluff South,7/24/13,8:19,9:19,8,3,4,,
Double Bluff South,7/31/13,8:30,9:30,19,3,,,
Double Bluff South,8/8/13,8:00,9:00,5,3,,,
Forbes Point,6/28/13,7:17,8:18,15,1,1,,
Forbes Point,7/5/13,7:41,8:41,8,2,1,,
Forbes Point,7/10/13,7:28,8:28,19,3,,,
Forbes Point,7/18/13,7:15,8:15,11,3,,,
Forbes Point,7/24/13,7:20,8:20,23,3,3,,
Forbes Point,7/31/13,7:20,8:20,17,3,,,
Forbes Point,8/8/13,7:20,8:20,26,4,4,,
Forbes Point,8/15/13,7:10,8:10,5,4,,,
Forbes Point,8/22/13,7:25,8:25,11,4,,,
Fort Casey,6/23/13,8:45,9:45,57,0,,,
Fort Casey,6/29/13,8:45,9:45,27,2,,,
Fort Casey,7/8/13,7:40,8:40,54,3,1,,
Fort Casey,7/16/13,7:55,8:55,45,6,1,,
Fort Casey,7/24/13,8:30,9:30,30,6,1,,
Fort Casey,8/4/13,8:55,9:55,25,6,,,
Fort Casey,8/11/13,8:55,9:55,41,8,2,,
Fort Casey,8/17/13,8:45,9:45,30,8,,,
Fort Casey,8/23/13,8:45,9:45,6,8,,,
Fort Casey,8/31/13,8:50,9:50,3,8,,,
Harrington North,6/28/13,7:50,8:50,10,2,,,
Harrington North,7/3/13,7:15,8:15,4,2,,,
Harrington North,7/11/13,7:40,8:40,14,3,1,,
Harrington North,7/17/13,8:50,9:50,6,3,,,
Harrington North,7/24/13,8:00,9:00,15,3,,,
Harrington North,7/30/13,8:30,9:30,20,3,,,
Harrington North,8/7/13,8:00,9:00,13,3,,,
Harrington North,8/26/13,7:55,8:40,0,,,,
Harrington South,6/24/13,8:45,9:45,9,,,,
Harrington South,7/1/13,7:45,8:45,9,3,3,,
Harrington South,7/7/13,8:15,9:15,8,3,,,
Harrington South,7/15/13,8:40,9:40,12,3,,,
Harrington South,7/22/13,7:55,8:55,11,3,,,
Harrington South,7/29/13,8:45,9:45,14,3,,,
Harrington South,8/5/13,8:40,9:40,12,3,,,
Harrington South,8/12/13,8:10,9:10,13,3,,,
Harrington South,8/19/13,&:30,8:30,8,3,,,
Hastie Lake North,6/26/13,7:00,8:00,21,,,,
Hastie Lake North,7/3/13,7:00,8:00,6,,,,
Hastie Lake North,7/10/13,7:00,8:00,17,3,2,,
Hastie Lake North,7/17/13,7:00,8:00,17,3,1,,
Hastie Lake North,7/24/13,7:00,8:00,17,3,,,
Hastie Lake North,7/31/13,7:00,8:00,3,3,1,,
Hastie Lake North,8/7/13,7:00,8:00,15,3,,,
Hastie Lake North,8/21/13,7:00,8:00,11,3,,,
Hastie Lake North,8/28/134,7:00,8:00,0,,,,
Hastie Lake South,6/30/13,8:00,9:00,20,1,,,
Hastie Lake South,7/3/13,8:15,9:40,13,4,2,,
Hastie Lake South,7/11/13,8:30,9:30,26,6,12,,
Hastie Lake South,7/18/13,8:45,9:45,19,6,,,
Hastie Lake South,7/25/13,8:30,9:30,13,6,,,
Hastie Lake South,8/1/13,8:40,9:40,15,7,1,,
Hastie Lake South,8/14/13,8:25,9:25,20,8,,,
Hastie Lake South,8/22/13,8:30,9:30,9,8,,,
Hastie Lake South,8/29/13,8:35,9:35,2,8,,,
Keystone,6/26/13,7:44,7:50,43,,,,
Keystone,7/3/13,6:50,7:50,47,,,,
Keystone,7/11/13,7:27,8:26,37,3,,,
Keystone,7/18/13,8:15,9:14,47,5,,,
Keystone,7/26/13,8:15,9:15,38,5,,,
Keystone,7/31/13,7:05,8:05,42,7,,,
Keystone,8/7/13,8:08,9:08,55,7,,,
Keystone,8/14/13,7:33,8:33,11,7,,,
Lagoon North #1,6/28/13,8:30,10:00,75,11,31,,
Lagoon North #1,7/5/13,8:45,10:00,85,11,22,,
Lagoon North #1,7/11/13,8:50,10:00,86,11,8,,
Lagoon North #1,7/19/13,8:50,10:00,77,11,17,,
Lagoon North #1,7/25/13,8:50,10:00,86,12,58,,
Lagoon North #1,8/2/13,8:50,10:00,72,13,23,,
Lagoon North #1,8/9/13,8:50,10:00,61,13,2,,
Lagoon North #1,8/16/13,8:45,10:00,9,13,,,
Lagoon North #1,8/23/13,8:45,10:00,23,13,,,
Lagoon North #2,6/26/13,8:30,9:30,9,2,9,,
Lagoon North #2,7/2/13,8:30,9:30,9,2,2,,
Lagoon North #2,7/10/13,8:30,9:30,14,2,5,,
Lagoon North #2,7/16/13,8:15,9:15,17,2,,,
Lagoon North #2,7/23/13,8:25,9:25,14,2,,,
Lagoon North #2,7/31/13,8:40,9:40,14,2,,,
Lagoon North #2,8/9/13,8:25,9:25,21,2,,,
Lagoon North #2,8/16/13,8:30,9:30,9,2,,,
Lagoon North #2,8/20/13,8:30,9:30,1,2,,,
Lagoon North #3,6/29/13,8:15,9:30,12,1,,,
Lagoon North #3,7/5/13,8:15,9:15,14,1,1,,
Lagoon North #3,7/14/13,7:30,8:30,11,1,,,
Lagoon North #3,7/20/13,8:15,9:15,18,1,,,
Lagoon North #3,7/27/13,7:45,8:45,17,2,2,,
Lagoon North #3,8/3/13,8:15,9:15,9,2,,,
Lagoon North #3,8/12/13,8:20,9:20,14,2,,,
Lagoon North #3,8/19/13,8:30,9:30,1,2,,,
Lagoon South,6/24/13,8:45,10:30,18,,,,
Lagoon South,7/2/13,8:40,10:10,30,1,,,
Lagoon South,7/9/13,8:45,9:45,47,6,7,,
Lagoon South,7/15/13,8:45,9:45,43,20,33,,
Lagoon South,7/22/13,8:45,9:45,18,20,5,,
Lagoon South,7/31/13,8:45,9:45,41,20,1,,
Lagoon South,8/5/13,8:45,9:45,45,20,,,
Lagoon South,8/13/13,8:45,9:45,40,20,,,
Ledgewood,6/26/13,8:30,9:35,29,8,15,,
Ledgewood,7/3/13,8:45,9:45,26,10,1,,
Ledgewood,7/9/13,8:30,9:35,35,11,6,,
Ledgewood,7/15/13,7:50,9:00,38,11,1,,
Ledgewood,7/24/13,8:40,9:50,33,11,,,
Ledgewood,7/31/13,8:05,9:10,38,11,1,,
Ledgewood,8/9/13,8:45,9:52,40,11,,,
Ledgewood,8/15/13,8:40,9:40,28,12,,,
Ledgewood,8/23/13,8:26,9:26,21,12,,,
Ledgewood,8/31/13,8:32,9:32,4,12,,,
Ledgewood,9/7/13,8:12,9:12,1,12,,,
Limpet Lane,6/24/13,7:15,8:30,16,,,,
Limpet Lane,7/1/13,7:15,8:30,15,1,1,,
Limpet Lane,7/8/13,7:30,8:30,31,1,,,
Limpet Lane,7/24/13,7:30,8:30,16,4,8,,
Lake Hancock,6/24/13,7:30,8:30,69,5,6,,
Lake Hancock,7/3/13,7:30,8:30,71,5,1,,
Lake Hancock,7/10/13,8:00,9:00,72,6,1,,
Lake Hancock,7/17/13,7:25,8:25,75,10,15,,
Lake Hancock,7/22/13,7:30,8:30,74,19,66,,
Lake Hancock,7/30/13,7:30,8:30,30,20,48,,
Lake Hancock,8/6/13,7:30,8:30,64,21,47,,
Lake Hancock,8/16/13,7:30,8:30,22,23,1,,
Lake Hancock,8/22/13,7:20,8:20,61,23,1,,
Lake Hancock,8/28/13,7:30,8:30,9,23,,,
Lake Hancock,9/4/13,7:30,8:30,2,23,,,
Malmo Bluff,6/24/13,8:40,9:45,35,6,3,,
Malmo Bluff,7/6/13,8:25,9:25,40,15,24,,
Malmo Bluff,7/11/13,8:20,9:20,43,16,3,,
Malmo Bluff,7/18/13,8:15,9:15,39,16,,,
Malmo Bluff,7/25/13,8:10,9:10,47,16,3,,
Malmo Bluff,8/1/13,8:11,9:11,27,16,,,
Malmo Bluff,8/7/13,8:15,9:15,35,16,,,
Malmo Bluff,8/13/13,8:00,9:00,35,16,,,
Malmo Bluff,8/22/13,8:40,9:40,7,16,,,
Malmo Bluff,8/29/13,8:30,9:30,0,16,,,
Maylor Point,7/2/13,7:21,8:21,10,1,,,
Maylor Point,7/9/13,7:26,8:26,24,2,3,,
Maylor Point,7/17/13,7:20,8:20,4,3,,,
Maylor Point,7/21/13,7:21,8:21,8,3,,,
Maylor Point,8/1/13,7:22,8:22,13,3,,,
Maylor Point,8/6/13,8:16,9:16,10,3,,,
Maylor Point,8/14/13,8:00,9:00,5,3,,,
Monroe Landing,6/25/13,8:15,9:15,2,,,,
Monroe Landing,7/1/13,8:53,9:53,4,2,1,,
Monroe Landing,7/11/13,8:00,9:00,9,2,,,
Monroe Landing,7/17/13,8:00,9:00,9,2,,,
Monroe Landing,7/24/13,7:40,8:40,16,2,,,
Monroe Landing,7/31/13,8:30,9:30,12,2,,,
Monroe Landing,8/6/13,8:30,9:30,12,2,,,
Monroe Landing,8/13/13,7:50,8:50,16,2,,,
Mutiny Sands,6/26/13,8:08,9:10,20,1,1,,
Mutiny Sands,7/4/13,8:00,9:00,5,4,1,,
Mutiny Sands,7/11/13,8:10,9:10,28,7,7,,
Mutiny Sands,7/18/13,7:40,8:40,13,7,,,
Mutiny Sands,7/25/13,8:00,9:00,28,11,14,,
Mutiny Sands,8/1/13,7:35,8:35,32,11,2,,
Mutiny Sands,8/6/13,7:35,8:35,24,11,,,
Mutiny Sands,8/15/13,7:35,8:35,15,11,,,
Mutiny Sands,8/22/13,7:50,8:50,34,11,,,
Mutiny Sands,8/29/13,8:00,8:45,0,11,,,
Possession Point,6/23/13,8:05,9:15,18,3,2,,
Possession Point,6/28/13,7:40,8:50,29,3,1,,
Possession Point,7/5/13,8:00,9:00,23,4,3,,
Possession Point,7/17/13,7:45,8:45,33,5,3,,
Possession Point,7/19/13,7:45,8:45,16,5,,,
Possession Point,7/26/13,,,25,5,7,,
Possession Point,8/2/13,7:30,8:30,3,6,,,
Possession Point,8/11/13,7:45,8:45,33,6,,,
Pratts Bluff,6/26/13,8:00,9:00,25,10,12,,
Pratts Bluff,7/3/13,8:00,9:00,36,15,34,,
Pratts Bluff,7/10/13,7:40,8:40,26,16,36,,
Pratts Bluff,7/17/13,7:30,8:30,11,17,3,,
Pratts Bluff,7/24/13,7:50,8:50,43,17,9,,
Pratts Bluff,8/3/13,7:37,8:37,19,17,,,
Pratts Bluff,8/9/13,7:42,8:42,30,17,2,,
Pratts Bluff,8/14/13,7:45,,11,,,,
Pratts Bluff,8/21/13,7:45,8:45,0,,,,
Rolling Hills #1,6/26/13,6:20,7:20,31,2,,,
Rolling Hills #1,7/3/13,8:07,9:07,32,4,,,
Rolling Hills #1,7/10/13,8:20,9:20,26,12,45,,
Rolling Hills #1,7/17/13,8:20,9:20,22,12,,,
Rolling Hills #1,7/24/13,6:05,7:05,28,12,2,,
Rolling Hills #1,7/31/13,8:12,9:12,37,12,,,
Rolling Hills #1,8/7/13,8:04,9:04,38,12,,,
Rolling Hills #1,8/14/13,8:04,9:04,27,12,,,
Rolling Hills #1,8/21/13,8:04,9:04,18,12,,,
Rolling Hills #1,8/28/13,8:17,9:17,1,12,,,
Rolling Hills #1,9/4/13,8:00,9:00,0,12,,,
Rolling Hills #2,6/25/13,7:30,8:30,38,1,,,
Rolling Hills #2,7/2/13,7:30,8:30,46,4,,,
Rolling Hills #2,7/9/13,7:40,8:40,36,5,2,,
Rolling Hills #2,7/16/13,7:00,8:00,46,7,,,
Rolling Hills #2,7/24/13,7:10,8:10,32,8,22,,
Rolling Hills #2,7/30/13,7:30,8:30,57,10,,,
Rolling Hills #2,8/7/13,7:15,8:15,51,12,3,,
Rolling Hills #2,8/14/13,7:25,8:25,43,12,,,
Rolling Hills #2,8/20/13,7:10,8:10,19,12,,,
Rolling Hills #2,8/27/13,7:42,,4,12,,,
Rolling Hills #2,9/5/13,8:00,9:00,2,12,,,
Shore Meadows,6/26/13,8:27,9:27,48,4,4,,
Shore Meadows,7/3/13,7:32,8:32,36,7,4,,
Shore Meadows,7/10/13,7:25,8:25,57,10,9,,
Shore Meadows,7/16/13,6:25,7:25,69,,,,
Shore Meadows,7/24/13,7:30,8:30,67,14,16,,
Shore Meadows,7/31/13,7:40,8:40,67,16,10,,
Shore Meadows,8/7/13,7:25,8:25,59,17,2,,
Shore Meadows,8/16/13,8:00,9:00,52,17,5,,
Shore Meadows,8/21/13,7:30,8:30,8,17,,,
Shore Meadows,8/28/13,7:40,8:40,3,17,,,
Swantown,6/26/13,8:08,9:08,17,1,1,,
Swantown,7/2/13,8:10,9:10,6,1,,,
Swantown,7/11/13,8:25,,21,3,,,
Swantown,7/19/13,8:05,9:05,,,,,
Swantown,7/23/13,8:10,9:10,7,4,,,
Swantown,8/1/13,8:10,9:10,11,4,,,
Swantown,8/8/13,8:15,9:15,22,4,,,
Swantown,8/16/13,8:10,9:10,5,4,,,
Swantown,8/20/13,8:10,9:10,0,4,,,
Cliffside,6/28/09,8:15,9:15,35,9,,,
Cliffside,7/6/09,8:30,9:30,10,11,,,
Cliffside,7/13/09,8:42,9:42,41,13,,,
Cliffside,7/21/09,8:20,9:20,30,13,,,
Cliffside,8/5/09,8:25,9:25,18,13,,,
Cliffside,8/11/09,8:35,9:35,48,13,,,
Cliffside,8/17/09,8:15,9:15,,,,,
Crescent Harbor,6/29/09,8:20,9:50,10,1,,,
Crescent Harbor,7/6/09,8:30,9:30,5,2,,,
Crescent Harbor,7/14/09,7:50,8:52,18,2,,,
Crescent Harbor,7/20/09,8:30,9:30,10,3,,,
Crescent Harbor,7/27/09,8:05,9:05,15,3,,,
Crescent Harbor,8/3/09,8:00,9:00,7,3,,,
Crescent Harbor,8/10/09,8:05,9:05,6,3,,,
Crescent Harbor,8/17/09,8:08,9:10,9,3,,,
Double Bluff North,6/30/09,8:50,10:20,72,23,,,
Double Bluff North,7/7/09,8:45,10:00,93,27,,,
Double Bluff North,7/14/09,8:45,9:53,117,33,,,
Double Bluff North,7/20/09,8:30,9:40,65,36,,,
Double Bluff North,7/30/09,8:37,9:50,110,37,,,
Double Bluff North,8/5/09,8:44,9:52,56,37,,,
Double Bluff North,8/11/09,7:45,8:55,118,37,,,
Double Bluff North,8/19/09,8:35,9:42,35,37,,,
Double Bluff South,7/15/09,9:35,10:35,15,2,,,
Double Bluff South,7/22/09,6:50,7:50,18,3,,,
Double Bluff South,7/29/09,7:58,9:00,20,3,,,
Double Bluff South,8/3/09,7:30,8:30,18,4,,,
Double Bluff South,8/17/09,8:00,9:00,6,4,,,
Fort Casey,6/29/09,8:40,9:40,30,3,,,
Fort Casey,7/9/09,9:50,9:50,35,5,,,
Fort Casey,7/16/09,8:30,9:30,30,6,,,
Fort Casey,7/27/09,8:40,9:40,32,6,,,
Fort Casey,8/7/09,8:45,9:45,44,8,,,
Fort Casey,8/10/09,8:55,9:55,55,8,,,
Fort Casey,8/17/09,8:40,9:40,25,6,,,
Fort Casey,6/24/09,8:00,9:00,11,4,,,
Fort Casey,7/1/09,8:00,9:00,18,5,,,
Fort Casey,7/9/09,8:00,9:00,21,6,,,
Fort Casey,7/15/09,8:00,9:00,14,7,,,
Fort Casey,7/22/09,8:00,9:00,24,7,,,
Fort Casey,7/29/09,8:00,9:00,20,7,,,
Fort Casey,8/5/09,8:00,9:00,16,7,,,
Fort Casey,8/12/09,8:00,9:00,21,7,,,
Fort Casey,8/19/09,6:00,7:00,11,,,,
Fort Casey,8/7/09,8:50,9:50,22,,,,
Fort Casey,8/8/09,6:50,7:50,24,,,,
Fort Casey,8/17/09,7:20,8:20,9,,,,
Fort Casey,7/2/09,7:45,8:45,18,3,,,
Fort Casey,7/10/09,7:40,8:45,20,3,,,
Fort Casey,7/17/09,7:30,8:45,22,6,,,
Fort Casey,7/27/09,8:20,9:40,19,9,,,
Fort Casey,8/3/09,8:10,9:10,18,9,,,
Fort Casey,8/10/09,7:30,8:30,20,9,,,
Fort Casey,8/16/09,7:30,8:30,19,9,,,
Hastie Lake,6/30/09,8:45,9:50,36,5,,,
Hastie Lake,7/8/09,8:30,9:45,12,5,,,
Hastie Lake,7/16/09,8:45,9:55,26,6,,,
Hastie Lake,7/21/09,8:50,10:10,30,6,,,
Hastie Lake,7/29/09,8:15,9:30,33,8,,,
Hastie Lake,8/3/09,8:20,9:10,3,9,,,
Hastie Lake,8/15/09,8:45,10:30,39,9,,,
Keystone,7/1/09,8:00,9:00,27,1,,,
Keystone,7/10/09,7:25,8:25,28,5,,,
Keystone,7/15/09,7:15,8:15,16,5,,,
Keystone,7/25/09,7:15,8:15,39,5,,,
Keystone,7/31/09,8:15,9:20,34,5,,,
Keystone,8/6/09,7:52,8:55,32,,,,
Keystone,8/20/09,7:58,9:00,28,,,,
Lagoon North #1,6/27/09,8:45,9:50,46,3,,,
Lagoon North #1,7/4/09,8:00,10:00,31,5,,,
Lagoon North #1,7/5/09,8:30,9:30,40,6,,,
Lagoon North #1,7/13/09,8:30,9:30,36,6,,,
Lagoon North #1,7/19/09,8:15,9:15,42,9,,,
Lagoon North #1,7/25/09,8:50,9:50,57,11,,,
Lagoon North #1,8/1/09,8:55,9:55,37,13,,,
Lagoon North #1,8/8/09,8:20,9:20,64,13,,,
Lagoon North #1,8/15/09,8:30,9:30,16,13,,,
Lagoon North #2,7/18/09,8:00,8:30,14,3,,,
Lagoon North #2,7/26/09,7:10,7:30,8,3,,,
Lagoon North #2,8/1/09,8:30,10:50,15,3,,,
Lagoon North #2,8/9/09,8:45,10:00,18,3,,,
Lagoon North #2,8/16/09,8:00,9:00,4,3,,,
Lagoon North #3,7/26/09,7:35,8:30,26,5,,,
Lagoon North #3,7/27/09,8:30,9:30,16,5,,,
Lagoon North #3,8/1/09,8:34,10:50,22,5,,,
Lagoon North #3,8/9/09,10:15,11:00,26,5,,,
Lagoon North #3,8/16/09,8:50,9:30,5,5,,,
Lagoon South,6/30/09,8:15,9:15,35,1,,,
Lagoon South,7/3/09,7:30,8:30,57,3,,,
Lagoon South,7/8/09,8:00,9:00,52,3,,,
Lagoon South,7/14/09,8:00,9:00,46,10,,,
Lagoon South,7/29/09,8:00,9:30,33,10,,,
Lagoon South,7/22/09,8:00,9:00,56,10,,,
Lagoon South,8/5/09,7:45,8:45,45,10,,,
Lagoon South,8/12/09,7:50,8:50,43,10,,,
Lagoon South,8/18/09,7:30,8:20,10,10,,,
Lake Hancock,7/1/09,8:00,9:00,65,0,,,
Lake Hancock,7/7/09,8:09,9:09,69,3,,,
Lake Hancock,7/17/09,8:18,9:18,42,8,,,
Lake Hancock,7/21/09,7:40,8:40,63,9,,,
Lake Hancock,7/31/09,7:35,8:35,50,9,,,
Lake Hancock,8/4/09,8:25,9:25,73,10,,,
Lake Hancock,8/16/09,8:05,9:05,15,,,,
Ledgewood,7/1/09,8:15,9:02,26,3,,,
Ledgewood,7/7/09,8:45,10:05,25,12,,,
Ledgewood,7/17/09,8:55,10:15,39,12,,,
Ledgewood,7/23/09,8:10,9:45,38,12,,,
Ledgewood,7/29/09,8:30,9:30,36,12,,,
Ledgewood,8/8/09,8:20,9:30,36,12,,,
Ledgewood,8/11/09,8:25,9:25,26,12,,,
Ledgewood,8/18/09,6:50,8:50,20,12,,,
Ledgewood,8/26/09,7:50,8:59,5,12,,,
Ledgewood,9/1/09,8:15,9:15,4,12,,,
Limpet Lane,7/14/09,8:45,9:45,32,2,,,
Limpet Lane,7/20/09,8:50,9:50,4,3,,,
Limpet Lane,7/28/09,8:55,9:55,23,3,,,
Limpet Lane,8/2/09,8:50,9:50,15,3,,,
Limpet Lane,8/16/09,8:50,9:50,4,3,,,
Malmo Bluff,7/3/09,9:00,10:00,6,1,,,
Malmo Bluff,7/10/09,9:00,10:00,22,2,,,
Malmo Bluff,7/17/09,8:40,9:40,30,4,,,
Malmo Bluff,7/25/09,8:45,9:45,16,7,,,
Malmo Bluff,7/31/09,9:00,10:05,25,,,,
Malmo Bluff,8/7/09,9:00,10:00,20,12,,,
Malmo Bluff,8/15/09,8:40,9:40,18,12,,,
Malmo Bluff,8/23/09,9:00,10:00,3,12,,,
Maylor Point,7/14/09,8:30,9:30,21,4,,,
Maylor Point,7/20/09,8:45,10:45,6,4,,,
Maylor Point,7/27/09,9:15,10:45,20,4,,,
Maylor Point,8/4/09,8:54,10:01,10,5,,,
Maylor Point,8/10/09,7:56,9:00,24,5,,,
Maylor Point,8/17/09,8:08,9:56,0,5,,,
Monroe Landing,7/3/09,8:30,9:30,4,,,,
Monroe Landing,7/11/09,8:30,9:40,13,,,,
Monroe Landing,7/18/09,8:15,9:30,7,3,,,
Monroe Landing,7/25/09,8:10,9:30,13,5,,,
Monroe Landing,8/6/09,8:15,9:30,8,5,,,
Monroe Landing,8/8/09,8:10,9:40,8,5,,,
Monroe Landing,8/15/09,8:10,9:10,26,5,,,
Monroe Landing,8/22/09,8:10,9:10,5,5,,,
Mutiny Sands,7/1/09,7:30,8:30,17,1,,,
Mutiny Sands,7/8/09,6:50,8:00,34,1,,,
Mutiny Sands,7/15/09,7:20,8:30,45,7,,,
Mutiny Sands,7/21/09,6:45,8:00,29,7,,,
Mutiny Sands,7/28/09,6:50,7:50,40,10,,,
Mutiny Sands,8/7/09,8:10,9:10,41,10,,,
Mutiny Sands,8/18/09,6:45,7:45,11,10,,,
Pratts Bluff,6/28/09,8:46,10:00,18,6,,,
Pratts Bluff,7/4/09,8:45,9:45,15,3,,,
Pratts Bluff,7/11/09,8:48,9:45,22,,,,
Pratts Bluff,7/18/09,8:46,9:45,30,12,,,
Pratts Bluff,7/25/09,8:45,9:45,,,,,
Pratts Bluff,8/1/09,8:45,9:45,18,8,,,
Pratts Bluff,8/8/09,8:45,9:45,16,8,,,
Pratts Bluff,8/15/09,8:45,9:45,14,11,,,
Possession Point,6/28/09,8:30,10:00,21,4,,,
Possession Point,7/5/09,8:40,9:40,18,4,,,
Possession Point,7/12/09,8:44,9:44,22,6,,,
Possession Point,7/19/09,7:55,8:55,20,7,,,
Possession Point,7/26/09,8:40,9:56,26,6,,,
Possession Point,8/2/09,8:20,9:26,16,6,,,
Possession Point,8/4/09,9:00,10:00,4,6,,,
Possession Point,8/14/09,8:45,11:15,15,6,,,
Rolling Hills #1,7/2/09,8:20,9:30,19,14?,,,
Rolling Hills #1,7/8/09,8:15,9:10,27,14,,,
Rolling Hills #1,7/16/09,8:30,9:30,,,,,
Rolling Hills #1,7/23/09,8:20,9:25,32,,,,
Rolling Hills #1,7/31/09,7:45,8:30,15,,,,
Rolling Hills #1,8/7/09,8:00,9:00,39,,,,
Rolling Hills #1,8/14/09,8:45,9:45,30,,,,
Rolling Hills #2,6/30/09,8:45,10:15,33,6,,,
Rolling Hills #2,7/7/09,8:45,10:10,28,9,,,
Rolling Hills #2,7/14/09,8:45,9:45,50,11,,,
Rolling Hills #2,7/21/09,8:30,9:30,42,12,,,
Rolling Hills #2,7/28/09,8:45,9:50,46,12,,,
Rolling Hills #2,8/4/09,8:45,10:15,19,12,,,
Rolling Hills #2,8/11/09,8:45,10:15,45,12,,,
Rolling Hills #2,8/18/09,8:45,9:45,6,12,,,
Shore Meadows,6/30/09,7:55,8:55,73,4,,,
Shore Meadows,7/7/09,7:45,8:45,71,12,,,
Shore Meadows,7/14/09,8:00,9:00,67,22,,,
Shore Meadows,7/21/09,8:00,9:00,65,25,,,
Shore Meadows,7/28/09,8:00,9:00,82,26,,,
Shore Meadows,8/1/09,8:00,9:00,44,,,,
Shore Meadows,8/4/09,7:45,8:45,63,26,,,
Shore Meadows,8/11/09,7:50,8:54,57,,,,
Shore Meadows,8/18/09,8:00,9:00,29,26,,,
Shore Meadows,8/23/09,8:05,9:05,6,27,,,
Shore Meadows,8/27/09,8:00,9:00,74,,,,
Shore Meadows,9/1/09,8:00,,0,,,,
Swantown,7/2/09,8:38,9:50,20,4,,,
Swantown,7/10/09,8:07,9:07,26,4,,,
Swantown,7/17/09,8:03,9:07,25,4,,,
Swantown,7/24/09,8:40,9:40,24,4,,,
Swantown,7/29/09,7:55,9:02,24,6,,,
Swantown,8/8/09,8:25,9:25,22,6,,,
Swantown,8/14/09,8:40,9:40,20,6,,,
Swantown,8/21/09,8:40,9:40,12,6,,,
Cliffside,6/23/08,8:50,9:50,47,3,,,
Cliffside,6/30/08,8:30,9:30,6,6,,,
Cliffside,7/7/08,8:36,9:36,41,7,,,
Cliffside,7/11/08,8:45,9:45,18,11,,,
Cliffside,7/21/08,8:35,9:35,51,11,,,
Cliffside,7/28/08,8:35,9:35,6,11,,,
Cliffside,8/4/08,8:43,9:43,23,,,,
Crescent Harbor,6/28/08,6:30,7:30,14,9,,,
Crescent Harbor,7/5/08,7:00,8:00,11,9,,,
Crescent Harbor,7/14/08,8:00,9:00,12,9,,,
Crescent Harbor,7/19/08,8:00,9:00,8,9,,,
Crescent Harbor,7/30/08,7:00,8:00,10,9,,,
Crescent Harbor,8/6/08,7:00,8:00,12,,,,
Double Bluff North,6/26/08,8:15,10:45,66,7,,,
Double Bluff North,7/3/08,8:00,9:30,25,10,,,
Double Bluff North,7/10/08,8:15,10:30,101,19,,,
Double Bluff North,7/18/08,8:30,12:45,67,21,,,
Double Bluff North,7/24/08,8:15,10:25,95,24,,,
Double Bluff North,7/30/08,8:00,9:55,84,25,,,
Double Bluff North,8/7/08,7:55,9:30,93,25,,,
Double Bluff North,8/15/08,7:55,9:50,24,27,,,
Double Bluff South,6/28/08,8:25,9:30,20,0,,,
Double Bluff South,7/7/08,7:30,8:30,23,0,,,
Double Bluff South,7/15/08,8:30,9:30,16,0,,,
Double Bluff South,7/23/08,8:00,9:00,24,0,,,
Forbes Point,6/26/08,8:40,9:54,18,,,,
Forbes Point,7/5/08,8:40,9:50,11,,,,
Forbes Point,7/9/08,8:40,9:55,17,1,,,
Forbes Point,7/17/08,8:20,9:40,3,,,,
Forbes Point,7/24/08,8:45,9:50,16,5,,,
Forbes Point,8/4/08,8:40,10:00,28,5,,,
Forbes Point,8/7/08,8:40,10:00,21,7,,,
Fort Casey,6/27/08,8:40,9:40,30,,,,
Fort Casey,7/2/08,8:45,9:45,19,1,,,
Fort Casey,7/9/08,8:55,9:55,25,3,,,
Fort Casey,7/21/08,9:00,10:00,48,5,,,
Fort Casey,7/26/08,8:55,9:55,30,,,,
Fort Casey,8/1/08,8:55,9:55,18,,,,
Harrington North,6/24/08,8:46,9:46,10,3,,,
Harrington North,7/3/08,7:40,8:40,21,7,,,
Harrington North,7/9/08,7:30,8:30,30,,,,
Harrington North,7/18/08,9:30,11:05,25,,,,
Harrington North,7/25/08,8:56,10:00,40,12,,,
Harrington South,6/24/08,8:40,10:00,18,1,,,
Harrington South,7/2/08,8:35,9:35,18,2,,,
Harrington South,7/11/08,7:00,8:10,18,5,,,
Harrington South,7/18/08,7:45,8:45,17,7,,,
Harrington South,7/25/08,7:05,8:05,33,3,,,
Harrington South,7/30/08,7:10,8:10,38,6,,,
Hastie Lake,6/29/08,8:45,9:45,29,1,,,
Hastie Lake,7/6/08,8:15,9:15,30,2,,,
Hastie Lake,7/12/08,8:15,9:15,31,2,,,
Hastie Lake,7/16/08,8:40,10:31,26,2,,,
Hastie Lake,7/23/08,8:30,9:45,31,2,,,
Hastie Lake,7/30/08,8:40,9:45,15,,,,
Hastie Lake,8/6/08,8:45,9:30,16,2,,,
Keystone,6/22/08,7:35,8:35,32,,,,
Keystone,6/29/08,7:00,8:00,9,2,,,
Keystone,7/6/08,7:00,8:00,41,4,,,
Keystone,7/12/08,8:14,9:15,16,5,,,
Keystone,7/19/08,7:29,8:30,20,6,,,
Keystone,7/27/08,8:00,9:00,22,6,,,
Keystone,8/3/08,7:15,8:15,28,6,,,
Keystone,8/10/08,7:45,8:45,11,6,,,
Keystone,8/17/08,7:30,8:30,35,6,,,
Lagoon North #1,6/29/08,7:45,8:45,55,1,,,
Lagoon North #1,7/14/08,8:15,9:05,58,4,,,
Lagoon North #1,7/20/08,8:10,9:10,54,4,,,
Lagoon North #1,7/27/08,8:45,9:45,44,4,,,
Lagoon North #1,8/3/08,7:35,8:30,70,4,,,
Lagoon North #1,8/10/08,8:20,9:30,44,5,,,
Lagoon North #2,6/29/08,6:55,7:55,38,2,,,
Lagoon North #2,6/29/08,7:55,9:00,6,2,,,
Lagoon North #2,7/6/08,8:15,9:15,23,,,,
Lagoon North #2,7/14/08,8:16,9:20,54,,,,
Lagoon North #2,8/3/08,8:35,9:35,8,,,,
Lagoon North #2,8/10/08,8:35,9:35,42,,,,
Lagoon North #3,6/29/08,7:55,8:55,8,1,,,
Lagoon North #3,7/6/08,8:20,9:20,11,1,,,
Lagoon North #3,7/14/08,7:40,9:00,10,,,,
Lagoon North #3,7/20/08,8:15,9:15,26,4,,,
Lagoon North #3,7/27/08,8:15,9:15,26,5,,,
Lagoon North #3,8/3/08,8:50,9:40,26,,,,
Lagoon North #3,8/10/08,8:30,9:45,18,5,,,
Lagoon South,6/25/08,8:00,9:15,35,,,,
Lagoon South,7/2/08,8:00,9:10,7,1,,,
Lagoon South,7/10/08,7:45,9:15,38,2,,,
Lagoon South,7/16/08,8:00,9:00:00,35,4,,,
Lagoon South,7/23/08,7:30,9:15,41,6,,,
Lagoon South,7/30/08,7:30,9:15,45,6,,,
Lagoon South,8/6/08,7:30,9:10,42,8,,,
Hancock Lake #1,6/28/08,7:28,8:28,44,,,,
Hancock Lake #1,7/1/08,8:10,9:10,46,3,,,
Hancock Lake #1,7/11/08,8:33,9:33,32,7,,,
Hancock Lake #1,7/16/08,8:22,9:22,32,15,,,
Hancock Lake #1,7/25/08,8:28,9:29,29,16,,,
Hancock Lake #1,7/30/08,8:44,9:45,19,17,,,
Hancock Lake #1,8/4/08,8:44,9:45,50,17,,,
Hancock Lake #2,7/10/08,8:00,9:00,8,3,,,
Hancock Lake #2,7/16/08,7:45,8:45,23,,,,
Hancock Lake #2,7/26/08,7:15,7:50,15,,,,
Hancock Lake #2,7/31/08,8:20,9:05,11,,,,
Ledgewood,6/27/08,8:30,9:30,18,1,,,
Ledgewood,7/3/08,8:05,9:05,22,4,,,
Ledgewood,6/11/08,7:45,8:50,28,10,,,
Ledgewood,7/15/08,8:45,9:55,23,10,,,
Ledgewood,7/25/08,7:10,8:20,30,12,,,
Ledgewood,7/30/08,8:05,9:35,29,12,,,
Ledgewood,8/2/08,8:00,9:00,25,12,,,
Ledgewood,8/9/08,7:30,8:35,27,13,,,
Ledgewood,8/14/08,7:35,8:40,28,13,,,
Limpet Lane,6/23/08,8:00,9:00,38,,,,
Limpet Lane,6/30/08,8:00,9:00,19,,,,
Limpet Lane,7/9/08,8:15,9:15,19,2,,,
Limpet Lane,7/14/08,8:00,9:30,8,2,,,
Limpet Lane,7/21/08,8:05,9:05,45,4,,,
Limpet Lane,7/28/08,8:15,9:15,15,4,,,
Limpet Lane,8/7/08,8:00,9:00,37,6,,,
Malmo Bluff,6/26/08,8:45,9:45,26,4,,,
Malmo Bluff,6/3/08,8:45,9:45,4,4,,,
Malmo Bluff,7/9/08,8:45,9:45,22,4,,,
Malmo Bluff,7/17/08,8:45,9:45,22,14,,,
Malmo Bluff,7/24/08,8:45,9:45,18,15,,,
Malmo Bluff,8/1/08,8:45,9:45,12,15,,,
Malmo Bluff,8/5/08,8:45,9:45,16,17,,,
Maylor Point,6/28/08,7:50,8:50,15,3,,,
Maylor Point,7/5/08,8:20,9:20,8,,,,
Maylor Point,7/14/08,6:30,7:30,17,3,,,
Maylor Point,7/19/08,6:45,7:45,15,,,,
Maylor Point,8/1/08,7:00,8:00,17,,,,
Maylor Point,8/6/08,8:15,9:15,19,,,,
Monroe Landing,6/28/08,8:20,9:20,9,1,,,
Monroe Landing,7/4/08,8:30,9:30,11,2,,,
Monroe Landing,7/11/08,8:00,9:00,13,,,,
Monroe Landing,7/19/08,8:30,9:30,10,2,,,
Monroe Landing,8/2/08,8:30,9:30,11,,,,
Monroe Landing,8/9/08,8:15,9:15,7,,,,
Mutiny Sands,6/26/08,7:41,8:42,40,3,,,
Mutiny Sands,7/10/08,9:20,10:24,40,,,,
Mutiny Sands,7/16/08,1:45,2:45,33,3,,,
Mutiny Sands,7/24/08,10:30,11:37,50,9,,,
Pratts Bluff,6/29/08,8:30,9:30,18,4,,,
Pratts Bluff,7/3/08,8:45,10:00,17,12,,,
Pratts Bluff,7/6/08,8:45,10:00,30,5,,,
Pratts Bluff,7/20/08,8:45,10:00,21,14,,,
Pratts Bluff,7/27/08,8:45,10:00,15,15,,,
Pratts Bluff,8/3/08,8:45,10:00,19,15,,,
Possession Point,6/26/08,8:40,9:40,18,1,,,
Possession Point,7/4/08,8:45,10:15,7,3,,,
Possession Point,7/11/08,7:35,9:50,22,3,,,
Possession Point,7/18/08,8:12,,21,5,,,
Possession Point,7/22/08,8:28,11:30,20,,,,
Possession Point,8/1/08,7:45,10:00,11,5,,,
Possession Point,8/9/08,8:40,9:40,24,,,,
Possession Point,8/9/08,9:40,10:40,7,,,,
Rolling Hills #1,6/25/08,8:40,9:45,21,6,,,
Rolling Hills #1,7/2/08,8:30,10:00,31,6,,,
Rolling Hills #1,7/9/08,8:30,9:45,33,6,,,
Rolling Hills #1,7/10/08,8:35,9:35,28,6,,,
Rolling Hills #1,7/17/08,8:35,9:35,31,,,,
Rolling Hills #1,7/23/08,8:25,9:35,34,,,,
Rolling Hills #1,7/22/08,8:30,9:30,35,,,,
Rolling Hills #1,7/30/08,8:30,9:30,12,,,,
Rolling Hills #1,8/7/08,8:30,9:30,28,,,,
Rolling Hills #1,8/16/08,8:35,9:35,13,,,,
Shore Meadows,6/24/08,7:00,8:00,81,,,,
Shore Meadows,6/30/08,6:55,7:55,52,,,,
Shore Meadows,7/7/08,6:45,7:45,46,,,,
Shore Meadows,7/14/08,6:55,7:55,33,6,,,
Shore Meadows,7/21/08,6:45,7:45,47,6,,,
Shore Meadows,7/28/08,6:50,7:50,53,6,,,
Swantown,6/24/08,8:40,9:40,18,2,,,
Swantown,7/1/08,8:02,9:06,13,4,,,
Swantown,7/8/08,8:16,9:20,30,4,,,
Swantown,7/15/08,8:07,9:10,14,4,,,
Swantown,7/22/08,8:25,9:30,34,6,,,
Swantown,7/30/08,8:25,9:30,27,6,,,
Swantown,8/5/08,8:15,9:16,39,6,,,
Swantown,6/9/15,,,6,0,,,
Swantown,6/26/15,,,14,0,,,
Swantown,7/2/15,,,8,2,3,,
Swantown,7/10/15,,,18,6,8,,
Swantown,7/16/15,,,13,3,2,,
Swantown,7/20/15,,,30,6,16,,
Swantown,7/31/15,,,12,3,6,,
Swantown,8/3/15,,,11,6,10,,
Swantown,8/13/15,,,9,3,4,,
Swantown,8/18/15,,,36,1,3,,
Swantown,8/24/15,,,1,1,1,,
Swantown,9/1/15,,,10,2,3,,
Swantown,9/11/15,,,5,0,0,,
Swantown,9/15/15,,,8,0,0,,
Rolling Hills #1,6/24/15,,,61,14,29,,
Rolling Hills #1,7/1/15,,,31,7,11,,
Rolling Hills #1,7/8/15,,,40,8,16,,
Rolling Hills #1,7/15/15,,,9,6,9,,
Rolling Hills #1,7/22/15,,,45,12,22,,
Rolling Hills #1,7/29/15,,,29,1,2,,
Rolling Hills #1,8/5/15,,,45,0,0,,
Rolling Hills #1,8/12/15,,,6,0,0,,
Malmo Bluff,6/22/15,,,25,1,1,,
Malmo Bluff,6/29/15,,,27,13,23,,
Malmo Bluff,7/11/15,,,24,3,4,,
Malmo Bluff,7/17/15,,,31,13,22,,
Malmo Bluff,7/23/15,,,32,6,17,,
Malmo Bluff,7/31/15,,,47,0,0,,
Malmo Bluff,8/5/15,,,44,4,9,,
Malmo Bluff,8/12/15,,,30,0,0,,
Malmo Bluff,8/20/15,,,17,1,7,,
Malmo Bluff,8/27/15,,,3,0,0,,
Rolling Hills #2,6/24/15,,,0,5,7,,pg count is na w/ prey dels
Rolling Hills #2,7/1/15,,,0,2,2,,pg count is na w/ prey dels
Rolling Hills #2,7/8/15,,,0,0,0,,pg count is na w/ prey dels
Rolling Hills #2,7/15/15,,,0,1,1,,pg count is na w/ prey dels
Rolling Hills #2,7/22/15,,,0,2,2,,pg count is na w/ prey dels
Rolling Hills #3,6/23/15,,,59,1,3,,
Rolling Hills #3,6/30/15,,,36,0,0,,
Rolling Hills #3,7/7/15,,,60,2,4,,
Rolling Hills #3,7/14/15,,,24,1,1,,
Rolling Hills #3,7/21/15,,,64,2,6,,
Rolling Hills #3,7/30/15,,,23,0,0,,
Rolling Hills #3,8/6/15,,,39,0,0,,
Rolling Hills #3,8/13/15,,,9,0,0,,
Possession Point,6/20/15,,,21,1,1,,
Possession Point,6/28/15,,,8,0,0,,
Possession Point,7/5/15,,,19,1,2,,
Possession Point,7/12/15,,,10,3,3,,
Possession Point,7/19/15,,,14,3,4,,
Possession Point,7/29/15,,,5,3,5,,
Possession Point,8/3/15,,,21,1,0,,
Possession Point,8/9/15,,,23,1,0,,
Possession Point,8/16/15,,,11,2,1,,
Possession Point,8/23/15,,,1,0,0,,
Mutiny Sands,6/22/15,,,39,2,3,Y,
Mutiny Sands,6/24/15,,,32,4,10,Y,
Mutiny Sands,6/26/15,,,29,4,7,Y,
Mutiny Sands,6/30/15,,,29,8,17,Y,
Mutiny Sands,7/2/15,,,38,0,0,Y,
Mutiny Sands,7/6/15,,,47,9,28,Y,
Mutiny Sands,7/8/15,,,45,7,30,Y,
Mutiny Sands,7/10/15,,,36,8,21,Y,
Mutiny Sands,7/14/15,,,40,6,16,Y,
Mutiny Sands,7/16/15,,,47,8,26,Y,
Mutiny Sands,7/20/15,,,47,4,10,Y,
Mutiny Sands,7/22/15,,,44,3,7,Y,
Mutiny Sands,7/24/15,,,38,2,2,Y,
Mutiny Sands,7/28/15,,,18,3,6,Y,
Mutiny Sands,7/30/15,,,54,2,3,Y,
Mutiny Sands,8/3/15,,,57,7,17,Y,
Mutiny Sands,8/5/15,,,44,4,5,Y,
Mutiny Sands,8/7/15,,,23,3,3,Y,
Mutiny Sands,8/11/15,,,4,1,2,Y,
Mutiny Sands,8/13/15,,,36,2,2,Y,
Mutiny Sands,8/17/15,,,4,2,3,Y,
Mutiny Sands,8/19/15,,,2,1,2,Y,
Mutiny Sands,8/21/15,,,5,1,3,Y,
Mutiny Sands,8/25/15,,,2,1,1,Y,
Mutiny Sands,8/27/15,,,2,0,0,Y,
Ledgewood,6/25/15,,,36,3,5,,
Ledgewood,7/3/15,,,43,6,10,,
Ledgewood,7/11/15,,,32,4,6,,
Ledgewood,7/16/15,,,35,7,13,,
Ledgewood,7/21/15,,,42,7,12,,
Ledgewood,7/29/15,,,26,4,8,,
Ledgewood,8/1/15,,,43,4,9,,
Ledgewood,8/6/15,,,43,4,7,,
Ledgewood,8/13/15,,,24,2,3,,
Ledgewood,8/22/15,,,17,0,0,,
Ledgewood,8/29/15,,,0,0,0,,
Shore Meadows,6/24/15,,,76,7,9,,
Shore Meadows,7/1/15,,,49,17,31,,
Shore Meadows,7/8/15,,,90,12,17,,
Shore Meadows,7/15/15,,,85,12,24,,
Shore Meadows,7/22/15,,,89,23,36,,
Shore Meadows,7/29/15,,,65,4,6,,
Shore Meadows,8/5/15,,,107,9,14,,
Shore Meadows,8/12/15,,,55,1,1,,
Shore Meadows,8/19/15,,,39,1,5,,
Shore Meadows,8/26/15,,,2,2,2,,
Shore Meadows,9/2/15,,,0,0,0,,
Pratts Bluff,6/23/15,,,25,2,2,,
Pratts Bluff,6/30/15,,,17,14,45,,
Pratts Bluff,7/7/15,,,33,2,5,,
Pratts Bluff,7/14/15,,,18,4,9,,
Pratts Bluff,7/21/15,,,30,8,20,,
Pratts Bluff,7/28/15,,,25,3,3,,
Pratts Bluff,8/4/15,,,27,0,0,,
Pratts Bluff,8/11/15,,,7,0,0,,
Pratts Bluff,6/23/15,,,26,5,7,Y,
Pratts Bluff,6/25/15,,,27,7,21,Y,
Pratts Bluff,6/29/15,,,23,12,47,Y,
Pratts Bluff,7/1/15,,,18,11,55,Y,
Pratts Bluff,7/3/15,,,28,12,24,Y,
Pratts Bluff,7/7/15,,,37,12,34,Y,
Pratts Bluff,7/9/15,,,29,10,22,Y,
Pratts Bluff,7/13/15,,,32,5,26,Y,
Pratts Bluff,7/15/15,,,25,15,41,Y,
Pratts Bluff,7/17/15,,,34,10,39,Y,
Pratts Bluff,7/21/15,,,42,11,32,Y,
Pratts Bluff,7/23/15,,,28,11,37,Y,
Pratts Bluff,7/27/15,,,26,3,7,Y,
Pratts Bluff,7/29/15,,,8,3,12,Y,
Pratts Bluff,8/4/15,,,35,0,0,Y,
Pratts Bluff,8/6/15,,,26,1,1,Y,
Pratts Bluff,8/10/15,,,13,1,2,Y,
Pratts Bluff,8/12/15,,,17,1,1,Y,
Pratts Bluff,8/14/15,,,3,0,0,Y,
Pratts Bluff,8/18/15,,,7,0,0,Y,
Pratts Bluff,8/20/15,,,2,0,0,Y,
Maylor Point,6/26/15,,,7,1,1,,
Maylor Point,7/3/15,,,13,2,1,,
Maylor Point,7/10/15,,,13,1,2,,
Maylor Point,7/13/15,,,6,1,1,,
Maylor Point,7/23/15,,,9,0,0,,
Maylor Point,7/13/15,,,4,0,0,,
Maylor Point,8/3/15,,,6,0,0,,
Lagoon North #1,7/16/15,,,57,6,8,,
Lagoon North #1,7/24/15,,,34,4,4,,
Lagoon North #1,7/28/15,,,40,2,3,,
Lagoon North #1,8/7/15,,,46,2,3,,
Lagoon North #1,8/14/15,,,43,2,2,,
Lagoon North #1,8/20/15,,,22,0,0,,
Lagoon North #1,8/27/15,,,4,0,0,,
Harrington South,6/25/15,,,12,2,1,,
Harrington South,7/1/15,,,15,6,3,,
Harrington South,7/6/15,,,18,5,5,,
Harrington South,7/13/15,,,21,1,1,,
Harrington South,7/19/15,,,14,1,1,,
Harrington South,7/27/15,,,17,1,2,,
Harrington South,8/3/15,,,22,1,1,,
Harrington South,8/13/15,,,19,0,0,,
Harrington South,8/18/15,,,14,0,0,,
Double Bluff South,6/24/15,,,4,1,1,,
Double Bluff South,7/1/15,,,3,0,0,,
Double Bluff South,7/7/15,,,8,2,3,,
Double Bluff South,7/15/15,,,11,2,4,,
Double Bluff South,7/22/15,,,11,1,2,,
Double Bluff South,7/30/15,,,14,0,0,,
Double Bluff South,8/5/15,,,10,0,0,,
Double Bluff South,8/11/15,,,8,0,0,,
Hastie Lake South,6/26/15,,,16,8,0,,
Hastie Lake South,7/3/15,,,27,3,3,,
Hastie Lake South,7/10/15,,,32,3,3,,
Hastie Lake South,7/18/15,,,37,5,0,,
Hastie Lake South,7/22/15,,,35,3,4,,
Hastie Lake South,7/29/15,,,9,0,0,,
Hastie Lake South,8/5/15,,,22,2,8,,
Hastie Lake South,8/11/15,,,21,3,2,,
Hastie Lake South,8/18/15,,,34,1,3,,
Hastie Lake South,8/25/15,,,7,1,2,,
Hastie Lake South,9/1/15,,,2,1,2,,
Hastie Lake South,9/8/15,,,2,1,2,,
Hastie Lake South,9/14/15,,,3,1,1,,
Hastie Lake South,9/22/15,,,0,0,0,,
Limpet Lane,7/2/15,,,0,0,0,,
Limpet Lane,8/9/15,,,15,0,0,,
Limpet Lane,8/14/15,,,18,0,0,,
Lagoon North #2,7/15/15,,,0,0,0,,
Lagoon North #2,7/24/15,,,26,2,0,,
Lagoon North #2,7/28/15,,,40,2,3,,
Lagoon North #2,8/7/15,,,0,0,0,,
Lagoon North #2,7/8/15,,,0,0,0,,
Forbes Point,6/26/15,,,13,1,1,,
Forbes Point,7/3/15,,,6,1,2,,
Forbes Point,7/10/15,,,17,1,1,,
Forbes Point,7/20/15,,,12,0,0,,
Forbes Point,7/31/15,,,6,0,0,,
Forbes Point,8/3/15,,,10,0,0,,
Forbes Point,8/14/15,,,10,0,0,,
Forbes Point,8/18/15,,,5,2,3,,
Forbes Point,8/28/15,,,4,0,0,,
Cliffside,6/22/15,,,16,2,3,,
Cliffside,6/29/15,,,9,2,3,,
Cliffside,7/6/15,,,33,5,9,,
Cliffside,7/14/15,,,8,2,3,,
Cliffside,7/20/15,,,27,2,2,,
Cliffside,7/28/15,,,12,2,3,,
Cliffside,8/4/15,,,28,0,0,,
Cliffside,8/10/15,,,14,3,4,,
Cliffside,8/17/15,,,6,0,0,,
Cliffside,8/24/15,,,0,0,0,,
Coupeville Wharf,6/25/15,,,8,0,0,,
Coupeville Wharf,7/2/15,,,7,0,0,,
Coupeville Wharf,7/7/15,,,8,0,0,,
Coupeville Wharf,7/14/15,,,4,0,0,,
Libby North,6/23/15,,,10,1,1,,
Libby North,7/1/15,,,13,1,0,,
Libby North,7/11/15,,,17,2,1,,
Libby North,7/17/15,,,15,2,1,,
Libby North,7/25/15,,,13,2,1,,
Libby North,8/1/15,,,10,0,0,,
Libby North,8/6/15,,,9,0,0,,
Libby North,8/15/15,,,5,0,0,,
Libby North,8/22/15,,,5,0,0,,
Harrington North,6/26/15,,,9,2,2,,
Harrington North,7/3/15,,,17,3,4,,
Harrington North,7/10/15,,,15,3,1,,
Harrington North,7/16/15,,,20,2,2,,
Harrington North,7/23/15,,,19,4,7,,
Harrington North,7/30/15,,,22,4,6,,
Harrington North,8/7/15,,,16,2,2,,
Harrington North,8/14/15,,,11,3,3,,
Harrington North,8/21/15,,,6,1,1,,
Harrington North,8/26/15,,,8,0,0,,
Harrington North,9/9/15,,,0,0,0,,
Lake Hancock North,6/20/15,,,47,5,16,,
Lake Hancock North,6/27/15,,,43,2,4,,
Lake Hancock North,7/4/15,,,58,10,5,,
Lake Hancock North,7/11/15,,,48,5,9,,
Lake Hancock North,7/18/15,,,49,2,4,,
Lake Hancock North,7/25/15,,,53,5,14,,
Lake Hancock North,8/1/15,,,56,14,70,,
Lake Hancock North,8/8/15,,,53,2,6,,
Lake Hancock North,8/15/15,,,65,0,0,,
Keystone,6/24/15,,,86,0,0,,
Keystone,7/1/15,,,39,0,0,,
Keystone,7/10/15,,,42,0,0,,
Keystone,7/17/15,,,67,0,0,,
Keystone,7/22/15,,,59,0,0,,
Keystone,7/31/15,,,25,0,0,,
Keystone,8/5/15,,,55,0,0,,
Keystone,8/12/15,,,11,0,0,,
Keystone,8/18/15,,,42,0,0,,
Fort Casey North,6/24/15,,,39,2,2,,
Fort Casey North,7/4/15,,,33,3,10,,
Fort Casey North,7/11/15,,,31,9,9,,
Fort Casey North,7/17/15,,,32,11,31,,
Fort Casey North,7/24/15,,,32,9,21,,
Fort Casey North,7/29/15,,,34,3,4,,
Fort Casey North,8/7/15,,,0,3,4,,
Fort Casey North,8/15/15,,,14,1,2,,
Fort Casey North,8/23/15,,,2,0,0,,
Fort Casey North,8/30/15,,,0,0,0,,
Monroe Landing,6/17/15,,,9,2,1,,
Monroe Landing,6/24/15,,,12,0,0,,
Monroe Landing,7/1/15,,,8,0,0,,
Monroe Landing,7/8/15,,,6,1,1,,
Monroe Landing,7/15/15,,,4,0,0,,
Monroe Landing,7/21/15,,,10,1,2,,
Monroe Landing,7/28/15,,,6,0,0,,
Monroe Landing,8/4/15,,,12,1,1,,
Monroe Landing,8/11/15,,,8,0,0,,
Monroe Landing,8/17/15,,,10,0,0,,
Double Bluff North,6/24/15,,,40,7,11,,
Double Bluff North,7/3/15,,,41,3,2,,
Double Bluff North,7/10/15,,,52,0,0,,
Double Bluff North,7/17/15,,,57,3,5,,
Double Bluff North,7/24/15,,,51,7,15,,
Double Bluff North,7/31/15,,,35,3,5,,
Double Bluff North,8/7/15,,,43,0,0,,
Double Bluff North,8/13/15,,,28,0,0,,
Double Bluff North,8/21/15,,,10,0,0,,
Lagoon Point South,6/25/15,,,29,2,2,,
Lagoon Point South,7/2/15,,,9,1,1,,
Lagoon Point South,7/9/15,,,39,7,8,,
Lagoon Point South,7/16/15,,,30,17,49,,
Lagoon Point South,7/23/15,,,36,20,33,,
Lagoon Point South,7/30/15,,,23,3,4,,
Lagoon Point South,8/6/15,,,44,1,3,,
Lagoon Point South,8/13/15,,,28,2,4,,
Lagoon Point South,8/20/15,,,11,0,0,,
Lagoon Point South,8/27/15,,,2,0,0,,
Lagoon Point South,7/13/15,,,27,14,27,,
Lagoon North #0,6/23/15,,,4,0,0,,
Lagoon North #0,7/10/15,,,30,1,1,,
Lagoon North #0,7/18/15,,,31,3,4,,
Lagoon North #0,7/26/15,,,25,4,6,,
Lagoon North #0,8/1/15,,,18,0,0,,
Lagoon North #0,8/7/15,,,22,0,0,,
Lagoon North #0,8/12/15,,,20,2,1,,
Lagoon North #0,8/28/15,,,5,0,0,,