"year","site","burrow_name","prey_weeks","start_prey","end_prey","prey_week_range","prey_discrep","nest_succ"
"2008","Cliffside","1",3,5,7,3,0,"Y"
"2008","Cliffside","10",1,7,7,1,0,"N"
"2008","Cliffside","11",1,7,7,1,0,"N"
"2008","Cliffside","2",1,7,7,1,0,"N"
"2008","Cliffside","3",1,7,7,1,0,"N"
"2008","Cliffside","4",1,7,7,1,0,"N"
"2008","Cliffside","5",2,6,7,2,0,"N"
"2008","Cliffside","6",1,6,6,1,0,"N"
"2008","Cliffside","8",1,7,7,1,0,"N"
"2008","Crescent Harbor","2",1,10,10,1,0,"N"
"2008","Crescent Harbor","3",3,6,10,5,2,"Y"
"2008","Crescent Harbor","5",2,6,8,3,1,"Y"
"2008","Crescent Harbor","8",1,8,8,1,0,"N"
"2008","Double Bluff North","1",1,10,10,1,0,"N"
"2008","Double Bluff North","10",1,6,6,1,0,"N"
"2008","Double Bluff North","15",1,7,7,1,0,"N"
"2008","Double Bluff North","16",3,7,10,4,1,"Y"
"2008","Double Bluff North","17",1,8,8,1,0,"N"
"2008","Double Bluff North","18",2,9,10,2,0,"N"
"2008","Double Bluff North","19",2,7,9,3,1,"Y"
"2008","Double Bluff North","2",1,7,7,1,0,"N"
"2008","Double Bluff North","20",2,9,11,3,1,"Y"
"2008","Double Bluff North","21",3,8,10,3,0,"Y"
"2008","Double Bluff North","23",2,9,12,4,2,"Y"
"2008","Double Bluff North","24",1,9,9,1,0,"N"
"2008","Double Bluff North","25",1,10,10,1,0,"N"
"2008","Double Bluff North","26",1,12,12,1,0,"N"
"2008","Double Bluff North","27",1,12,12,1,0,"N"
"2008","Double Bluff North","4",3,7,11,5,2,"Y"
"2008","Double Bluff North","8",2,6,7,2,0,"N"
"2008","Double Bluff North","9",4,6,10,5,1,"Y"
"2008","Forbes Point","1",1,11,11,1,0,"N"
"2008","Forbes Point","5",2,9,11,3,1,"Y"
"2008","Forbes Point","6",1,11,11,1,0,"N"
"2008","Forbes Point","7",1,11,11,1,0,"N"
"2008","Fort Casey","ART",2,6,9,4,2,"Y"
"2008","Fort Casey","CC",1,9,9,1,0,"N"
"2008","Fort Casey","LPC 1",1,9,9,1,0,"N"
"2008","Fort Casey","LPC 2",1,9,9,1,0,"N"
"2008","Fort Casey","SLC",1,7,7,1,0,"N"
"2008","Fort Casey","TSC",1,7,7,1,0,"N"
"2008","Hancock Lake #2","C",1,10,10,1,0,"N"
"2008","Hancock Lake #2","H",1,10,10,1,0,"N"
"2008","Hancock Lake #2","J",1,7,7,1,0,"N"
"2008","Hancock Lake #2","L",1,10,10,1,0,"N"
"2008","Harrington North","1",2,8,9,2,0,"N"
"2008","Harrington North","2",2,7,9,3,1,"Y"
"2008","Harrington North","3",2,7,8,2,0,"N"
"2008","Harrington North","4",3,7,9,3,0,"Y"
"2008","Harrington North","5",2,8,9,2,0,"N"
"2008","Harrington North","6",1,9,9,1,0,"N"
"2008","Harrington North","7",2,8,9,2,0,"N"
"2008","Harrington North","A ",1,5,5,1,0,"N"
"2008","Harrington North","B",1,5,5,1,0,"N"
"2008","Harrington North","C",1,6,6,1,0,"N"
"2008","Harrington North","D",1,6,6,1,0,"N"
"2008","Harrington North","E",1,6,6,1,0,"N"
"2008","Harrington South","B",1,8,8,1,0,"N"
"2008","Harrington South","D",4,7,10,4,0,"Y"
"2008","Harrington South","G",1,8,8,1,0,"N"
"2008","Harrington South","H",3,5,8,4,1,"Y"
"2008","Harrington South","I",1,7,7,1,0,"N"
"2008","Harrington South","L",4,6,9,4,0,"Y"
"2008","Harrington South","N",3,7,10,4,1,"Y"
"2008","Hastie Lake","1",1,5,5,1,0,"N"
"2008","Hastie Lake","2",2,6,9,4,2,"Y"
"2008","Keystone","1",2,6,7,2,0,"N"
"2008","Keystone","2",5,5,10,6,1,"Y"
"2008","Keystone","3",6,6,12,7,1,"Y"
"2008","Keystone","4",4,6,11,6,2,"Y"
"2008","Keystone","5",1,7,7,1,0,"N"
"2008","Keystone","6",3,8,11,4,1,"Y"
"2008","Lagoon North #1","1",1,11,11,1,0,"N"
"2008","Lagoon North #1","2",3,5,10,6,3,"Y"
"2008","Lagoon North #1","4",1,10,10,1,0,"N"
"2008","Lagoon North #2","2",1,5,5,1,0,"N"
"2008","Lagoon North #3","1",1,9,9,1,0,"N"
"2008","Lagoon North #3","2",2,8,10,3,1,"Y"
"2008","Lagoon North #3","3",3,8,11,4,1,"Y"
"2008","Lagoon North #3","4",1,10,10,1,0,"N"
"2008","Lagoon North #3","6",2,9,11,3,1,"Y"
"2008","Lagoon South","A",2,8,9,2,0,"N"
"2008","Lagoon South","B",3,8,10,3,0,"Y"
"2008","Lagoon South","C",1,9,9,1,0,"N"
"2008","Lagoon South","D",4,8,11,4,0,"Y"
"2008","Lagoon South","E",4,8,11,4,0,"Y"
"2008","Lagoon South","F",1,9,9,1,0,"N"
"2008","Lake Hancock","1",2,6,8,3,1,"Y"
"2008","Lake Hancock","12",2,9,10,2,0,"N"
"2008","Lake Hancock","15",1,10,10,1,0,"N"
"2008","Lake Hancock","2",2,6,11,6,4,"Y"
"2008","Lake Hancock","4",1,8,8,1,0,"N"
"2008","Lake Hancock","5",1,10,10,1,0,"N"
"2008","Lake Hancock","6",1,11,11,1,0,"N"
"2008","Lake Hancock","7",1,10,10,1,0,"N"
"2008","Lake Hancock","8",2,8,10,3,1,"Y"
"2008","Lake Hancock","9",1,8,8,1,0,"N"
"2008","Ledgewood","1",3,5,9,5,2,"Y"
"2008","Ledgewood","10",4,8,11,4,0,"Y"
"2008","Ledgewood","12",1,11,11,1,0,"N"
"2008","Ledgewood","13",2,10,11,2,0,"N"
"2008","Ledgewood","14",1,12,12,1,0,"N"
"2008","Ledgewood","2",4,8,11,4,0,"Y"
"2008","Ledgewood","3",4,7,11,5,1,"Y"
"2008","Ledgewood","4",4,8,11,4,0,"Y"
"2008","Ledgewood","6",1,7,7,1,0,"N"
"2008","Ledgewood","7",4,8,11,4,0,"Y"
"2008","Ledgewood","8",3,7,11,5,2,"Y"
"2008","Ledgewood","9",5,7,12,6,1,"Y"
"2008","Limpet Lane","1",5,7,11,5,0,"Y"
"2008","Limpet Lane","2",3,7,11,5,2,"Y"
"2008","Limpet Lane","3",2,9,11,3,1,"Y"
"2008","Limpet Lane","4",1,11,11,1,0,"N"
"2008","Limpet Lane","5",1,11,11,1,0,"N"
"2008","Limpet Lane","6",1,11,11,1,0,"N"
"2008","Malmo Bluff","13",1,11,11,1,0,"N"
"2008","Malmo Bluff","15",1,11,11,1,0,"N"
"2008","Malmo Bluff","16",1,11,11,1,0,"N"
"2008","Malmo Bluff","6",1,11,11,1,0,"N"
"2008","Maylor Point","2",2,6,8,3,1,"Y"
"2008","Maylor Point","2a",1,8,8,1,0,"N"
"2008","Maylor Point","3a",2,10,11,2,0,"N"
"2008","Maylor Point","3b",1,8,8,1,0,"N"
"2008","Maylor Point","3d",1,8,8,1,0,"N"
"2008","Maylor Point","4",2,8,10,3,1,"Y"
"2008","Monroe Landing","1",4,6,10,5,1,"Y"
"2008","Monroe Landing","2",2,6,8,3,1,"Y"
"2008","Mutiny Sands","1",3,7,9,3,0,"Y"
"2008","Mutiny Sands","2",1,9,9,1,0,"N"
"2008","Mutiny Sands","6",1,9,9,1,0,"N"
"2008","Mutiny Sands","7",1,8,8,1,0,"N"
"2008","Mutiny Sands","8",2,8,9,2,0,"N"
"2008","Mutiny Sands","9",1,9,9,1,0,"N"
"2008","Possession Point","E1",2,6,8,3,1,"Y"
"2008","Possession Point","E2",3,6,10,5,2,"Y"
"2008","Possession Point","P1",3,7,10,4,1,"Y"
"2008","Possession Point","S2",2,9,10,2,0,"N"
"2008","Possession Point","S8",3,7,10,4,1,"Y"
"2008","Possession Point","S9",1,9,9,1,0,"N"
"2008","Pratts Bluff","1",2,5,6,2,0,"N"
"2008","Pratts Bluff","11",1,8,8,1,0,"N"
"2008","Pratts Bluff","13",1,6,6,1,0,"N"
"2008","Pratts Bluff","15",1,9,9,1,0,"N"
"2008","Pratts Bluff","1A",1,6,6,1,0,"N"
"2008","Pratts Bluff","2",3,5,10,6,3,"Y"
"2008","Pratts Bluff","3",2,5,6,2,0,"N"
"2008","Pratts Bluff","6",1,8,8,1,0,"N"
"2008","Pratts Bluff","7",1,8,8,1,0,"N"
"2008","Pratts Bluff","8",1,9,9,1,0,"N"
"2008","Pratts Bluff","9",1,6,6,1,0,"N"
"2008","Rolling Hills #1","1",4,5,10,6,2,"Y"
"2008","Rolling Hills #1","11",1,10,10,1,0,"N"
"2008","Rolling Hills #1","12",1,10,10,1,0,"N"
"2008","Rolling Hills #1","2",3,6,8,3,0,"Y"
"2008","Rolling Hills #1","3",3,5,7,3,0,"Y"
"2008","Rolling Hills #1","4",3,5,7,3,0,"Y"
"2008","Rolling Hills #1","5",4,5,9,5,1,"Y"
"2008","Rolling Hills #1","6",3,5,7,3,0,"Y"
"2008","Rolling Hills #1","7",3,5,8,4,1,"Y"
"2008","Shore Meadows","5",2,8,10,3,1,"Y"
"2008","Shore Meadows","6",3,6,10,5,2,"Y"
"2008","Swantown","1",4,5,11,7,3,"Y"
"2008","Swantown","2",5,6,11,6,1,"Y"
"2008","Swantown","3",1,6,6,1,0,"N"
"2008","Swantown","4",1,6,6,1,0,"N"
"2008","Swantown","5",2,9,11,3,1,"Y"
"2008","Swantown","6",3,9,11,3,0,"Y"
"2009","Cliffside","1",3,7,11,5,2,"Y"
"2009","Cliffside","10",3,7,9,3,0,"Y"
"2009","Cliffside","11",2,7,8,2,0,"N"
"2009","Cliffside","12",1,11,11,1,0,"N"
"2009","Cliffside","2",1,11,11,1,0,"N"
"2009","Cliffside","3",2,5,8,4,2,"Y"
"2009","Cliffside","4",3,5,11,7,4,"Y"
"2009","Cliffside","5",2,7,8,2,0,"N"
"2009","Cliffside","6",3,5,8,4,1,"Y"
"2009","Cliffside","7",2,8,11,4,2,"Y"
"2009","Cliffside","8",1,12,12,1,0,"N"
"2009","Cliffside","9",2,7,8,2,0,"N"
"2009","Crescent Harbor","1",1,6,6,1,0,"N"
"2009","Crescent Harbor","2",1,10,10,1,0,"N"
"2009","Crescent Harbor","3",2,9,11,3,1,"Y"
"2009","Double Bluff North","A4",1,9,9,1,0,"N"
"2009","Double Bluff North","B1",2,6,9,4,2,"Y"
"2009","Double Bluff North","B11",2,8,9,2,0,"N"
"2009","Double Bluff North","C2",2,8,12,5,3,"Y"
"2009","Double Bluff North","C3",2,7,8,2,0,"N"
"2009","Double Bluff North","C4",2,7,8,2,0,"N"
"2009","Double Bluff North","C5",1,8,8,1,0,"N"
"2009","Double Bluff North","D10",1,11,11,1,0,"N"
"2009","Double Bluff North","D11",3,9,12,4,1,"Y"
"2009","Double Bluff North","D12",4,8,12,5,1,"Y"
"2009","Double Bluff North","D13",4,9,12,4,0,"Y"
"2009","Double Bluff North","D14",1,9,9,1,0,"N"
"2009","Double Bluff North","D15",1,9,9,1,0,"N"
"2009","Double Bluff North","D2",4,7,10,4,0,"Y"
"2009","Double Bluff North","D4",1,8,8,1,0,"N"
"2009","Double Bluff North","D5",2,7,8,2,0,"N"
"2009","Double Bluff South","1",4,8,11,4,0,"Y"
"2009","Double Bluff South","2",2,8,9,2,0,"N"
"2009","Double Bluff South","3",3,9,11,3,0,"Y"
"2009","Fort Casey","2",3,10,13,4,1,"Y"
"2009","Fort Casey","3",2,7,10,4,2,"Y"
"2009","Fort Casey","4",3,6,12,7,4,"Y"
"2009","Fort Casey","46",1,11,11,1,0,"N"
"2009","Fort Casey","7",3,8,12,5,2,"Y"
"2009","Fort Casey","B",2,8,10,3,1,"Y"
"2009","Fort Casey","X",1,8,8,1,0,"N"
"2009","Fort Casey","Y",1,12,12,1,0,"N"
"2009","Harrington North","11",3,5,7,3,0,"Y"
"2009","Harrington North","12",2,5,6,2,0,"N"
"2009","Harrington North","13",2,5,6,2,0,"N"
"2009","Harrington North","3",1,7,7,1,0,"N"
"2009","Harrington North","5",4,6,10,5,1,"Y"
"2009","Harrington North","8",1,8,8,1,0,"N"
"2009","Harrington North","9",2,8,10,3,1,"Y"
"2009","Harrington South","1",1,8,8,1,0,"N"
"2009","Harrington South","2",1,7,7,1,0,"N"
"2009","Harrington South","3",2,7,8,2,0,"N"
"2009","Harrington South","4",2,6,8,3,1,"Y"
"2009","Harrington South","5",2,11,12,2,0,"N"
"2009","Harrington South","6A",2,6,7,2,0,"N"
"2009","Harrington South","6B",4,8,12,5,1,"Y"
"2009","Harrington South","7",1,10,10,1,0,"N"
"2009","Harrington South","8",1,10,10,1,0,"N"
"2009","Hastie Lake","5",1,8,8,1,0,"N"
"2009","Hastie Lake","6",1,9,9,1,0,"N"
"2009","Keystone","1",1,6,6,1,0,"N"
"2009","Keystone","2",2,7,8,2,0,"N"
"2009","Keystone","3",3,7,10,4,1,"Y"
"2009","Keystone","4",4,7,10,4,0,"Y"
"2009","Keystone","5",2,7,10,4,2,"Y"
"2009","Lagoon North #1","12",2,10,11,2,0,"N"
"2009","Lagoon North #1","1A1",1,8,8,1,0,"N"
"2009","Lagoon North #1","1A2",1,8,8,1,0,"N"
"2009","Lagoon North #1","2",3,8,11,4,1,"Y"
"2009","Lagoon North #1","3",1,5,5,1,0,"N"
"2009","Lagoon North #1","4",2,6,10,5,3,"Y"
"2009","Lagoon North #1","5",1,6,6,1,0,"N"
"2009","Lagoon North #1","6",1,11,11,1,0,"N"
"2009","Lagoon North #1","7",1,8,8,1,0,"N"
"2009","Lagoon North #1","8",1,8,8,1,0,"N"
"2009","Lagoon North #1","9",2,8,11,4,2,"Y"
"2009","Lagoon North #2","1",2,8,9,2,0,"N"
"2009","Lagoon North #2","2",4,8,11,4,0,"Y"
"2009","Lagoon North #2","3",3,9,11,3,0,"Y"
"2009","Lagoon North #3","1",2,10,11,2,0,"N"
"2009","Lagoon North #3","2",2,9,10,2,0,"N"
"2009","Lagoon North #3","3",2,9,10,2,0,"N"
"2009","Lagoon North #3","4",2,9,10,2,0,"N"
"2009","Lagoon North #3","5",2,10,11,2,0,"N"
"2009","Lagoon South","1",4,6,11,6,2,"Y"
"2009","Lagoon South","2",2,8,9,2,0,"N"
"2009","Lagoon South","3",1,12,12,1,0,"N"
"2009","Lagoon South","6",1,8,8,1,0,"N"
"2009","Lagoon South","A",1,8,8,1,0,"N"
"2009","Lagoon South","D",3,8,12,5,2,"Y"
"2009","Lake Hancock","1",3,8,10,3,0,"Y"
"2009","Lake Hancock","10",1,11,11,1,0,"N"
"2009","Lake Hancock","2",4,7,10,4,0,"Y"
"2009","Lake Hancock","3",3,7,11,5,2,"Y"
"2009","Lake Hancock","4",1,9,9,1,0,"N"
"2009","Lake Hancock","5",1,11,11,1,0,"N"
"2009","Lake Hancock","7",2,8,9,2,0,"N"
"2009","Lake Hancock","9",2,9,11,3,1,"Y"
"2009","Ledgewood","1",5,6,10,5,0,"Y"
"2009","Ledgewood","10",2,7,8,2,0,"N"
"2009","Ledgewood","12",3,7,10,4,1,"Y"
"2009","Ledgewood","13",2,7,9,3,1,"Y"
"2009","Ledgewood","15",5,10,14,5,0,"Y"
"2009","Ledgewood","2",3,8,12,5,2,"Y"
"2009","Ledgewood","3",3,6,8,3,0,"Y"
"2009","Ledgewood","4",2,6,9,4,2,"Y"
"2009","Ledgewood","7",2,10,12,3,1,"Y"
"2009","Limpet Lane","1",3,8,10,3,0,"Y"
"2009","Limpet Lane","2",3,8,10,3,0,"Y"
"2009","Limpet Lane","3",1,9,9,1,0,"N"
"2009","Malmo Bluff","1",3,7,10,4,1,"Y"
"2009","Malmo Bluff","10",1,11,11,1,0,"N"
"2009","Malmo Bluff","11",1,13,13,1,0,"N"
"2009","Malmo Bluff","12",1,11,11,1,0,"N"
"2009","Malmo Bluff","2",2,7,11,5,3,"Y"
"2009","Malmo Bluff","3",3,8,10,3,0,"Y"
"2009","Malmo Bluff","4",2,8,11,4,2,"Y"
"2009","Malmo Bluff","5",2,9,10,2,0,"N"
"2009","Malmo Bluff","6",2,9,10,2,0,"N"
"2009","Malmo Bluff","7",1,9,9,1,0,"N"
"2009","Malmo Bluff","8",1,9,9,1,0,"N"
"2009","Malmo Bluff","9",2,10,11,2,0,"N"
"2009","Maylor Point","1",1,8,8,1,0,"N"
"2009","Maylor Point","2",1,8,8,1,0,"N"
"2009","Maylor Point","3",1,8,8,1,0,"N"
"2009","Maylor Point","4",3,8,11,4,1,"Y"
"2009","Maylor Point","4a",2,10,11,2,0,"N"
"2009","Monroe Landing","2",1,8,8,1,0,"N"
"2009","Monroe Landing","3",3,8,11,4,1,"Y"
"2009","Mutiny Sands","1",1,10,10,1,0,"N"
"2009","Mutiny Sands","10",3,8,11,4,1,"Y"
"2009","Mutiny Sands","11",1,11,11,1,0,"N"
"2009","Mutiny Sands","2",1,8,8,1,0,"N"
"2009","Mutiny Sands","3",3,8,11,4,1,"Y"
"2009","Mutiny Sands","4",3,6,8,3,0,"Y"
"2009","Mutiny Sands","5",2,8,9,2,0,"N"
"2009","Mutiny Sands","7",1,8,8,1,0,"N"
"2009","Mutiny Sands","8",2,8,10,3,1,"Y"
"2009","Possession Point","E1",2,5,6,2,0,"N"
"2009","Possession Point","E2",2,10,12,3,1,"Y"
"2009","Possession Point","P1",2,5,6,2,0,"N"
"2009","Possession Point","S2",6,5,10,6,0,"Y"
"2009","Possession Point","S8",4,5,8,4,0,"Y"
"2009","Pratts Bluff","12",1,8,8,1,0,"N"
"2009","Pratts Bluff","13",1,7,7,1,0,"N"
"2009","Pratts Bluff","14",2,6,7,2,0,"N"
"2009","Pratts Bluff","15",2,6,9,4,2,"Y"
"2009","Pratts Bluff","4",1,9,9,1,0,"N"
"2009","Pratts Bluff","5",3,9,12,4,1,"Y"
"2009","Pratts Bluff","6",2,5,8,4,2,"Y"
"2009","Pratts Bluff","7",3,7,11,5,2,"Y"
"2009","Pratts Bluff","8",3,8,12,5,2,"Y"
"2009","Pratts Bluff","9",3,7,9,3,0,"Y"
"2009","Rolling Hills #1","10",1,9,9,1,0,"N"
"2009","Rolling Hills #1","2",2,7,9,3,1,"Y"
"2009","Rolling Hills #1","4",1,11,11,1,0,"N"
"2009","Rolling Hills #1","5",1,8,8,1,0,"N"
"2009","Rolling Hills #1","7",1,10,10,1,0,"N"
"2009","Rolling Hills #1","9",1,8,8,1,0,"N"
"2009","Rolling Hills #2","15",2,7,9,3,1,"Y"
"2009","Rolling Hills #2","19",3,6,9,4,1,"Y"
"2009","Rolling Hills #2","21",1,6,6,1,0,"N"
"2009","Rolling Hills #2","23",1,9,9,1,0,"N"
"2009","Rolling Hills #2","24",1,7,7,1,0,"N"
"2009","Rolling Hills #2","25",1,7,7,1,0,"N"
"2009","Rolling Hills #2","27",2,7,8,2,0,"N"
"2009","Rolling Hills #2","32",3,6,8,3,0,"Y"
"2009","Rolling Hills #2","35",1,9,9,1,0,"N"
"2009","Shore Meadows","10",5,6,12,7,2,"Y"
"2009","Shore Meadows","11",1,10,10,1,0,"N"
"2009","Shore Meadows","12",2,6,8,3,1,"Y"
"2009","Shore Meadows","15",2,8,11,4,2,"Y"
"2009","Shore Meadows","18",1,11,11,1,0,"N"
"2009","Shore Meadows","2",2,8,13,6,4,"Y"
"2009","Shore Meadows","23",1,8,8,1,0,"N"
"2009","Shore Meadows","3",2,6,8,3,1,"Y"
"2009","Shore Meadows","30",2,9,11,3,1,"Y"
"2009","Shore Meadows","31",1,13,13,1,0,"N"
"2009","Shore Meadows","5",2,12,13,2,0,"N"
"2009","Shore Meadows","8",3,8,10,3,0,"Y"
"2009","Shore Meadows","9",1,12,12,1,0,"N"
"2009","Swantown","1",4,6,11,6,2,"Y"
"2009","Swantown","2",2,6,9,4,2,"Y"
"2009","Swantown","4",4,8,11,4,0,"Y"
"2009","Swantown","5",1,10,10,1,0,"N"
"2009","Swantown","6",1,10,10,1,0,"N"
"2010","Cliffside","1",2,5,6,2,0,"N"
"2010","Cliffside","3",1,6,6,1,0,"N"
"2010","Cliffside","5",1,5,5,1,0,"N"
"2010","Cliffside","6",2,5,8,4,2,"Y"
"2010","Double Bluff South","A1",2,7,9,3,1,"Y"
"2010","Double Bluff South","A2",1,13,13,1,0,"N"
"2010","Double Bluff South","A3",1,10,10,1,0,"N"
"2010","Double Bluff South","A5",1,10,10,1,0,"N"
"2010","Double Bluff South","B1",3,5,8,4,1,"Y"
"2010","Double Bluff South","B2",4,6,10,5,1,"Y"
"2010","Double Bluff South","B3",2,6,9,4,2,"Y"
"2010","Double Bluff South","B6",1,9,9,1,0,"N"
"2010","Double Bluff South","B7",1,9,9,1,0,"N"
"2010","Double Bluff South","B8",1,7,7,1,0,"N"
"2010","Double Bluff South","B9",1,10,10,1,0,"N"
"2010","Double Bluff South","C1",1,8,8,1,0,"N"
"2010","Double Bluff South","C5",1,8,8,1,0,"N"
"2010","Double Bluff South","C6",2,7,9,3,1,"Y"
"2010","Double Bluff South","C7",4,7,10,4,0,"Y"
"2010","Double Bluff South","C9",1,12,12,1,0,"N"
"2010","Double Bluff South","D1",5,6,11,6,1,"Y"
"2010","Double Bluff South","D10",1,12,12,1,0,"N"
"2010","Double Bluff South","D11",1,12,12,1,0,"N"
"2010","Double Bluff South","D2",5,6,11,6,1,"Y"
"2010","Double Bluff South","D3",3,6,10,5,2,"Y"
"2010","Double Bluff South","D8",2,9,11,3,1,"Y"
"2010","Double Bluff South","D9",1,10,10,1,0,"N"
"2010","Forbes Point","1",3,9,13,5,2,"Y"
"2010","Forbes Point","2",1,11,11,1,0,"N"
"2010","Forbes Point","5",3,9,13,5,2,"Y"
"2010","Fort Casey","1",2,4,7,4,2,"Y"
"2010","Fort Casey","2",2,7,8,2,0,"N"
"2010","Fort Casey","3",2,6,7,2,0,"N"
"2010","Fort Casey","N1",1,8,8,1,0,"N"
"2010","Fort Casey","S1",1,8,8,1,0,"N"
"2010","Fort Casey","S2",2,6,8,3,1,"Y"
"2010","Harrington North","2",1,8,8,1,0,"N"
"2010","Harrington North","6",3,7,9,3,0,"Y"
"2010","Harrington North","6A",2,7,8,2,0,"N"
"2010","Harrington North","9",1,7,7,1,0,"N"
"2010","Harrington North","M",1,11,11,1,0,"N"
"2010","Harrington South","1",1,11,11,1,0,"N"
"2010","Harrington South","2",1,6,6,1,0,"N"
"2010","Harrington South","25",1,11,11,1,0,"N"
"2010","Harrington South","3",1,6,6,1,0,"N"
"2010","Harrington South","4",1,6,6,1,0,"N"
"2010","Hastie Lake","1",2,6,11,6,4,"Y"
"2010","Hastie Lake","1A",3,11,13,3,0,"Y"
"2010","Hastie Lake","2",1,10,10,1,0,"N"
"2010","Hastie Lake","4",2,8,10,3,1,"Y"
"2010","Hastie Lake","5",1,9,9,1,0,"N"
"2010","Hastie Lake","N1",3,6,11,6,3,"Y"
"2010","Hastie Lake","S2",1,10,10,1,0,"N"
"2010","Keystone","1",2,7,8,2,0,"N"
"2010","Keystone","2",2,9,11,3,1,"Y"
"2010","Keystone","3",3,7,9,3,0,"Y"
"2010","Keystone","4",1,7,7,1,0,"N"
"2010","Keystone","5",5,7,13,7,2,"Y"
"2010","Keystone","6",2,8,9,2,0,"N"
"2010","Keystone","7",1,8,8,1,0,"N"
"2010","Keystone","8",2,8,9,2,0,"N"
"2010","Lagoon North #1","11",2,8,11,4,2,"Y"
"2010","Lagoon North #1","2",1,8,8,1,0,"N"
"2010","Lagoon North #1","5",1,8,8,1,0,"N"
"2010","Lagoon North #2","1",6,5,10,6,0,"Y"
"2010","Lagoon North #2","2",3,6,9,4,1,"Y"
"2010","Lagoon North #3","1",2,10,11,2,0,"N"
"2010","Lagoon South","1",1,7,7,1,0,"N"
"2010","Lagoon South","2",5,7,12,6,1,"Y"
"2010","Lagoon South","3",2,7,8,2,0,"N"
"2010","Lagoon South","4",1,8,8,1,0,"N"
"2010","Lagoon South","5",2,8,10,3,1,"Y"
"2010","Lagoon South","6",2,10,12,3,1,"Y"
"2010","Lagoon South","7",1,12,12,1,0,"N"
"2010","Lake Hancock","10",3,7,11,5,2,"Y"
"2010","Lake Hancock","16",2,8,10,3,1,"Y"
"2010","Lake Hancock","3",1,7,7,1,0,"N"
"2010","Ledgewood","1",4,5,9,5,1,"Y"
"2010","Ledgewood","12",4,5,9,5,1,"Y"
"2010","Ledgewood","13",3,8,11,4,1,"Y"
"2010","Ledgewood","4",5,5,10,6,1,"Y"
"2010","Ledgewood","8",2,6,8,3,1,"Y"
"2010","Limpet Lane","1",2,7,9,3,1,"Y"
"2010","Limpet Lane","4",2,9,10,2,0,"N"
"2010","Limpet Lane","5",1,10,10,1,0,"N"
"2010","Malmo Bluff","1",2,11,13,3,1,"Y"
"2010","Malmo Bluff","10",2,9,10,2,0,"N"
"2010","Malmo Bluff","2",2,8,10,3,1,"Y"
"2010","Malmo Bluff","3",4,5,10,6,2,"Y"
"2010","Malmo Bluff","4",2,7,10,4,2,"Y"
"2010","Malmo Bluff","5",1,7,7,1,0,"N"
"2010","Malmo Bluff","6",1,8,8,1,0,"N"
"2010","Malmo Bluff","7",4,6,9,4,0,"Y"
"2010","Malmo Bluff","8",4,6,10,5,1,"Y"
"2010","Malmo Bluff","9",2,7,10,4,2,"Y"
"2010","Maylor Point","1",1,5,5,1,0,"N"
"2010","Maylor Point","3",3,6,10,5,2,"Y"
"2010","Maylor Point","4",2,5,9,5,3,"Y"
"2010","Maylor Point","5",2,5,6,2,0,"N"
"2010","Maylor Point","6",1,5,5,1,0,"N"
"2010","Maylor Point","7",3,10,12,3,0,"Y"
"2010","Monroe Landing","1",2,7,8,2,0,"N"
"2010","Monroe Landing","2",3,6,8,3,0,"Y"
"2010","Monroe Landing","3",2,6,8,3,1,"Y"
"2010","Mutiny Sands","1",1,7,7,1,0,"N"
"2010","Mutiny Sands","10",2,6,9,4,2,"Y"
"2010","Mutiny Sands","11",1,6,6,1,0,"N"
"2010","Mutiny Sands","2",2,7,10,4,2,"Y"
"2010","Mutiny Sands","25",1,10,10,1,0,"N"
"2010","Mutiny Sands","26",2,9,10,2,0,"N"
"2010","Mutiny Sands","27",2,10,12,3,1,"Y"
"2010","Mutiny Sands","28",2,9,10,2,0,"N"
"2010","Mutiny Sands","5",2,7,8,2,0,"N"
"2010","Mutiny Sands","8",1,6,6,1,0,"N"
"2010","Mutiny Sands","A",3,5,10,6,3,"Y"
"2010","Possession Point","E1",2,5,8,4,2,"Y"
"2010","Possession Point","E2",2,7,8,2,0,"N"
"2010","Possession Point","P1",3,5,7,3,0,"Y"
"2010","Possession Point","S2",3,4,6,3,0,"Y"
"2010","Possession Point","S3",2,6,7,2,0,"N"
"2010","Pratts Bluff","1",2,5,8,4,2,"Y"
"2010","Pratts Bluff","2",5,5,11,7,2,"Y"
"2010","Pratts Bluff","3",5,5,11,7,2,"Y"
"2010","Pratts Bluff","4",7,5,11,7,0,"Y"
"2010","Pratts Bluff","5",3,5,8,4,1,"Y"
"2010","Pratts Bluff","6",3,5,9,5,2,"Y"
"2010","Pratts Bluff","7",2,8,9,2,0,"N"
"2010","Rolling Hills","1 or 2",4,8,11,4,0,"Y"
"2010","Rolling Hills","1, 2 or 3",2,7,10,4,2,"Y"
"2010","Rolling Hills","14",4,4,7,4,0,"Y"
"2010","Rolling Hills","15",6,4,9,6,0,"Y"
"2010","Rolling Hills","20",1,8,8,1,0,"N"
"2010","Rolling Hills","24",3,4,8,5,2,"Y"
"2010","Rolling Hills","25",1,7,7,1,0,"N"
"2010","Rolling Hills","3",2,8,10,3,1,"Y"
"2010","Rolling Hills","31",3,4,8,5,2,"Y"
"2010","Rolling Hills","32",4,5,8,4,0,"Y"
"2010","Rolling Hills","35",4,9,12,4,0,"Y"
"2010","Rolling Hills","36",2,4,7,4,2,"Y"
"2010","Rolling Hills","4",3,4,6,3,0,"Y"
"2010","Rolling Hills","5",1,5,5,1,0,"N"
"2010","Rolling Hills","7",1,6,6,1,0,"N"
"2010","Rolling Hills","8",3,4,7,4,1,"Y"
"2010","Rolling Hills","9",6,4,9,6,0,"Y"
"2010","Rolling Hills #1","1",1,6,6,1,0,"N"
"2010","Rolling Hills #1","14",3,4,7,4,1,"Y"
"2010","Rolling Hills #1","15",3,6,8,3,0,"Y"
"2010","Rolling Hills #1","2",5,7,11,5,0,"Y"
"2010","Rolling Hills #1","3",3,8,10,3,0,"Y"
"2010","Rolling Hills #1","7",1,5,5,1,0,"N"
"2010","Rolling Hills #1","8",1,7,7,1,0,"N"
"2010","Rolling Hills #1","9",4,6,9,4,0,"Y"
"2010","Rolling Hills #2","25",2,6,7,2,0,"N"
"2010","Rolling Hills #2","31",1,6,6,1,0,"N"
"2010","Rolling Hills #2","32",1,7,7,1,0,"N"
"2010","Rolling Hills #2","35",1,9,9,1,0,"N"
"2011","Cliffside","1",2,8,10,3,1,"Y"
"2011","Cliffside","2",1,10,10,1,0,"N"
"2011","Cliffside","3",1,10,10,1,0,"N"
"2011","Cliffside","4",2,10,12,3,1,"Y"
"2011","Cliffside","5",1,10,10,1,0,"N"
"2011","Cliffside","6",1,10,10,1,0,"N"
"2011","Cliffside","7",1,10,10,1,0,"N"
"2011","Double Bluff North","A1",2,8,10,3,1,"Y"
"2011","Double Bluff North","A3",1,10,10,1,0,"N"
"2011","Double Bluff North","A4",1,10,10,1,0,"N"
"2011","Double Bluff North","B2",2,8,9,2,0,"N"
"2011","Double Bluff North","B3",2,8,9,2,0,"N"
"2011","Double Bluff North","C2",1,8,8,1,0,"N"
"2011","Double Bluff North","C4",2,8,11,4,2,"Y"
"2011","Double Bluff North","C8",4,8,12,5,1,"Y"
"2011","Double Bluff North","C9",4,8,11,4,0,"Y"
"2011","Double Bluff North","D1",4,5,10,6,2,"Y"
"2011","Double Bluff North","D2",2,8,9,2,0,"N"
"2011","Double Bluff North","D3",1,9,9,1,0,"N"
"2011","Double Bluff North","D4",4,8,11,4,0,"Y"
"2011","Double Bluff North","D5",2,8,10,3,1,"Y"
"2011","Double Bluff North","D6",1,8,8,1,0,"N"
"2011","Double Bluff North","D7",1,8,8,1,0,"N"
"2011","Double Bluff North","D8",3,8,13,6,3,"Y"
"2011","Double Bluff North","D9",1,8,8,1,0,"N"
"2011","Double Bluff South","1",1,6,6,1,0,"N"
"2011","Double Bluff South","2",1,6,6,1,0,"N"
"2011","Forbes Point","1",1,8,8,1,0,"N"
"2011","Forbes Point","2",3,6,10,5,2,"Y"
"2011","Forbes Point","3",1,10,10,1,0,"N"
"2011","Forbes Point","7",1,10,10,1,0,"N"
"2011","Fort Casey","1",2,8,10,3,1,"Y"
"2011","Fort Casey","2",3,5,10,6,3,"Y"
"2011","Fort Casey","4",3,8,12,5,2,"Y"
"2011","Fort Casey","5",1,8,8,1,0,"N"
"2011","Fort Casey","6",2,9,12,4,2,"Y"
"2011","Harrington North","4",1,5,5,1,0,"N"
"2011","Harrington North","7",3,7,9,3,0,"Y"
"2011","Harrington North","M",2,8,9,2,0,"N"
"2011","Harrington South","29",1,7,7,1,0,"N"
"2011","Harrington South","6A",2,6,8,3,1,"Y"
"2011","Harrington South","6B",1,5,5,1,0,"N"
"2011","Hastie Lake","1",5,8,12,5,0,"Y"
"2011","Hastie Lake","2",4,7,10,4,0,"Y"
"2011","Keystone","1",7,4,12,9,2,"Y"
"2011","Keystone","10",1,11,11,1,0,"N"
"2011","Keystone","2",2,6,8,3,1,"Y"
"2011","Keystone","3",3,6,9,4,1,"Y"
"2011","Keystone","4",2,7,11,5,3,"Y"
"2011","Keystone","5",4,7,13,7,3,"Y"
"2011","Keystone","6",1,8,8,1,0,"N"
"2011","Keystone","7",2,8,11,4,2,"Y"
"2011","Keystone","8",1,9,9,1,0,"N"
"2011","Keystone","9",3,10,12,3,0,"Y"
"2011","Lagoon North #1","1",1,8,8,1,0,"N"
"2011","Lagoon North #1","1A",1,8,8,1,0,"N"
"2011","Lagoon North #1","1B",1,8,8,1,0,"N"
"2011","Lagoon North #1","1C",1,8,8,1,0,"N"
"2011","Lagoon North #1","1n",5,6,11,6,1,"Y"
"2011","Lagoon North #1","1s",4,6,11,6,2,"Y"
"2011","Lagoon North #1","2",1,8,8,1,0,"N"
"2011","Lagoon North #1","2n",4,6,11,6,2,"Y"
"2011","Lagoon North #1","2s",4,6,11,6,2,"Y"
"2011","Lagoon North #1","3s",4,6,11,6,2,"Y"
"2011","Lagoon North #1","4s",2,10,11,2,0,"N"
"2011","Lagoon North #1","5s",1,10,10,1,0,"N"
"2011","Lagoon North #1","D",1,8,8,1,0,"N"
"2011","Lagoon North #2","1",4,6,9,4,0,"Y"
"2011","Lagoon North #2","2",4,7,11,5,1,"Y"
"2011","Lagoon South","1",4,7,11,5,1,"Y"
"2011","Lagoon South","2",1,9,9,1,0,"N"
"2011","Lagoon South","4",1,9,9,1,0,"N"
"2011","Lagoon South","5",3,8,11,4,1,"Y"
"2011","Lagoon South","6",2,9,11,3,1,"Y"
"2011","Lagoon South","9",2,10,14,5,3,"Y"
"2011","Lagoon South","D",1,11,11,1,0,"N"
"2011","Lagoon South","E",1,9,9,1,0,"N"
"2011","Lagoon South","F",1,13,13,1,0,"N"
"2011","Lagoon South","G",2,10,11,2,0,"N"
"2011","Lagoon South","H",1,13,13,1,0,"N"
"2011","Lake Hancock","1",2,6,7,2,0,"N"
"2011","Lake Hancock","10",1,9,9,1,0,"N"
"2011","Lake Hancock","1S",1,6,6,1,0,"N"
"2011","Lake Hancock","2",4,7,11,5,1,"Y"
"2011","Lake Hancock","2S",3,8,11,4,1,"Y"
"2011","Lake Hancock","3",3,7,9,3,0,"Y"
"2011","Lake Hancock","4",4,7,11,5,1,"Y"
"2011","Lake Hancock","5",3,7,9,3,0,"Y"
"2011","Lake Hancock","6",2,8,9,2,0,"N"
"2011","Lake Hancock","8",2,9,11,3,1,"Y"
"2011","Ledgewood","1",4,4,8,5,1,"Y"
"2011","Ledgewood","12",4,5,8,4,0,"Y"
"2011","Limpet Lane","1",2,7,8,2,0,"N"
"2011","Limpet Lane","2",2,7,8,2,0,"N"
"2011","Limpet Lane","3",3,10,12,3,0,"Y"
"2011","Limpet Lane","4",1,10,10,1,0,"N"
"2011","Limpet Lane","5",2,10,11,2,0,"N"
"2011","Limpet Lane","6",1,12,12,1,0,"N"
"2011","Malmo Bluff","1",2,5,8,4,2,"Y"
"2011","Malmo Bluff","11",2,6,7,2,0,"N"
"2011","Malmo Bluff","12",1,6,6,1,0,"N"
"2011","Malmo Bluff","15",1,6,6,1,0,"N"
"2011","Malmo Bluff","2",4,5,9,5,1,"Y"
"2011","Malmo Bluff","3",3,6,8,3,0,"Y"
"2011","Malmo Bluff","4",1,7,7,1,0,"N"
"2011","Malmo Bluff","5",5,5,10,6,1,"Y"
"2011","Malmo Bluff","6",4,7,10,4,0,"Y"
"2011","Malmo Bluff","7",2,7,8,2,0,"N"
"2011","Malmo Bluff","8",1,10,10,1,0,"N"
"2011","Malmo Bluff","9",1,7,7,1,0,"N"
"2011","Maylor Point","1",4,5,8,4,0,"Y"
"2011","Maylor Point","2",5,7,12,6,1,"Y"
"2011","Maylor Point","3",2,8,9,2,0,"N"
"2011","Maylor Point","4",3,6,9,4,1,"Y"
"2011","Maylor Point","8",1,11,11,1,0,"N"
"2011","Monroe Landing","1",5,7,13,7,2,"Y"
"2011","Monroe Landing","2",3,8,13,6,3,"Y"
"2011","Monroe Landing","3",2,11,13,3,1,"Y"
"2011","Mutiny Sands","1",3,6,10,5,2,"Y"
"2011","Mutiny Sands","16",3,6,9,4,1,"Y"
"2011","Mutiny Sands","2",1,6,6,1,0,"N"
"2011","Mutiny Sands","25",1,7,7,1,0,"N"
"2011","Mutiny Sands","26",2,9,10,2,0,"N"
"2011","Mutiny Sands","3",3,6,10,5,2,"Y"
"2011","Mutiny Sands","6",5,8,12,5,0,"Y"
"2011","Mutiny Sands","6A",3,6,10,5,2,"Y"
"2011","Mutiny Sands","7",3,7,11,5,2,"Y"
"2011","Mutiny Sands","8A",3,10,12,3,0,"Y"
"2011","Mutiny Sands","9",1,12,12,1,0,"N"
"2011","Possession Point","E1",4,5,8,4,0,"Y"
"2011","Possession Point","E2",4,8,11,4,0,"Y"
"2011","Possession Point","P1",1,10,10,1,0,"N"
"2011","Possession Point","S2",5,5,10,6,1,"Y"
"2011","Possession Point","S6",2,8,10,3,1,"Y"
"2011","Pratts Bluff","1",3,5,9,5,2,"Y"
"2011","Pratts Bluff","14",1,10,10,1,0,"N"
"2011","Pratts Bluff","2",3,7,11,5,2,"Y"
"2011","Pratts Bluff","3",2,5,10,6,4,"Y"
"2011","Pratts Bluff","4",2,7,10,4,2,"Y"
"2011","Pratts Bluff","5",1,10,10,1,0,"N"
"2011","Pratts Bluff","6",1,7,7,1,0,"N"
"2011","Pratts Bluff","7",2,8,10,3,1,"Y"
"2011","Rolling Hills","1 or 2",2,9,10,2,0,"N"
"2011","Rolling Hills","1, 2 or 3",2,8,10,3,1,"Y"
"2011","Rolling Hills","14",4,6,11,6,2,"Y"
"2011","Rolling Hills","14b",5,8,12,5,0,"Y"
"2011","Rolling Hills","15",5,5,9,5,0,"Y"
"2011","Rolling Hills","24",6,3,8,6,0,"Y"
"2011","Rolling Hills","28",1,4,4,1,0,"N"
"2011","Rolling Hills","3",4,8,11,4,0,"Y"
"2011","Rolling Hills","32",4,4,7,4,0,"Y"
"2011","Rolling Hills","32a",3,7,9,3,0,"Y"
"2011","Rolling Hills","4",5,4,8,5,0,"Y"
"2011","Rolling Hills","5",6,3,8,6,0,"Y"
"2011","Rolling Hills","8",5,3,8,6,1,"Y"
"2011","Rolling Hills #1","14",3,7,10,4,1,"Y"
"2011","Rolling Hills #1","14b",5,8,12,5,0,"Y"
"2011","Rolling Hills #1","15",2,7,8,2,0,"N"
"2011","Rolling Hills #1","2",4,6,9,4,0,"Y"
"2011","Rolling Hills #1","3",4,7,11,5,1,"Y"
"2011","Rolling Hills #1","4",2,4,8,5,3,"Y"
"2011","Rolling Hills #1","5",4,6,11,6,2,"Y"
"2011","Rolling Hills #1","7",2,5,7,3,1,"Y"
"2011","Rolling Hills #1","8",1,8,8,1,0,"N"
"2011","Rolling Hills #1","S",1,6,6,1,0,"N"
"2011","Rolling Hills #2","24",3,6,8,3,0,"Y"
"2011","Rolling Hills #2","32",4,5,8,4,0,"Y"
"2011","Rolling Hills #2","35",1,6,6,1,0,"N"
"2011","Rolling Hills #2","50",5,6,10,5,0,"Y"
"2011","Rolling Hills #2","51",2,6,7,2,0,"N"
"2011","Rolling Hills #2","52",3,9,11,3,0,"Y"
"2011","Shore Meadows","21",3,6,9,4,1,"Y"
"2011","Shore Meadows","22",3,9,11,3,0,"Y"
"2011","Shore Meadows","23",2,7,9,3,1,"Y"
"2011","Shore Meadows","24",1,9,9,1,0,"N"
"2011","Shore Meadows","27",1,6,6,1,0,"N"
"2011","Shore Meadows","29",1,10,10,1,0,"N"
"2011","Shore Meadows","4",3,9,11,3,0,"Y"
"2011","Shore Meadows","54",1,7,7,1,0,"N"
"2011","Shore Meadows","55",1,7,7,1,0,"N"
"2011","Shore Meadows","60",1,10,10,1,0,"N"
"2011","Shore Meadows","61",1,9,9,1,0,"N"
"2011","Shore Meadows","66",1,9,9,1,0,"N"
"2011","Shore Meadows","8",3,9,11,3,0,"Y"
"2011","Swantown","1",1,12,12,1,0,"N"
"2011","Swantown","2",2,12,13,2,0,"N"
"2012","Cliffside","4",2,9,12,4,2,"Y"
"2012","Double Bluff North","C1",1,8,8,1,0,"N"
"2012","Double Bluff North","C2",4,7,10,4,0,"Y"
"2012","Double Bluff North","C3",2,8,9,2,0,"N"
"2012","Double Bluff North","C4",2,10,13,4,2,"Y"
"2012","Double Bluff North","D1",2,10,13,4,2,"Y"
"2012","Double Bluff North","D2",2,7,8,2,0,"N"
"2012","Double Bluff North","D3",3,7,9,3,0,"Y"
"2012","Double Bluff North","D4",2,8,10,3,1,"Y"
"2012","Double Bluff North","E2",1,7,7,1,0,"N"
"2012","Double Bluff South","1",1,9,9,1,0,"N"
"2012","Forbes Point","1",3,5,8,4,1,"Y"
"2012","Forbes Point","3",1,7,7,1,0,"N"
"2012","Forbes Point","4",3,6,8,3,0,"Y"
"2012","Forbes Point","5",3,6,10,5,2,"Y"
"2012","Fort Casey","11",1,9,9,1,0,"N"
"2012","Fort Casey","12",1,9,9,1,0,"N"
"2012","Fort Casey","3",1,9,9,1,0,"N"
"2012","Fort Casey","4 S",1,6,6,1,0,"N"
"2012","Fort Casey","5",2,7,10,4,2,"Y"
"2012","Fort Casey","6",2,7,10,4,2,"Y"
"2012","Fort Casey","7",1,7,7,1,0,"N"
"2012","Fort Casey","9",1,7,7,1,0,"N"
"2012","Harrington North","11",1,5,5,1,0,"N"
"2012","Harrington North","12",5,6,10,5,0,"Y"
"2012","Harrington North","4",1,5,5,1,0,"N"
"2012","Harrington North","7",3,6,10,5,2,"Y"
"2012","Harrington North","RM",3,6,9,4,1,"Y"
"2012","Harrington South","25",3,6,8,3,0,"Y"
"2012","Harrington South","29",1,10,10,1,0,"N"
"2012","Harrington South","3",1,4,4,1,0,"N"
"2012","Harrington South","30",1,4,4,1,0,"N"
"2012","Harrington South","6a",3,4,8,5,2,"Y"
"2012","Hastie Lake North","1",1,10,10,1,0,"N"
"2012","Hastie Lake North","3",1,11,11,1,0,"N"
"2012","Hastie Lake North","4",1,11,11,1,0,"N"
"2012","Hastie Lake South","2",3,6,8,3,0,"Y"
"2012","Hastie Lake South","3",1,6,6,1,0,"N"
"2012","Hastie Lake South","4",3,6,8,3,0,"Y"
"2012","Hastie Lake South","5",5,8,14,7,2,"Y"
"2012","Keystone","1",4,5,11,7,3,"Y"
"2012","Keystone","2",4,6,9,4,0,"Y"
"2012","Keystone","3",5,6,11,6,1,"Y"
"2012","Keystone","4",3,6,8,3,0,"Y"
"2012","Keystone","5",3,7,9,3,0,"Y"
"2012","Keystone","6",2,8,9,2,0,"N"
"2012","Keystone","7",3,8,12,5,2,"Y"
"2012","Lagoon North #1","1",2,6,11,6,4,"Y"
"2012","Lagoon North #1","1A",2,11,12,2,0,"N"
"2012","Lagoon North #1","1B",1,12,12,1,0,"N"
"2012","Lagoon North #1","2",1,11,11,1,0,"N"
"2012","Lagoon North #1","4",2,9,11,3,1,"Y"
"2012","Lagoon North #1","5",2,9,11,3,1,"Y"
"2012","Lagoon North #1","7",2,9,11,3,1,"Y"
"2012","Lagoon North #1","A",2,11,12,2,0,"N"
"2012","Lagoon North #2","1",1,9,9,1,0,"N"
"2012","Lagoon North #2","2",4,5,11,7,3,"Y"
"2012","Lagoon North #3","5",1,10,10,1,0,"N"
"2012","Lagoon South","1",1,10,10,1,0,"N"
"2012","Lagoon South","2",4,6,9,4,0,"Y"
"2012","Lagoon South","3",3,6,9,4,1,"Y"
"2012","Lagoon South","4",3,7,10,4,1,"Y"
"2012","Lagoon South","5",1,10,10,1,0,"N"
"2012","Lagoon South","6",4,7,11,5,1,"Y"
"2012","Lagoon South","8",2,8,9,2,0,"N"
"2012","Lagoon South","A",2,7,11,5,3,"Y"
"2012","Lagoon South","E",1,11,11,1,0,"N"
"2012","Lagoon South","G",1,9,9,1,0,"N"
"2012","Lake Hancock","11",4,8,11,4,0,"Y"
"2012","Lake Hancock","17",1,10,10,1,0,"N"
"2012","Lake Hancock","18",2,9,10,2,0,"N"
"2012","Lake Hancock","19",2,7,11,5,3,"Y"
"2012","Lake Hancock","2",3,7,9,3,0,"Y"
"2012","Lake Hancock","27",2,12,13,2,0,"N"
"2012","Lake Hancock","3",3,6,8,3,0,"Y"
"2012","Lake Hancock","4",3,8,10,3,0,"Y"
"2012","Lake Hancock","5",2,9,10,2,0,"N"
"2012","Lake Hancock","6",5,8,12,5,0,"Y"
"2012","Lake Hancock","7",3,9,11,3,0,"Y"
"2012","Ledgewood","1",3,5,8,4,1,"Y"
"2012","Ledgewood","12",2,6,7,2,0,"N"
"2012","Ledgewood","13",1,5,5,1,0,"N"
"2012","Ledgewood","15",2,10,11,2,0,"N"
"2012","Ledgewood","8",2,10,11,2,0,"N"
"2012","Ledgewood","9",1,10,10,1,0,"N"
"2012","Ledgewood","9b",1,9,9,1,0,"N"
"2012","Limpet Lane","2",2,9,11,3,1,"Y"
"2012","Limpet Lane","3",1,11,11,1,0,"N"
"2012","Limpet Lane","4",3,9,11,3,0,"Y"
"2012","Limpet Lane","5",1,11,11,1,0,"N"
"2012","Limpet Lane","6",1,11,11,1,0,"N"
"2012","Limpet Lane","7",1,11,11,1,0,"N"
"2012","Limpet Lane","8",1,11,11,1,0,"N"
"2012","Malmo Bluff","1",1,5,5,1,0,"N"
"2012","Malmo Bluff","15",1,6,6,1,0,"N"
"2012","Malmo Bluff","2",2,5,7,3,1,"Y"
"2012","Malmo Bluff","3",1,5,5,1,0,"N"
"2012","Malmo Bluff","4",1,6,6,1,0,"N"
"2012","Malmo Bluff","5",1,6,6,1,0,"N"
"2012","Malmo Bluff","7",1,7,7,1,0,"N"
"2012","Monroe Landing","4",6,7,12,6,0,"Y"
"2012","Mutiny Sands","1",1,8,8,1,0,"N"
"2012","Mutiny Sands","10",1,10,10,1,0,"N"
"2012","Mutiny Sands","3",2,7,9,3,1,"Y"
"2012","Mutiny Sands","9",2,5,8,4,2,"Y"
"2012","Possession Point","E1",4,6,10,5,1,"Y"
"2012","Possession Point","E2",2,8,10,3,1,"Y"
"2012","Possession Point","P1",1,10,10,1,0,"N"
"2012","Possession Point","S2",4,5,8,4,0,"Y"
"2012","Possession Point","S7",3,6,10,5,2,"Y"
"2012","Possession Point","S8",1,10,10,1,0,"N"
"2012","Pratts Bluff","1",2,7,8,2,0,"N"
"2012","Pratts Bluff","10",3,6,8,3,0,"Y"
"2012","Pratts Bluff","11",2,8,10,3,1,"Y"
"2012","Pratts Bluff","2",2,5,8,4,2,"Y"
"2012","Pratts Bluff","3",5,5,11,7,2,"Y"
"2012","Pratts Bluff","4",3,6,8,3,0,"Y"
"2012","Pratts Bluff","5",2,6,7,2,0,"N"
"2012","Pratts Bluff","7",1,7,7,1,0,"N"
"2012","Pratts Bluff","9",3,7,10,4,1,"Y"
"2012","Rolling Hills","10",6,5,10,6,0,"Y"
"2012","Rolling Hills","11",2,7,8,2,0,"N"
"2012","Rolling Hills","15",7,6,12,7,0,"Y"
"2012","Rolling Hills","17",5,6,10,5,0,"Y"
"2012","Rolling Hills","18",7,5,11,7,0,"Y"
"2012","Rolling Hills","2",3,8,10,3,0,"Y"
"2012","Rolling Hills","2 or 3",2,5,6,2,0,"N"
"2012","Rolling Hills","3",3,7,9,3,0,"Y"
"2012","Rolling Hills","32",1,7,7,1,0,"N"
"2012","Rolling Hills","33",4,5,8,4,0,"Y"
"2012","Rolling Hills","4",5,5,9,5,0,"Y"
"2012","Rolling Hills","5",5,5,9,5,0,"Y"
"2012","Rolling Hills","8",5,5,9,5,0,"Y"
"2012","Rolling Hills","9",1,7,7,1,0,"N"
"2012","Rolling Hills #1","10",4,6,9,4,0,"Y"
"2012","Rolling Hills #1","11",1,8,8,1,0,"N"
"2012","Rolling Hills #1","15",4,8,11,4,0,"Y"
"2012","Rolling Hills #1","17",4,6,10,5,1,"Y"
"2012","Rolling Hills #1","18",4,6,11,6,2,"Y"
"2012","Rolling Hills #1","2",4,6,9,4,0,"Y"
"2012","Rolling Hills #1","3",5,5,10,6,1,"Y"
"2012","Rolling Hills #1","4",2,5,7,3,1,"Y"
"2012","Rolling Hills #1","5",5,5,9,5,0,"Y"
"2012","Rolling Hills #1","8",2,5,7,3,1,"Y"
"2012","Rolling Hills #1","9",1,7,7,1,0,"N"
"2012","Rolling Hills #2","33",4,5,8,4,0,"Y"
"2012","Shore Meadows","1",1,5,5,1,0,"N"
"2012","Shore Meadows","101",3,7,12,6,3,"Y"
"2012","Shore Meadows","102",1,7,7,1,0,"N"
"2012","Shore Meadows","103",3,7,9,3,0,"Y"
"2012","Shore Meadows","104",2,7,9,3,1,"Y"
"2012","Shore Meadows","12",2,8,9,2,0,"N"
"2012","Shore Meadows","13",2,8,9,2,0,"N"
"2012","Shore Meadows","27",1,8,8,1,0,"N"
"2012","Shore Meadows","29",1,10,10,1,0,"N"
"2012","Shore Meadows","3",1,5,5,1,0,"N"
"2012","Shore Meadows","32",1,9,9,1,0,"N"
"2012","Shore Meadows","42",1,10,10,1,0,"N"
"2012","Swantown","1",1,7,7,1,0,"N"
"2012","Swantown","2",3,8,10,3,0,"Y"
"2012","Swantown","3",2,11,12,2,0,"N"
"2013","Cliffside","1",1,12,12,1,0,"N"
"2013","Cliffside","2",1,10,10,1,0,"N"
"2013","Cliffside","3",1,12,12,1,0,"N"
"2013","Cliffside","4",2,10,14,5,3,"Y"
"2013","Cliffside","6",4,9,14,6,2,"Y"
"2013","Cliffside","7",3,11,13,3,0,"Y"
"2013","Coupeville Wharf","1",2,6,10,5,3,"Y"
"2013","Coupeville Wharf","3",1,8,8,1,0,"N"
"2013","Double Bluff North","B1",1,5,5,1,0,"N"
"2013","Double Bluff North","B2",4,6,10,5,1,"Y"
"2013","Double Bluff North","C2",1,6,6,1,0,"N"
"2013","Double Bluff North","C3",1,7,7,1,0,"N"
"2013","Double Bluff North","C4",2,7,8,2,0,"N"
"2013","Double Bluff North","D1",3,6,9,4,1,"Y"
"2013","Double Bluff North","D2",2,6,8,3,1,"Y"
"2013","Double Bluff North","D3",3,6,8,3,0,"Y"
"2013","Double Bluff North","D4",5,6,11,6,1,"Y"
"2013","Double Bluff North","D5",2,6,7,2,0,"N"
"2013","Double Bluff North","D6",1,7,7,1,0,"N"
"2013","Double Bluff North","D7",2,7,8,2,0,"N"
"2013","Double Bluff North","D8",2,8,9,2,0,"N"
"2013","Double Bluff North","E1",1,8,8,1,0,"N"
"2013","Double Bluff North","E2",3,6,8,3,0,"Y"
"2013","Double Bluff North","E3",3,6,8,3,0,"Y"
"2013","Double Bluff North","E5",2,7,10,4,2,"Y"
"2013","Double Bluff South","3",1,8,8,1,0,"N"
"2013","Forbes Point","1",2,7,11,5,3,"Y"
"2013","Forbes Point","2",3,7,10,4,1,"Y"
"2013","Forbes Point","3",2,7,9,3,1,"Y"
"2013","Fort Casey","1",1,8,8,1,0,"N"
"2013","Fort Casey","2",1,5,5,1,0,"N"
"2013","Fort Casey","3",2,7,10,4,2,"Y"
"2013","Fort Casey","5",1,8,8,1,0,"N"
"2013","Fort Casey","6",1,8,8,1,0,"N"
"2013","Fort Casey","7",2,11,12,2,0,"N"
"2013","Fort Casey","8",1,13,13,1,0,"N"
"2013","Harrington North","7",4,5,9,5,1,"Y"
"2013","Harrington North","RM",4,5,10,6,2,"Y"
"2013","Harrington South","25",4,6,11,6,2,"Y"
"2013","Harrington South","6A",1,9,9,1,0,"N"
"2013","Hastie Lake North","1",2,9,11,3,1,"Y"
"2013","Hastie Lake North","2",2,9,11,3,1,"Y"
"2013","Hastie Lake North","3",1,7,7,1,0,"N"
"2013","Hastie Lake South","1",4,5,8,4,0,"Y"
"2013","Hastie Lake South","3",1,9,9,1,0,"N"
"2013","Hastie Lake South","4",1,6,6,1,0,"N"
"2013","Hastie Lake South","5",3,8,10,3,0,"Y"
"2013","Hastie Lake South","6",2,7,12,6,4,"Y"
"2013","Hastie Lake South","7",2,10,12,3,1,"Y"
"2013","Hastie Lake South","8",2,12,14,3,1,"Y"
"2013","Keystone","1",2,7,10,4,2,"Y"
"2013","Keystone","2",3,7,10,4,1,"Y"
"2013","Keystone","3",3,7,10,4,1,"Y"
"2013","Keystone","4",2,8,9,2,0,"N"
"2013","Keystone","5",2,8,10,3,1,"Y"
"2013","Keystone","6",1,10,10,1,0,"N"
"2013","Keystone","7",1,10,10,1,0,"N"
"2013","Lagoon North #1","1",1,9,9,1,0,"N"
"2013","Lagoon North #1","1A",2,7,10,4,2,"Y"
"2013","Lagoon North #1","1AB",1,12,12,1,0,"N"
"2013","Lagoon North #1","1E",1,10,10,1,0,"N"
"2013","Lagoon North #1","2",1,7,7,1,0,"N"
"2013","Lagoon North #1","4",1,7,7,1,0,"N"
"2013","Lagoon North #1","7",2,6,7,2,0,"N"
"2013","Lagoon North #1","C",1,13,13,1,0,"N"
"2013","Lagoon North #2","1",5,7,11,5,0,"Y"
"2013","Lagoon North #2","2",5,6,10,5,0,"Y"
"2013","Lagoon North #3","1",1,5,5,1,0,"N"
"2013","Lagoon South","1",3,6,8,3,0,"Y"
"2013","Lagoon South","3",1,10,10,1,0,"N"
"2013","Lagoon South","4",4,8,11,4,0,"Y"
"2013","Lagoon South","E",3,10,12,3,0,"Y"
"2013","Lake Hancock","1",5,6,10,5,0,"Y"
"2013","Lake Hancock","10",3,8,12,5,2,"Y"
"2013","Lake Hancock","11",1,14,14,1,0,"N"
"2013","Lake Hancock","12",2,11,13,3,1,"Y"
"2013","Lake Hancock","14",1,10,10,1,0,"N"
"2013","Lake Hancock","16",4,9,12,4,0,"Y"
"2013","Lake Hancock","19",1,10,10,1,0,"N"
"2013","Lake Hancock","2",3,6,10,5,2,"Y"
"2013","Lake Hancock","22",2,12,14,3,1,"Y"
"2013","Lake Hancock","23",2,13,14,2,0,"N"
"2013","Lake Hancock","3",3,9,11,3,0,"Y"
"2013","Lake Hancock","5",5,8,13,6,1,"Y"
"2013","Lake Hancock","6",3,8,10,3,0,"Y"
"2013","Lake Hancock","7",4,9,13,5,1,"Y"
"2013","Lake Hancock","8",6,10,15,6,0,"Y"
"2013","Lake Hancock","9",1,12,12,1,0,"N"
"2013","Ledgewood","1",3,12,14,3,0,"Y"
"2013","Ledgewood","10",3,6,9,4,1,"Y"
"2013","Ledgewood","12",5,7,11,5,0,"Y"
"2013","Ledgewood","16",1,12,12,1,0,"N"
"2013","Ledgewood","4",5,9,14,6,1,"Y"
"2013","Ledgewood","7",1,8,8,1,0,"N"
"2013","Ledgewood","8",2,8,9,2,0,"N"
"2013","Limpet Lane","1",2,6,7,2,0,"N"
"2013","Limpet Lane","2",1,9,9,1,0,"N"
"2013","Limpet Lane","4",1,9,9,1,0,"N"
"2013","Malmo Bluff","1",1,5,5,1,0,"N"
"2013","Malmo Bluff","2",4,5,8,4,0,"Y"
"2013","Malmo Bluff","21",1,6,6,1,0,"N"
"2013","Malmo Bluff","3",1,6,6,1,0,"N"
"2013","Malmo Bluff","40",1,5,5,1,0,"N"
"2013","Malmo Bluff","42",4,5,10,6,2,"Y"
"2013","Malmo Bluff","44",3,8,10,3,0,"Y"
"2013","Malmo Bluff","45",1,5,5,1,0,"N"
"2013","Malmo Bluff","47",6,7,13,7,1,"Y"
"2013","Malmo Bluff","5",3,8,10,3,0,"Y"
"2013","Maylor Point","1",2,7,8,2,0,"N"
"2013","Maylor Point","2",2,6,7,2,0,"N"
"2013","Maylor Point","3",1,8,8,1,0,"N"
"2013","Monroe Landing","12",3,6,8,3,0,"Y"
"2013","Monroe Landing","4",5,6,10,5,0,"Y"
"2013","Mutiny Sands","10",2,7,9,3,1,"Y"
"2013","Mutiny Sands","11",2,7,9,3,1,"Y"
"2013","Mutiny Sands","12",4,9,12,4,0,"Y"
"2013","Mutiny Sands","13",1,10,10,1,0,"N"
"2013","Mutiny Sands","15",1,8,8,1,0,"N"
"2013","Mutiny Sands","16",4,8,11,4,0,"Y"
"2013","Mutiny Sands","3",2,8,10,3,1,"Y"
"2013","Mutiny Sands","4",1,12,12,1,0,"N"
"2013","Mutiny Sands","6",1,10,10,1,0,"N"
"2013","Mutiny Sands","9",4,7,12,6,2,"Y"
"2013","Possession Point","E1",3,4,8,5,2,"Y"
"2013","Possession Point","S2",3,8,10,3,0,"Y"
"2013","Possession Point","S8",2,9,10,2,0,"N"
"2013","Pratts Bluff","0",1,9,9,1,0,"N"
"2013","Pratts Bluff","1",1,9,9,1,0,"N"
"2013","Pratts Bluff","10",2,5,7,3,1,"Y"
"2013","Pratts Bluff","12",4,6,10,5,1,"Y"
"2013","Pratts Bluff","13",1,6,6,1,0,"N"
"2013","Pratts Bluff","14",2,6,7,2,0,"N"
"2013","Pratts Bluff","15",3,7,9,3,0,"Y"
"2013","Pratts Bluff","16",2,8,10,3,1,"Y"
"2013","Pratts Bluff","17",1,8,8,1,0,"N"
"2013","Pratts Bluff","2",1,7,7,1,0,"N"
"2013","Pratts Bluff","3",3,5,8,4,1,"Y"
"2013","Pratts Bluff","4",1,5,5,1,0,"N"
"2013","Pratts Bluff","5",1,7,7,1,0,"N"
"2013","Pratts Bluff","7",1,6,6,1,0,"N"
"2013","Pratts Bluff","9",2,5,7,3,1,"Y"
"2013","Rolling Hills #1","11",2,10,11,2,0,"N"
"2013","Rolling Hills #1","15",5,6,11,6,1,"Y"
"2013","Rolling Hills #1","17",1,8,8,1,0,"N"
"2013","Rolling Hills #1","18",2,6,10,5,3,"Y"
"2013","Rolling Hills #1","2",4,10,13,4,0,"Y"
"2013","Rolling Hills #1","3",4,5,10,6,2,"Y"
"2013","Rolling Hills #1","4",1,7,7,1,0,"N"
"2013","Rolling Hills #1","5",3,5,9,5,2,"Y"
"2013","Rolling Hills #1","8",3,7,9,3,0,"Y"
"2013","Rolling Hills #1","9",2,10,11,2,0,"N"
"2013","Rolling Hills #2","24",1,12,12,1,0,"N"
"2013","Rolling Hills #2","25",5,9,14,6,1,"Y"
"2013","Rolling Hills #2","26",1,13,13,1,0,"N"
"2013","Rolling Hills #2","32",4,6,9,4,0,"Y"
"2013","Rolling Hills #2","33",3,5,8,4,1,"Y"
"2013","Rolling Hills #2","50",4,6,9,4,0,"Y"
"2013","Rolling Hills #2","51",3,7,10,4,1,"Y"
"2013","Rolling Hills #2","52",3,6,10,5,2,"Y"
"2013","Shore Meadows","1",2,10,11,2,0,"N"
"2013","Shore Meadows","2",2,8,9,2,0,"N"
"2013","Shore Meadows","20",1,8,8,1,0,"N"
"2013","Shore Meadows","3",3,11,14,4,1,"Y"
"2013","Shore Meadows","31",1,8,8,1,0,"N"
"2013","Shore Meadows","4",1,6,6,1,0,"N"
"2013","Shore Meadows","40",3,8,11,4,1,"Y"
"2013","Shore Meadows","43",3,8,10,3,0,"Y"
"2013","Shore Meadows","48",1,7,7,1,0,"N"
"2013","Shore Meadows","5",1,9,9,1,0,"N"
"2013","Shore Meadows","50",3,8,10,3,0,"Y"
"2013","Shore Meadows","52",1,8,8,1,0,"N"
"2013","Shore Meadows","6",5,8,12,5,0,"Y"
"2013","Shore Meadows","7",1,9,9,1,0,"N"
"2013","Swantown","2",3,7,12,6,3,"Y"
"2013","Swantown","3",3,7,11,5,2,"Y"
"2013","Swantown","4",2,9,11,3,1,"Y"
"2014","Cliffside","1",2,7,8,2,0,"N"
"2014","Cliffside","2",1,11,11,1,0,"N"
"2014","Cliffside","3",2,8,12,5,3,"Y"
"2014","Cliffside","4",2,7,9,3,1,"Y"
"2014","Cliffside","5",2,8,10,3,1,"Y"
"2014","Cliffside","6",1,7,7,1,0,"N"
"2014","Double Bluff North","B1",2,6,8,3,1,"Y"
"2014","Double Bluff North","B2",2,6,8,3,1,"Y"
"2014","Double Bluff North","B4",1,8,8,1,0,"N"
"2014","Double Bluff North","D2",2,6,9,4,2,"Y"
"2014","Double Bluff North","D4",5,6,11,6,1,"Y"
"2014","Double Bluff North","D6",2,6,8,3,1,"Y"
"2014","Double Bluff North","D7",1,11,11,1,0,"N"
"2014","Double Bluff North","E1",1,6,6,1,0,"N"
"2014","Double Bluff North","E2",3,6,10,5,2,"Y"
"2014","Double Bluff North","E3",3,5,10,6,3,"Y"
"2014","Double Bluff North","E5",2,5,9,5,3,"Y"
"2014","Double Bluff South","1",5,6,11,6,1,"Y"
"2014","Double Bluff South","3",2,9,10,2,0,"N"
"2014","Forbes Point","10",1,10,10,1,0,"N"
"2014","Forbes Point","3",1,10,10,1,0,"N"
"2014","Forbes Point","4",1,10,10,1,0,"N"
"2014","Forbes Point","5",1,9,9,1,0,"N"
"2014","Fort Casey","1",3,5,7,3,0,"Y"
"2014","Fort Casey","10",1,9,9,1,0,"N"
"2014","Fort Casey","12",1,11,11,1,0,"N"
"2014","Fort Casey","14",1,11,11,1,0,"N"
"2014","Fort Casey","2",3,6,11,6,3,"Y"
"2014","Fort Casey","3",5,6,10,5,0,"Y"
"2014","Fort Casey","4",1,7,7,1,0,"N"
"2014","Fort Casey","5",2,7,9,3,1,"Y"
"2014","Fort Casey","9",2,9,10,2,0,"N"
"2014","Hancock North","1",2,7,8,2,0,"N"
"2014","Hancock North","13",1,9,9,1,0,"N"
"2014","Hancock North","2",2,8,9,2,0,"N"
"2014","Hancock North","4",2,8,9,2,0,"N"
"2014","Hancock North","8",1,9,9,1,0,"N"
"2014","Hancock North","9",1,9,9,1,0,"N"
"2014","Hancock South","1",1,7,7,1,0,"N"
"2014","Hancock South","3",1,9,9,1,0,"N"
"2014","Hancock South","4",1,10,10,1,0,"N"
"2014","Harrington North","7",4,7,11,5,1,"Y"
"2014","Harrington North","RM",1,7,7,1,0,"N"
"2014","Harrington South","8",3,6,10,5,2,"Y"
"2014","Hastie Lake South","10",2,8,9,2,0,"N"
"2014","Hastie Lake South","11",3,9,11,3,0,"Y"
"2014","Hastie Lake South","2",1,6,6,1,0,"N"
"2014","Hastie Lake South","3",5,5,9,5,0,"Y"
"2014","Hastie Lake South","4",2,8,9,2,0,"N"
"2014","Hastie Lake South","5",4,7,11,5,1,"Y"
"2014","Hastie Lake South","6",5,8,12,5,0,"Y"
"2014","Hastie Lake South","7",1,7,7,1,0,"N"
"2014","Hastie Lake South","9",4,8,11,4,0,"Y"
"2014","Keystone","1",2,5,9,5,3,"Y"
"2014","Keystone","2",3,7,12,6,3,"Y"
"2014","Keystone","3",5,8,13,6,1,"Y"
"2014","Keystone","4",3,8,10,3,0,"Y"
"2014","Keystone","5",2,12,14,3,1,"Y"
"2014","Lagoon North #1","1",1,5,5,1,0,"N"
"2014","Lagoon North #1","1B",1,10,10,1,0,"N"
"2014","Lagoon North #1","1E",1,8,8,1,0,"N"
"2014","Lagoon North #1","8",2,8,10,3,1,"Y"
"2014","Lagoon North #2","2",1,6,6,1,0,"N"
"2014","Lagoon North #3","1B",1,9,9,1,0,"N"
"2014","Lagoon North #3","2",3,5,9,5,2,"Y"
"2014","Lagoon South","1A",3,5,9,5,2,"Y"
"2014","Lagoon South","2D",3,7,10,4,1,"Y"
"2014","Lagoon South","2H",1,6,6,1,0,"N"
"2014","Ledgewood","1",2,5,8,4,2,"Y"
"2014","Ledgewood","10",4,5,10,6,2,"Y"
"2014","Ledgewood","12",3,6,8,3,0,"Y"
"2014","Ledgewood","13",1,11,11,1,0,"N"
"2014","Ledgewood","16",3,7,10,4,1,"Y"
"2014","Ledgewood","2",4,6,9,4,0,"Y"
"2014","Malmo Bluff","1",1,4,4,1,0,"N"
"2014","Malmo Bluff","11",1,4,4,1,0,"N"
"2014","Malmo Bluff","12",1,4,4,1,0,"N"
"2014","Malmo Bluff","13",1,5,5,1,0,"N"
"2014","Malmo Bluff","14",2,6,7,2,0,"N"
"2014","Malmo Bluff","2",5,6,10,5,0,"Y"
"2014","Malmo Bluff","21",1,6,6,1,0,"N"
"2014","Malmo Bluff","25",2,7,8,2,0,"N"
"2014","Malmo Bluff","27",1,8,8,1,0,"N"
"2014","Malmo Bluff","3",2,10,12,3,1,"Y"
"2014","Malmo Bluff","4",2,5,7,3,1,"Y"
"2014","Malmo Bluff","5",1,10,10,1,0,"N"
"2014","Maylor Point","1",1,5,5,1,0,"N"
"2014","Maylor Point","2",4,5,10,6,2,"Y"
"2014","Maylor Point","3",4,5,10,6,2,"Y"
"2014","Maylor Point","6",1,11,11,1,0,"N"
"2014","Monroe Landing","1",3,7,10,4,1,"Y"
"2014","Mutiny Sands","10",5,5,11,7,2,"Y"
"2014","Mutiny Sands","12",1,8,8,1,0,"N"
"2014","Mutiny Sands","15",1,8,8,1,0,"N"
"2014","Mutiny Sands","16",2,8,9,2,0,"N"
"2014","Mutiny Sands","2",2,8,10,3,1,"Y"
"2014","Mutiny Sands","3",1,8,8,1,0,"N"
"2014","Mutiny Sands","4",1,10,10,1,0,"N"
"2014","Mutiny Sands","5",2,8,9,2,0,"N"
"2014","Mutiny Sands","6",3,9,12,4,1,"Y"
"2014","Mutiny Sands","9",4,7,12,6,2,"Y"
"2014","Possession Point","E1",4,7,10,4,0,"Y"
"2014","Possession Point","S2",4,8,14,7,3,"Y"
"2014","Pratts Bluff","1",3,4,8,5,2,"Y"
"2014","Pratts Bluff","10",2,7,9,3,1,"Y"
"2014","Pratts Bluff","12",2,6,7,2,0,"N"
"2014","Pratts Bluff","15",2,6,9,4,2,"Y"
"2014","Pratts Bluff","2",4,4,9,6,2,"Y"
"2014","Pratts Bluff","3",1,8,8,1,0,"N"
"2014","Pratts Bluff","4",3,8,10,3,0,"Y"
"2014","Pratts Bluff","5",1,8,8,1,0,"N"
"2014","Pratts Bluff","6",1,8,8,1,0,"N"
"2014","Pratts Bluff","8",1,6,6,1,0,"N"
"2014","Pratts Bluff","9",1,7,7,1,0,"N"
"2014","Rolling Hills #1","10",4,8,13,6,2,"Y"
"2014","Rolling Hills #1","11",4,6,11,6,2,"Y"
"2014","Rolling Hills #1","13",1,7,7,1,0,"N"
"2014","Rolling Hills #1","15",1,9,9,1,0,"N"
"2014","Rolling Hills #1","17",5,6,10,5,0,"Y"
"2014","Rolling Hills #1","18",2,9,10,2,0,"N"
"2014","Rolling Hills #1","2",1,9,9,1,0,"N"
"2014","Rolling Hills #1","3",1,8,8,1,0,"N"
"2014","Rolling Hills #1","4",4,7,10,4,0,"Y"
"2014","Rolling Hills #1","5",2,4,6,3,1,"Y"
"2014","Rolling Hills #1","8",2,4,7,4,2,"Y"
"2014","Rolling Hills #1","9",1,6,6,1,0,"N"
"2014","Rolling Hills #2","26",1,9,9,1,0,"N"
"2014","Rolling Hills #2","27a",3,10,13,4,1,"Y"
"2014","Rolling Hills #2","28",3,9,13,5,2,"Y"
"2014","Rolling Hills #2","32",3,8,10,3,0,"Y"
"2014","Rolling Hills #2","33",3,6,8,3,0,"Y"
"2014","Rolling Hills #3","50",2,5,8,4,2,"Y"
"2014","Rolling Hills #3","51",2,6,8,3,1,"Y"
"2014","Rolling Hills #3","52",4,6,9,4,0,"Y"
"2014","Shore Meadows","1",1,9,9,1,0,"N"
"2014","Shore Meadows","17",1,11,11,1,0,"N"
"2014","Shore Meadows","18",2,10,11,2,0,"N"
"2014","Shore Meadows","3",1,10,10,1,0,"N"
"2014","Shore Meadows","31",3,9,12,4,1,"Y"
"2014","Shore Meadows","32",3,12,14,3,0,"Y"
"2014","Shore Meadows","38",2,8,9,2,0,"N"
"2014","Shore Meadows","4",1,10,10,1,0,"N"
"2014","Shore Meadows","41",1,10,10,1,0,"N"
"2014","Shore Meadows","50",1,11,11,1,0,"N"
"2014","Shore Meadows","9",1,9,9,1,0,"N"
"2014","Swantown","1",2,6,7,2,0,"N"
"2014","Swantown","2",3,6,9,4,1,"Y"
"2014","Swantown","3",3,6,10,5,2,"Y"
"2014","Swantown","4",4,7,10,4,0,"Y"
"2014","Swantown","5",2,11,13,3,1,"Y"
"2014","Swantown","6",3,11,14,4,1,"Y"
"2014","Swantown","7",2,13,14,2,0,"N"
